participant.id_in_session,participant.code,participant.label,participant._is_bot,participant._index_in_pages,participant._max_page_index,participant._current_app_name,participant._current_page_name,participant.time_started_utc,participant.visited,participant.mturk_worker_id,participant.mturk_assignment_id,participant.payoff,player.id_in_group,player.role,player.payoff,player.prolific_ID,group.id_in_subsession,subsession.round_number,session.code,session.label,session.mturk_HITId,session.mturk_HITGroupId,session.comment,session.is_demo
1,u55bqbgq,5ed559e5afbd830e2117ed55,0,24,24,final_screen,EndOfExperiment,2021-12-13 18:04:56.213573,1,,,10.0,1,,0.0,5ed559e5afbd830e2117ed55,1,1,qd0ydl2t,,,,,0
2,2mxr8wk1,5607080ed7def20012b733c3,0,24,24,final_screen,EndOfExperiment,2021-12-13 18:05:00.273677,1,,,5.0,2,,0.0,5607080ed7def20012b733c3,1,1,qd0ydl2t,,,,,0
3,88kiqr9x,56e130548b1c33000a388671,0,24,24,final_screen,EndOfExperiment,2021-12-13 18:05:03.622286,1,,,9.0,3,,0.0,56e130548b1c33000a388671,1,1,qd0ydl2t,,,,,0
4,4xdn9uid,614e0825d40616c90ebc1d49,0,24,24,final_screen,EndOfExperiment,2021-12-13 18:05:04.749777,1,,,14.0,4,,0.0,614e0825d40616c90ebc1d49,1,1,qd0ydl2t,,,,,0
5,obx7d1nb,5ac4c721e1099600016a823b,0,24,24,final_screen,EndOfExperiment,2021-12-13 18:05:05.829690,1,,,7.0,5,,0.0,5ac4c721e1099600016a823b,1,1,qd0ydl2t,,,,,0
6,b6ert0e3,5dc592c6aa431440aa755d5b,0,24,24,final_screen,EndOfExperiment,2021-12-13 18:05:07.596210,1,,,5.0,6,,0.0,5dc592c6aa431440aa755d5b,1,1,qd0ydl2t,,,,,0
7,u8ixqpqg,5bd0d9bf25db7b0001786a5b,0,24,24,final_screen,EndOfExperiment,2021-12-13 18:05:07.846099,1,,,0.0,7,,0.0,5bd0d9bf25db7b0001786a5b,1,1,qd0ydl2t,,,,,0
8,q42c5yh6,5f77b0c71436cf1d275d79d0,0,24,24,final_screen,EndOfExperiment,2021-12-13 18:05:08.211954,1,,,5.0,8,,0.0,5f77b0c71436cf1d275d79d0,1,1,qd0ydl2t,,,,,0
9,9ryxnrou,60712d937752fb8780e89951,0,24,24,final_screen,EndOfExperiment,2021-12-13 18:05:09.077226,1,,,11.0,9,,0.0,60712d937752fb8780e89951,1,1,qd0ydl2t,,,,,0
10,ftalyn53,6111234ac8cfa49e38acbfb4,0,24,24,final_screen,EndOfExperiment,2021-12-13 18:05:09.987261,1,,,10.0,10,,0.0,6111234ac8cfa49e38acbfb4,1,1,qd0ydl2t,,,,,0
11,chd3ixpk,60e657938cf62fc6336423bb,0,24,24,final_screen,EndOfExperiment,2021-12-13 18:05:12.011412,1,,,5.0,11,,0.0,60e657938cf62fc6336423bb,1,1,qd0ydl2t,,,,,0
12,yqg8vbsw,606ccdcf683538f9d9419171,0,24,24,final_screen,EndOfExperiment,2021-12-13 18:05:12.082678,1,,,5.0,12,,0.0,606ccdcf683538f9d9419171,1,1,qd0ydl2t,,,,,0
13,2zkoy2m9,614f3f044ab295ed97809caa,0,24,24,final_screen,EndOfExperiment,2021-12-13 18:05:12.627660,1,,,5.0,13,,0.0,614f3f044ab295ed97809caa,1,1,qd0ydl2t,,,,,0
14,3dumg7cv,5f4912fc3c25512e73761c48,0,24,24,final_screen,EndOfExperiment,2021-12-13 18:05:12.936008,1,,,5.0,14,,0.0,5f4912fc3c25512e73761c48,1,1,qd0ydl2t,,,,,0
15,91ezcz1i,61366a0250ad37452b08b9a3,0,24,24,final_screen,EndOfExperiment,2021-12-13 18:05:13.818630,1,,,7.0,15,,0.0,61366a0250ad37452b08b9a3,1,1,qd0ydl2t,,,,,0
16,oxvwr0kc,56bfba439f7a1e000afdcba9,0,24,24,final_screen,EndOfExperiment,2021-12-13 18:05:13.974126,1,,,9.0,16,,0.0,56bfba439f7a1e000afdcba9,1,1,qd0ydl2t,,,,,0
17,kkwvut20,13gEOT731E6m9Z975LqnnOS7,0,1,24,introduction,ID,2021-12-13 18:05:16.312017,1,,,0.0,17,,0.0,,1,1,qd0ydl2t,,,,,0
18,w6ey8iay,5f08891e392f740a659bbc7d,0,24,24,final_screen,EndOfExperiment,2021-12-13 18:05:16.366014,1,,,5.0,18,,0.0,5f08891e392f740a659bbc7d,1,1,qd0ydl2t,,,,,0
19,93hm68l5,611688156f6d22853511ffb3,0,24,24,final_screen,EndOfExperiment,2021-12-13 18:05:17.129840,1,,,5.0,19,,0.0,611688156f6d22853511ffb3,1,1,qd0ydl2t,,,,,0
20,3g62b71b,6168a697ae9f4d8dcfada29b,0,24,24,final_screen,EndOfExperiment,2021-12-13 18:05:19.203515,1,,,5.0,20,,0.0,6168a697ae9f4d8dcfada29b,1,1,qd0ydl2t,,,,,0
21,mww9m1kw,55b424e1fdf99b526efcf8d0,0,24,24,final_screen,EndOfExperiment,2021-12-13 18:05:19.580758,1,,,9.0,21,,0.0,55b424e1fdf99b526efcf8d0,1,1,qd0ydl2t,,,,,0
22,kvsgoivs,614f24a17833e1e4b7184fae,0,24,24,final_screen,EndOfExperiment,2021-12-13 18:05:20.992190,1,,,5.0,22,,0.0,614f24a17833e1e4b7184fae,1,1,qd0ydl2t,,,,,0
23,uabtjl8z,57f2da5c6c19420001438d19,0,24,24,final_screen,EndOfExperiment,2021-12-13 18:05:21.862715,1,,,5.0,23,,0.0,57f2da5c6c19420001438d19,1,1,qd0ydl2t,,,,,0
24,8ejqe502,60ebd106ca635af4d76098cd,0,15,24,ultimatum_human_strategy,GroupWaitPage,2021-12-13 18:05:23.202446,1,,,0.0,24,,0.0,60ebd106ca635af4d76098cd,1,1,qd0ydl2t,,,,,0
25,96rtfup6,5f5452df72345118f58d187b,0,24,24,final_screen,EndOfExperiment,2021-12-13 18:05:34.896799,1,,,5.0,25,,0.0,5f5452df72345118f58d187b,1,1,qd0ydl2t,,,,,0
26,lqltbv1w,60fd7cb83d3fd9e74b6c9d43,0,24,24,final_screen,EndOfExperiment,2021-12-13 18:05:50.840576,1,,,5.0,26,,0.0,60fd7cb83d3fd9e74b6c9d43,1,1,qd0ydl2t,,,,,0
27,for23wln,5d42486206811e001ada5b4b,0,24,24,final_screen,EndOfExperiment,2021-12-13 18:06:15.164171,1,,,8.0,27,,0.0,5d42486206811e001ada5b4b,1,1,qd0ydl2t,,,,,0
28,64zpakgo,5e3adfc595ff562fbdd130fa,0,24,24,final_screen,EndOfExperiment,2021-12-13 18:06:58.690707,1,,,8.0,28,,0.0,5e3adfc595ff562fbdd130fa,1,1,qd0ydl2t,,,,,0
29,2d7yb6gn,60f19f3b96865df57e8444ce,0,24,24,final_screen,EndOfExperiment,2021-12-13 18:07:04.279554,1,,,7.0,29,,0.0,60f19f3b96865df57e8444ce,1,1,qd0ydl2t,,,,,0
30,kay5osy6,5f919a881f37510203a7a638,0,24,24,final_screen,EndOfExperiment,2021-12-13 18:07:35.711395,1,,,9.0,30,,0.0,5f919a881f37510203a7a638,1,1,qd0ydl2t,,,,,0
31,ephpbfz3,615ddab1e4f013092538b6c5,0,24,24,final_screen,EndOfExperiment,2021-12-13 18:08:03.028642,1,,,10.0,31,,0.0,615ddab1e4f013092538b6c5,1,1,qd0ydl2t,,,,,0
32,oaty9y89,5d612ae16512d700159face7,0,24,24,final_screen,EndOfExperiment,2021-12-13 18:08:05.255222,1,,,5.0,32,,0.0,5d612ae16512d700159face7,1,1,qd0ydl2t,,,,,0
33,zhrfysu3,5d1d073e2741ce0019113c67,0,24,24,final_screen,EndOfExperiment,2021-12-13 18:08:07.800655,1,,,14.0,33,,0.0,5d1d073e2741ce0019113c67,1,1,qd0ydl2t,,,,,0
34,o0i89mcf,59dc458f77860e000151240e,0,24,24,final_screen,EndOfExperiment,2021-12-13 18:08:09.537713,1,,,10.0,34,,0.0,59dc458f77860e000151240e,1,1,qd0ydl2t,,,,,0
35,o37ez5sz,5be6e664d86075000145bf44,0,24,24,final_screen,EndOfExperiment,2021-12-13 18:08:11.379382,1,,,5.0,35,,0.0,5be6e664d86075000145bf44,1,1,qd0ydl2t,,,,,0
36,hrevkl7n,5dc9a8c72e81ea87179e0f55,0,24,24,final_screen,EndOfExperiment,2021-12-13 18:08:12.135017,1,,,5.0,36,,0.0,5dc9a8c72e81ea87179e0f55,1,1,qd0ydl2t,,,,,0
37,6tas2bg4,5e14d563c4e155ae93907ae1,0,24,24,final_screen,EndOfExperiment,2021-12-13 18:08:12.719027,1,,,5.0,37,,0.0,5e14d563c4e155ae93907ae1,1,1,qd0ydl2t,,,,,0
38,5rc6hefk,5f4a7a00dc1bde60ab8f7ac5,0,24,24,final_screen,EndOfExperiment,2021-12-13 18:08:13.641402,1,,,0.0,38,,0.0,5f4a7a00dc1bde60ab8f7ac5,1,1,qd0ydl2t,,,,,0
39,c46txdt2,60fcd7c233a5e135b4965e06,0,24,24,final_screen,EndOfExperiment,2021-12-13 18:08:14.466887,1,,,8.0,39,,0.0,60fcd7c233a5e135b4965e06,1,1,qd0ydl2t,,,,,0
40,nfyp9en3,5fe76396a4feb05bf1629a6c,0,24,24,final_screen,EndOfExperiment,2021-12-13 18:08:15.905195,1,,,7.0,40,,0.0,5fe76396a4feb05bf1629a6c,1,1,qd0ydl2t,,,,,0
41,h3c2ynv3,5c5aecc774a76f0001a25ced,0,24,24,final_screen,EndOfExperiment,2021-12-13 18:08:16.507112,1,,,9.0,41,,0.0,5c5aecc774a76f0001a25ced,1,1,qd0ydl2t,,,,,0
42,68sjnjx9,60ff82f49fbecec33107d890,0,24,24,final_screen,EndOfExperiment,2021-12-13 18:08:16.805187,1,,,9.0,42,,0.0,60ff82f49fbecec33107d890,1,1,qd0ydl2t,,,,,0
43,89c50ntb,56bb6812bf2129000b53ce26,0,24,24,final_screen,EndOfExperiment,2021-12-13 18:08:17.640983,1,,,5.0,43,,0.0,56bb6812bf2129000b53ce26,1,1,qd0ydl2t,,,,,0
44,0hd8scwh,6074b929f753216d88c77e88,0,24,24,final_screen,EndOfExperiment,2021-12-13 18:08:20.088134,1,,,10.0,44,,0.0,6074b929f753216d88c77e88,1,1,qd0ydl2t,,,,,0
45,6vadzsod,5d5f07cdca10e90016bc0103,0,24,24,final_screen,EndOfExperiment,2021-12-13 18:08:20.720658,1,,,14.0,45,,0.0,5d5f07cdca10e90016bc0103,1,1,qd0ydl2t,,,,,0
46,uwodntza,6108649840bf2b927ef3905c,0,24,24,final_screen,EndOfExperiment,2021-12-13 18:08:21.618188,1,,,5.0,46,,0.0,6108649840bf2b927ef3905c,1,1,qd0ydl2t,,,,,0
47,ne8pi757,60ff33eea57872b7188f12e2,0,24,24,final_screen,EndOfExperiment,2021-12-13 18:08:22.418779,1,,,5.0,47,,0.0,60ff33eea57872b7188f12e2,1,1,qd0ydl2t,,,,,0
48,gnuvi24w,604fe822b095421e07e3f93e,0,24,24,final_screen,EndOfExperiment,2021-12-13 18:08:24.189549,1,,,5.0,48,,0.0,604fe822b095421e07e3f93e,1,1,qd0ydl2t,,,,,0
49,u9dofqju,614e6cb7ae405c4deb45b906,0,24,24,final_screen,EndOfExperiment,2021-12-13 18:08:24.960197,1,,,0.0,49,,0.0,614e6cb7ae405c4deb45b906,1,1,qd0ydl2t,,,,,0
50,0u9tb2t4,5cbe04b4f429ff00159de30e,0,24,24,final_screen,EndOfExperiment,2021-12-13 18:08:26.096919,1,,,5.0,50,,0.0,5cbe04b4f429ff00159de30e,1,1,qd0ydl2t,,,,,0
51,szhfg4f2,55b67c31fdf99b26b999cc1e,0,24,24,final_screen,EndOfExperiment,2021-12-13 18:08:26.533274,1,,,11.0,51,,0.0,55b67c31fdf99b26b999cc1e,1,1,qd0ydl2t,,,,,0
52,0k0jts07,61743e9dc0bc8b79dc07f38b,0,24,24,final_screen,EndOfExperiment,2021-12-13 18:08:26.915317,1,,,10.0,52,,0.0,61743e9dc0bc8b79dc07f38b,1,1,qd0ydl2t,,,,,0
53,6yidezg1,600c63a5dfb7171357a02440,0,24,24,final_screen,EndOfExperiment,2021-12-13 18:08:26.956081,1,,,5.0,53,,0.0,600c63a5dfb7171357a02440,1,1,qd0ydl2t,,,,,0
54,49khy4ar,60e9af9a43403df7e5194222,0,24,24,final_screen,EndOfExperiment,2021-12-13 18:08:28.973966,1,,,5.0,54,,0.0,60e9af9a43403df7e5194222,1,1,qd0ydl2t,,,,,0
55,6bykl86q,5ff51b9e26fd088147de9b26,0,24,24,final_screen,EndOfExperiment,2021-12-13 18:08:28.802139,1,,,5.0,55,,0.0,5ff51b9e26fd088147de9b26,1,1,qd0ydl2t,,,,,0
56,a9aiy57z,5f6e2f793c9b1032dbe72def,0,24,24,final_screen,EndOfExperiment,2021-12-13 18:09:16.769427,1,,,6.0,56,,0.0,5f6e2f793c9b1032dbe72def,1,1,qd0ydl2t,,,,,0
57,xco122d2,6166c0eb123b6e8b34628249,0,24,24,final_screen,EndOfExperiment,2021-12-13 18:09:30.075890,1,,,9.0,57,,0.0,6166c0eb123b6e8b34628249,1,1,qd0ydl2t,,,,,0
58,p003be6b,5c0727ff1d461400012b61ee,0,24,24,final_screen,EndOfExperiment,2021-12-13 18:10:45.347984,1,,,5.0,58,,0.0,5c0727ff1d461400012b61ee,1,1,qd0ydl2t,,,,,0
59,e9qgbk37,58c1ce3c3783090001b49355,0,24,24,final_screen,EndOfExperiment,2021-12-13 18:10:48.942519,1,,,2.0,59,,0.0,58c1ce3c3783090001b49355,1,1,qd0ydl2t,,,,,0
60,5s6zizk2,60ff0c8a83c4bf36bf52df28,0,24,24,final_screen,EndOfExperiment,2021-12-13 18:10:49.293828,1,,,0.0,60,,0.0,60ff0c8a83c4bf36bf52df28,1,1,qd0ydl2t,,,,,0
61,9er92lpd,61648bb6ad1eceeee2c056ee,0,24,24,final_screen,EndOfExperiment,2021-12-13 18:10:49.415088,1,,,4.0,61,,0.0,61648bb6ad1eceeee2c056ee,1,1,qd0ydl2t,,,,,0
62,kllboxqu,5aeeb4903c80f200013af2ed,0,3,24,dictator_human,GroupWaitPage,2021-12-13 18:10:50.443384,1,,,0.0,62,,0.0,5aeeb4903c80f200013af2ed,1,1,qd0ydl2t,,,,,0
63,1eufia3o,56210effed6e5a000ac7f3a5,0,24,24,final_screen,EndOfExperiment,2021-12-13 18:10:52.128518,1,,,8.0,63,,0.0,56210effed6e5a000ac7f3a5,1,1,qd0ydl2t,,,,,0
64,hnwichw4,6123c6bc3055eec90f7dbabb,0,24,24,final_screen,EndOfExperiment,2021-12-13 18:10:52.433462,1,,,8.0,64,,0.0,6123c6bc3055eec90f7dbabb,1,1,qd0ydl2t,,,,,0
65,8yvcncm0,5f3c6e44dc97f2aee9a67c7b,0,24,24,final_screen,EndOfExperiment,2021-12-13 18:10:56.458836,1,,,9.0,65,,0.0,5f3c6e44dc97f2aee9a67c7b,1,1,qd0ydl2t,,,,,0
66,gq5sauwh,6085bb66296b0a411198d8fd,0,1,24,introduction,ID,2021-12-13 18:10:56.872483,1,,,0.0,66,,0.0,,1,1,qd0ydl2t,,,,,0
67,vh0q9k88,591d369e88bbb500013a8517,0,24,24,final_screen,EndOfExperiment,2021-12-13 18:10:57.354330,1,,,10.0,67,,0.0,591d369e88bbb500013a8517,1,1,qd0ydl2t,,,,,0
68,9epq8pg4,60fd6ea5d5e5f804bb6fc4cf,0,24,24,final_screen,EndOfExperiment,2021-12-13 18:10:57.347256,1,,,5.0,68,,0.0,60fd6ea5d5e5f804bb6fc4cf,1,1,qd0ydl2t,,,,,0
69,6j8din3g,5ea77b0161f86b151f475c8f,0,24,24,final_screen,EndOfExperiment,2021-12-13 18:10:57.527078,1,,,20.0,69,,0.0,5ea77b0161f86b151f475c8f,1,1,qd0ydl2t,,,,,0
70,9vfequ19,60fdd7f6ec1fd96d3c3a2b7a,0,24,24,final_screen,EndOfExperiment,2021-12-13 18:10:57.900585,1,,,0.0,70,,0.0,60fdd7f6ec1fd96d3c3a2b7a,1,1,qd0ydl2t,,,,,0
71,esfemhmo,56f9364e895094000c8f4967,0,24,24,final_screen,EndOfExperiment,2021-12-13 18:10:58.377159,1,,,7.0,71,,0.0,56f9364e895094000c8f4967,1,1,qd0ydl2t,,,,,0
72,luqzin4e,6153cc9cd8ac0521250d0009,0,24,24,final_screen,EndOfExperiment,2021-12-13 18:10:59.882727,1,,,9.0,72,,0.0,6153cc9cd8ac0521250d0009,1,1,qd0ydl2t,,,,,0
73,vnn258un,6102c8ad26a015adcd8aaac4,0,24,24,final_screen,EndOfExperiment,2021-12-13 18:10:59.735566,1,,,0.0,73,,0.0,6102c8ad26a015adcd8aaac4,1,1,qd0ydl2t,,,,,0
74,xhhvvfu0,5ad4a9f30f5d3900016a4d8b,0,3,24,dictator_human,GroupWaitPage,2021-12-13 18:10:59.889908,1,,,0.0,74,,0.0,5ad4a9f30f5d3900016a4d8b,1,1,qd0ydl2t,,,,,0
75,rfj7sire,5f4af15a0add63150e16e55a,0,24,24,final_screen,EndOfExperiment,2021-12-13 18:11:00.090262,1,,,8.0,75,,0.0,5f4af15a0add63150e16e55a,1,1,qd0ydl2t,,,,,0
76,agoqbey3,58e79ac632bebb0001b741ec,0,24,24,final_screen,EndOfExperiment,2021-12-13 18:11:00.111491,1,,,12.0,76,,0.0,58e79ac632bebb0001b741ec,1,1,qd0ydl2t,,,,,0
77,qw17mgq7,5dc59aea37023940a0860dea,0,24,24,final_screen,EndOfExperiment,2021-12-13 18:11:00.244621,1,,,5.0,77,,0.0,5dc59aea37023940a0860dea,1,1,qd0ydl2t,,,,,0
78,z1p5j460,61688317772399d5e4bdcd13,0,24,24,final_screen,EndOfExperiment,2021-12-13 18:11:01.664267,1,,,5.0,78,,0.0,61688317772399d5e4bdcd13,1,1,qd0ydl2t,,,,,0
79,w9io4w7e,5c4fa169ee5ae100010a2057,0,24,24,final_screen,EndOfExperiment,2021-12-13 18:11:02.903566,1,,,5.0,79,,0.0,5c4fa169ee5ae100010a2057,1,1,qd0ydl2t,,,,,0
80,82oiyban,61643da0ffad2d01e7b988b5,0,24,24,final_screen,EndOfExperiment,2021-12-13 18:11:03.677059,1,,,5.0,80,,0.0,61643da0ffad2d01e7b988b5,1,1,qd0ydl2t,,,,,0
81,dmclsyyo,5f3ac1732efa0a74f975b1a8,0,24,24,final_screen,EndOfExperiment,2021-12-13 18:11:05.471791,1,,,14.0,81,,0.0,5f3ac1732efa0a74f975b1a8,1,1,qd0ydl2t,,,,,0
82,8i481afx,601e1253bbecc3279e4fb472,0,24,24,final_screen,EndOfExperiment,2021-12-13 18:11:10.584757,1,,,10.0,82,,0.0,601e1253bbecc3279e4fb472,1,1,qd0ydl2t,,,,,0
83,u8wx92id,61088c529cff73b187d19e6d,0,24,24,final_screen,EndOfExperiment,2021-12-13 18:11:15.665505,1,,,5.0,83,,0.0,61088c529cff73b187d19e6d,1,1,qd0ydl2t,,,,,0
84,tqq8tw11,616d9ef881036dfbfd63d2f4,0,15,24,ultimatum_human_strategy,GroupWaitPage,2021-12-13 18:11:21.989075,1,,,0.0,84,,0.0,616d9ef881036dfbfd63d2f4,1,1,qd0ydl2t,,,,,0
85,2fq6wncr,5f69f9dbe18c880116b0f178,0,24,24,final_screen,EndOfExperiment,2021-12-13 18:11:24.895495,1,,,5.0,85,,0.0,5f69f9dbe18c880116b0f178,1,1,qd0ydl2t,,,,,0
86,e9xv7r9a,615efd1df11a7d21f0f12f68,0,24,24,final_screen,EndOfExperiment,2021-12-13 18:11:25.570212,1,,,10.0,86,,0.0,615efd1df11a7d21f0f12f68,1,1,qd0ydl2t,,,,,0
87,yweb1me0,58a50aebbb9e0f0001aca2a7,0,24,24,final_screen,EndOfExperiment,2021-12-13 18:12:04.830789,1,,,0.0,87,,0.0,58a50aebbb9e0f0001aca2a7,1,1,qd0ydl2t,,,,,0
88,mf9cno75,568e7144e3ef9e000da20149,0,24,24,final_screen,EndOfExperiment,2021-12-13 18:12:59.806459,1,,,20.0,88,,0.0,568e7144e3ef9e000da20149,1,1,qd0ydl2t,,,,,0
89,xpw8xhd6,5ea90a840928983752c88275,0,24,24,final_screen,EndOfExperiment,2021-12-13 18:13:48.099298,1,,,7.0,89,,0.0,5ea90a840928983752c88275,1,1,qd0ydl2t,,,,,0
90,cz5zdcya,60fc7d423aa600bbb01b7813,0,24,24,final_screen,EndOfExperiment,2021-12-13 18:13:52.126950,1,,,5.0,90,,0.0,60fc7d423aa600bbb01b7813,1,1,qd0ydl2t,,,,,0
91,yvq2p5z2,6095a3cfda27eb98bb3b74f0,0,24,24,final_screen,EndOfExperiment,2021-12-13 18:14:05.878342,1,,,5.0,91,,0.0,6095a3cfda27eb98bb3b74f0,1,1,qd0ydl2t,,,,,0
92,nel7r0km,616f727b03e888e0f8213eec,0,24,24,final_screen,EndOfExperiment,2021-12-13 18:15:36.099054,1,,,0.0,92,,0.0,616f727b03e888e0f8213eec,1,1,qd0ydl2t,,,,,0
93,sv2wvcor,5a0b8d4c7ecfc50001be130d,0,24,24,final_screen,EndOfExperiment,2021-12-13 19:03:55.970995,1,,,8.0,93,,0.0,5a0b8d4c7ecfc50001be130d,1,1,qd0ydl2t,,,,,0
94,mtpnnixp,5af7094225561e00013acd70,0,24,24,final_screen,EndOfExperiment,2021-12-13 19:03:58.946639,1,,,8.0,94,,0.0,5af7094225561e00013acd70,1,1,qd0ydl2t,,,,,0
95,mu9j8amj,5b6259be5256470001bd0c6d,0,24,24,final_screen,EndOfExperiment,2021-12-13 19:03:59.170193,1,,,7.0,95,,0.0,5b6259be5256470001bd0c6d,1,1,qd0ydl2t,,,,,0
96,z8jozpro,5eaef287fb863f5c922abad9,0,24,24,final_screen,EndOfExperiment,2021-12-13 19:03:59.412278,1,,,5.0,96,,0.0,5eaef287fb863f5c922abad9,1,1,qd0ydl2t,,,,,0
97,sg198n29,5c4684826a7dbc00017c0a87,0,24,24,final_screen,EndOfExperiment,2021-12-13 19:04:00.393404,1,,,10.0,97,,0.0,5c4684826a7dbc00017c0a87,1,1,qd0ydl2t,,,,,0
98,lijanq5r,5f969b802a498b000aab2571,0,24,24,final_screen,EndOfExperiment,2021-12-13 19:04:01.592382,1,,,6.0,98,,0.0,5f969b802a498b000aab2571,1,1,qd0ydl2t,,,,,0
99,n4wpbh9w,5e24fbd4e1f467771c234e5f,0,24,24,final_screen,EndOfExperiment,2021-12-13 19:04:02.172850,1,,,9.0,99,,0.0,5e24fbd4e1f467771c234e5f,1,1,qd0ydl2t,,,,,0
100,jvfuq5o8,57d0a0bee3221e00015fe385,0,24,24,final_screen,EndOfExperiment,2021-12-13 19:04:02.931282,1,,,11.0,100,,0.0,57d0a0bee3221e00015fe385,1,1,qd0ydl2t,,,,,0
101,lgcx82ab,5f16f559325a640008bb9a07,0,24,24,final_screen,EndOfExperiment,2021-12-13 19:04:03.453300,1,,,2.0,101,,0.0,5f16f559325a640008bb9a07,1,1,qd0ydl2t,,,,,0
102,x38cyic5,5ff591cba89e1b000bfb9852,0,24,24,final_screen,EndOfExperiment,2021-12-13 19:04:03.412675,1,,,0.0,102,,0.0,5ff591cba89e1b000bfb9852,1,1,qd0ydl2t,,,,,0
103,2yb4bpaa,5a78e410ae9a0b0001a97274,0,24,24,final_screen,EndOfExperiment,2021-12-13 19:04:03.550935,1,,,0.0,103,,0.0,5a78e410ae9a0b0001a97274,1,1,qd0ydl2t,,,,,0
104,1ygcliwl,5589c7cefdf99b18bd86cf31,0,24,24,final_screen,EndOfExperiment,2021-12-13 19:04:04.697536,1,,,10.0,104,,0.0,5589c7cefdf99b18bd86cf31,1,1,qd0ydl2t,,,,,0
105,vw3q8t1s,5bc0ac845a09ea00012e2d30,0,24,24,final_screen,EndOfExperiment,2021-12-13 19:04:04.705635,1,,,5.0,105,,0.0,5bc0ac845a09ea00012e2d30,1,1,qd0ydl2t,,,,,0
106,mfipp5xl,5c935d881754ba001b25697a,0,24,24,final_screen,EndOfExperiment,2021-12-13 19:04:05.381755,1,,,10.0,106,,0.0,5c935d881754ba001b25697a,1,1,qd0ydl2t,,,,,0
107,6hxf6bfi,5adeb4e9f6b58c0001fa70aa,0,24,24,final_screen,EndOfExperiment,2021-12-13 19:04:08.913389,1,,,2.0,107,,0.0,5adeb4e9f6b58c0001fa70aa,1,1,qd0ydl2t,,,,,0
108,lsszarjh,5993020a5f49420001caf86b,0,24,24,final_screen,EndOfExperiment,2021-12-13 19:04:09.095745,1,,,4.0,108,,0.0,5993020a5f49420001caf86b,1,1,qd0ydl2t,,,,,0
109,ysc121oj,5fefa70c30cadfb105b65915,0,24,24,final_screen,EndOfExperiment,2021-12-13 19:04:09.638753,1,,,5.0,109,,0.0,5fefa70c30cadfb105b65915,1,1,qd0ydl2t,,,,,0
110,jhshxvc7,614e2a0633223cd40a849ee3,0,24,24,final_screen,EndOfExperiment,2021-12-13 19:04:09.951214,1,,,5.0,110,,0.0,614e2a0633223cd40a849ee3,1,1,qd0ydl2t,,,,,0
111,tbcurf3e,588e8b95670d6600012bd8dc,0,24,24,final_screen,EndOfExperiment,2021-12-13 19:04:10.001510,1,,,15.0,111,,0.0,588e8b95670d6600012bd8dc,1,1,qd0ydl2t,,,,,0
112,e3t32v3x,5d37d2861566530016a061de,0,24,24,final_screen,EndOfExperiment,2021-12-13 19:04:10.477684,1,,,11.0,112,,0.0,5d37d2861566530016a061de,1,1,qd0ydl2t,,,,,0
113,mec8hjey,56f7982b35c4760006278c61,0,24,24,final_screen,EndOfExperiment,2021-12-13 19:04:10.430003,1,,,9.0,113,,0.0,56f7982b35c4760006278c61,1,1,qd0ydl2t,,,,,0
114,lbbr4acw,6111986f4a5008037f6fe7f5,0,24,24,final_screen,EndOfExperiment,2021-12-13 19:04:11.361859,1,,,5.0,114,,0.0,6111986f4a5008037f6fe7f5,1,1,qd0ydl2t,,,,,0
115,ltqflwzf,5f5353ff017c5965165df065,0,24,24,final_screen,EndOfExperiment,2021-12-13 19:04:12.525692,1,,,4.0,115,,0.0,5f5353ff017c5965165df065,1,1,qd0ydl2t,,,,,0
116,msuhjscb,6101c2aaf8555a745cfb472b,0,24,24,final_screen,EndOfExperiment,2021-12-13 19:04:13.803415,1,,,5.0,116,,0.0,6101c2aaf8555a745cfb472b,1,1,qd0ydl2t,,,,,0
117,cmcp2nj1,61006ef97b3147b00cccf8cd,0,24,24,final_screen,EndOfExperiment,2021-12-13 19:04:14.443835,1,,,7.0,117,,0.0,61006ef97b3147b00cccf8cd,1,1,qd0ydl2t,,,,,0
118,yzor1xqf,569cffa09e8363000c3087cd,0,24,24,final_screen,EndOfExperiment,2021-12-13 19:04:14.906508,1,,,7.0,118,,0.0,569cffa09e8363000c3087cd,1,1,qd0ydl2t,,,,,0
119,mud4eavm,5f03ba3355b1f25f0e07a7ff,0,24,24,final_screen,EndOfExperiment,2021-12-13 19:04:18.564602,1,,,0.0,119,,0.0,5f03ba3355b1f25f0e07a7ff,1,1,qd0ydl2t,,,,,0
120,zy65yaay,5d83c1e911cb3a0001570ea4,0,24,24,final_screen,EndOfExperiment,2021-12-13 19:04:22.869065,1,,,0.0,120,,0.0,5d83c1e911cb3a0001570ea4,1,1,qd0ydl2t,,,,,0
121,byoz9p3d,5dd352c51c219b35931aefd1,0,24,24,final_screen,EndOfExperiment,2021-12-13 19:04:49.905442,1,,,5.0,121,,0.0,5dd352c51c219b35931aefd1,1,1,qd0ydl2t,,,,,0
122,iue3q9v1,6107047fbafeaf147ba228c0,0,24,24,final_screen,EndOfExperiment,2021-12-13 19:05:39.812904,1,,,5.0,122,,0.0,6107047fbafeaf147ba228c0,1,1,qd0ydl2t,,,,,0
123,irczu8lq,611c566a4412b71fd8fb5e20,0,24,24,final_screen,EndOfExperiment,2021-12-13 19:05:57.585906,1,,,9.0,123,,0.0,611c566a4412b71fd8fb5e20,1,1,qd0ydl2t,,,,,0
124,2xmfs16y,5bbf916162b9aa00011466a3,0,24,24,final_screen,EndOfExperiment,2021-12-13 19:07:30.304290,1,,,7.0,124,,0.0,243AD98C,1,1,qd0ydl2t,,,,,0
125,vpinomlh,60860909dc3bd4f7efeaef14,0,24,24,final_screen,EndOfExperiment,2021-12-13 19:07:31.573169,1,,,5.0,125,,0.0,60860909dc3bd4f7efeaef14,1,1,qd0ydl2t,,,,,0
126,2kv6716x,57dd1a741334540001170404,0,24,24,final_screen,EndOfExperiment,2021-12-13 19:07:41.293983,1,,,5.0,126,,0.0,57dd1a741334540001170404,1,1,qd0ydl2t,,,,,0
127,xepotbdr,61573df2a779b544c3729b54,0,24,24,final_screen,EndOfExperiment,2021-12-13 19:07:54.617726,1,,,5.0,127,,0.0,61573df2a779b544c3729b54,1,1,qd0ydl2t,,,,,0
128,1va28dii,6125b040ffa3c0b9e67b92c9,0,24,24,final_screen,EndOfExperiment,2021-12-13 19:09:13.607291,1,,,0.0,128,,0.0,6125b040ffa3c0b9e67b92c9,1,1,qd0ydl2t,,,,,0
129,kt95kpry,561bbdf9811d22000df3138a,0,24,24,final_screen,EndOfExperiment,2021-12-13 19:14:55.956613,1,,,14.0,129,,0.0,561bbdf9811d22000df3138a,1,1,qd0ydl2t,,,,,0
130,j1q2iv7q,5685850c333cbd000d4e042f,0,24,24,final_screen,EndOfExperiment,2021-12-13 19:16:52.777637,1,,,10.0,130,,0.0,5685850c333cbd000d4e042f,1,1,qd0ydl2t,,,,,0
131,8z1q5fo3,5ed88b61ff2fef399ca66d92,0,24,24,final_screen,EndOfExperiment,2021-12-13 19:25:13.295058,1,,,5.0,131,,0.0,5ed88b61ff2fef399ca66d92,1,1,qd0ydl2t,,,,,0
132,q580hxva,600c66fafe6f05135db8ede9,0,24,24,final_screen,EndOfExperiment,2021-12-13 19:25:13.219521,1,,,5.0,132,,0.0,600c66fafe6f05135db8ede9,1,1,qd0ydl2t,,,,,0
133,skduf90n,615d051e2366aeb051acb734,0,24,24,final_screen,EndOfExperiment,2021-12-13 19:25:14.386635,1,,,5.0,133,,0.0,615d051e2366aeb051acb734,1,1,qd0ydl2t,,,,,0
134,lr6bt3x0,5f121091e95fdc03b5e897d0,0,24,24,final_screen,EndOfExperiment,2021-12-13 19:25:14.909302,1,,,5.0,134,,0.0,5f121091e95fdc03b5e897d0,1,1,qd0ydl2t,,,,,0
135,e7x9xfd1,611ff6cc935b6de3fff0b896,0,24,24,final_screen,EndOfExperiment,2021-12-13 19:25:15.324131,1,,,14.0,135,,0.0,611ff6cc935b6de3fff0b896,1,1,qd0ydl2t,,,,,0
136,wig7cwr2,610c255527970227a005623e,0,24,24,final_screen,EndOfExperiment,2021-12-13 19:25:15.472972,1,,,10.0,136,,0.0,610c255527970227a005623e,1,1,qd0ydl2t,,,,,0
137,t84snq20,59a1ddac5dfd6b000152601f,0,24,24,final_screen,EndOfExperiment,2021-12-13 19:25:16.527689,1,,,2.0,137,,0.0,59a1ddac5dfd6b000152601f,1,1,qd0ydl2t,,,,,0
138,c8dgacxs,5c1655c7ad682500017070d2,0,24,24,final_screen,EndOfExperiment,2021-12-13 19:25:17.347598,1,,,5.0,138,,0.0,5c1655c7ad682500017070d2,1,1,qd0ydl2t,,,,,0
139,fsiu2x0c,61562037d8d42a74687762c6,0,24,24,final_screen,EndOfExperiment,2021-12-13 19:25:17.599569,1,,,5.0,139,,0.0,61562037d8d42a74687762c6,1,1,qd0ydl2t,,,,,0
140,ydgumf0b,613536e3238caf9fc20ea9e7,0,24,24,final_screen,EndOfExperiment,2021-12-13 19:25:19.229946,1,,,5.0,140,,0.0,613536e3238caf9fc20ea9e7,1,1,qd0ydl2t,,,,,0
141,vl363n9i,5d5181fc842e8600171e5a78,0,24,24,final_screen,EndOfExperiment,2021-12-13 19:25:22.116014,1,,,4.0,141,,0.0,5d5181fc842e8600171e5a78,1,1,qd0ydl2t,,,,,0
142,3zreuv7l,5643708f942576000b66ec22,0,24,24,final_screen,EndOfExperiment,2021-12-13 19:25:22.980988,1,,,11.0,142,,0.0,5643708f942576000b66ec22,1,1,qd0ydl2t,,,,,0
143,2u8ezvac,56f2319af2df32000d8fb1a4,0,24,24,final_screen,EndOfExperiment,2021-12-13 19:25:23.656500,1,,,7.0,143,,0.0,56f2319af2df32000d8fb1a4,1,1,qd0ydl2t,,,,,0
144,2if927q2,60fce0fcf9abe7218c789734,0,24,24,final_screen,EndOfExperiment,2021-12-13 19:25:24.439952,1,,,5.0,144,,0.0,60fce0fcf9abe7218c789734,1,1,qd0ydl2t,,,,,0
145,odbmfwqz,614e1095303040298701c095,0,24,24,final_screen,EndOfExperiment,2021-12-13 19:25:26.533647,1,,,5.0,145,,0.0,614e1095303040298701c095,1,1,qd0ydl2t,,,,,0
146,av8x9511,6150840e2b45145c1520efeb,0,24,24,final_screen,EndOfExperiment,2021-12-13 19:25:27.029934,1,,,5.0,146,,0.0,6150840e2b45145c1520efeb,1,1,qd0ydl2t,,,,,0
147,7tofbjl5,5f5b0f1be585c32184a4cf35,0,24,24,final_screen,EndOfExperiment,2021-12-13 19:25:26.964388,1,,,9.0,147,,0.0,5f5b0f1be585c32184a4cf35,1,1,qd0ydl2t,,,,,0
148,ejgw4dpk,616ed044985dca605e572d22,0,24,24,final_screen,EndOfExperiment,2021-12-13 19:25:29.124235,1,,,9.0,148,,0.0,616ed044985dca605e572d22,1,1,qd0ydl2t,,,,,0
149,xl2t38vp,613930f9c3c440ef9a34bf02,0,24,24,final_screen,EndOfExperiment,2021-12-13 19:25:29.897734,1,,,9.0,149,,0.0,613930f9c3c440ef9a34bf02,1,1,qd0ydl2t,,,,,0
150,00h5bvn6,590208c89571f50001c666e3,0,24,24,final_screen,EndOfExperiment,2021-12-13 19:25:29.774064,1,,,5.0,150,,0.0,590208c89571f50001c666e3,1,1,qd0ydl2t,,,,,0
151,ccq98vwt,6058bee6f83bac3e977d4c0b,0,24,24,final_screen,EndOfExperiment,2021-12-13 19:25:30.409704,1,,,10.0,151,,0.0,6058bee6f83bac3e977d4c0b,1,1,qd0ydl2t,,,,,0
152,ybcfvf1p,5ec9fb7d111ab7533578399d,0,24,24,final_screen,EndOfExperiment,2021-12-13 19:25:31.010192,1,,,5.0,152,,0.0,5ec9fb7d111ab7533578399d,1,1,qd0ydl2t,,,,,0
153,980wem25,5cb62e9293342300017a72a1,0,24,24,final_screen,EndOfExperiment,2021-12-13 19:25:34.254122,1,,,8.0,153,,0.0,5cb62e9293342300017a72a1,1,1,qd0ydl2t,,,,,0
154,2zaozzf5,5ec329937b846b182b00509c,0,24,24,final_screen,EndOfExperiment,2021-12-13 19:25:35.037352,1,,,15.0,154,,0.0,5ec329937b846b182b00509c,1,1,qd0ydl2t,,,,,0
155,613xyzfc,60c4e1091b936c7b812e5af4,0,24,24,final_screen,EndOfExperiment,2021-12-13 19:25:36.727359,1,,,5.0,155,,0.0,60c4e1091b936c7b812e5af4,1,1,qd0ydl2t,,,,,0
156,004x5qbb,615bbe1b45c3c2e904778bce,0,24,24,final_screen,EndOfExperiment,2021-12-13 19:25:43.045696,1,,,7.0,156,,0.0,615bbe1b45c3c2e904778bce,1,1,qd0ydl2t,,,,,0
157,qmri60lo,60d7d5dc074e8bc367732eb6,0,24,24,final_screen,EndOfExperiment,2021-12-13 19:25:45.558927,1,,,0.0,157,,0.0,60d7d5dc074e8bc367732eb6,1,1,qd0ydl2t,,,,,0
158,vof4sij4,5d7ff85ffec5620017b07c40,0,24,24,final_screen,EndOfExperiment,2021-12-13 19:25:46.819323,1,,,5.0,158,,0.0,5d7ff85ffec5620017b07c40,1,1,qd0ydl2t,,,,,0
159,gj4zstza,5f36bde6d3369c0cadac39bf,0,24,24,final_screen,EndOfExperiment,2021-12-13 19:25:56.025292,1,,,6.0,159,,0.0,5f36bde6d3369c0cadac39bf,1,1,qd0ydl2t,,,,,0
160,zxxdc9ro,601478ee2d7cc94b1f1855ec,0,24,24,final_screen,EndOfExperiment,2021-12-13 19:26:03.040166,1,,,9.0,160,,0.0,601478ee2d7cc94b1f1855ec,1,1,qd0ydl2t,,,,,0
161,8om0ndzs,611157c508ec60f3cfb2628e,0,24,24,final_screen,EndOfExperiment,2021-12-13 19:26:06.652372,1,,,5.0,161,,0.0,611157c508ec60f3cfb2628e,1,1,qd0ydl2t,,,,,0
162,wctpvxij,5d548912e1c7130018e019dc,0,24,24,final_screen,EndOfExperiment,2021-12-13 19:26:09.577414,1,,,5.0,162,,0.0,5d548912e1c7130018e019dc,1,1,qd0ydl2t,,,,,0
163,lpehbsgv,5f5107258dac162ba31673d1,0,24,24,final_screen,EndOfExperiment,2021-12-13 19:26:31.227477,1,,,7.0,163,,0.0,5f5107258dac162ba31673d1,1,1,qd0ydl2t,,,,,0
164,qj1g2oh6,61076aea3f9aa048a71a4c8d,0,24,24,final_screen,EndOfExperiment,2021-12-13 19:26:49.866462,1,,,3.0,164,,0.0,61076aea3f9aa048a71a4c8d,1,1,qd0ydl2t,,,,,0
165,y71npum7,59d5c894c732930001d88b5e,0,24,24,final_screen,EndOfExperiment,2021-12-13 19:27:17.747585,1,,,9.0,165,,0.0,59d5c894c732930001d88b5e,1,1,qd0ydl2t,,,,,0
166,ub5vamfz,5d4a41890e604c00011ade8b,0,24,24,final_screen,EndOfExperiment,2021-12-13 19:27:38.777408,1,,,8.0,166,,0.0,5d4a41890e604c00011ade8b,1,1,qd0ydl2t,,,,,0
167,sjoghnj1,5ec403bb09d0e02a060bd5e6,0,24,24,final_screen,EndOfExperiment,2021-12-13 19:28:22.718292,1,,,5.0,167,,0.0,5ec403bb09d0e02a060bd5e6,1,1,qd0ydl2t,,,,,0
168,rnim5057,61023e0830e893bec6bd8f3c,0,24,24,final_screen,EndOfExperiment,2021-12-13 19:30:21.096528,1,,,0.0,168,,0.0,61023e0830e893bec6bd8f3c,1,1,qd0ydl2t,,,,,0
169,4j7671v4,610b3dc97b4bd5a01da75f44,0,3,24,dictator_human,GroupWaitPage,2021-12-13 19:36:28.147577,1,,,0.0,169,,0.0,610b3dc97b4bd5a01da75f44,1,1,qd0ydl2t,,,,,0
170,jvvmoq6m,613646cde4d38f8b78223fa6,0,3,24,dictator_human,GroupWaitPage,2021-12-13 19:43:59.429521,1,,,0.0,170,,0.0,613646cde4d38f8b78223fa6,1,1,qd0ydl2t,,,,,0
171,trif00ly,6104696d120a50b0ec51aa1f,0,24,24,final_screen,EndOfExperiment,2021-12-13 19:52:03.429518,1,,,8.0,171,,0.0,6104696d120a50b0ec51aa1f,1,1,qd0ydl2t,,,,,0
172,jh9cdcvn,5fc521555cd05b000cfe0998,0,8,24,trust_human_strategy,GroupWaitPage,2021-12-13 19:52:05.473638,1,,,0.0,172,,0.0,5fc521555cd05b000cfe0998,1,1,qd0ydl2t,,,,,0
173,91ulmfwg,5b5a822e1ad8270001c4f28d,0,24,24,final_screen,EndOfExperiment,2021-12-13 19:52:05.887842,1,,,2.0,173,,0.0,5b5a822e1ad8270001c4f28d,1,1,qd0ydl2t,,,,,0
174,32uh1e5i,5f871995a3c40d0cbee04d20,0,24,24,final_screen,EndOfExperiment,2021-12-13 19:52:06.596432,1,,,0.0,174,,0.0,5f871995a3c40d0cbee04d20,1,1,qd0ydl2t,,,,,0
175,arg0sn3j,5f78ce64cb5f144a98a4fa38,0,24,24,final_screen,EndOfExperiment,2021-12-13 19:52:06.857331,1,,,7.0,175,,0.0,5f78ce64cb5f144a98a4fa38,1,1,qd0ydl2t,,,,,0
176,hr347og3,5a4a94fef7b7bc00014e1462,0,24,24,final_screen,EndOfExperiment,2021-12-13 19:52:07.404263,1,,,3.0,176,,0.0,5a4a94fef7b7bc00014e1462,1,1,qd0ydl2t,,,,,0
177,rkjp1ex4,5ed543442db0060a955d12e1,0,24,24,final_screen,EndOfExperiment,2021-12-13 19:52:08.965450,1,,,13.0,177,,0.0,5ed543442db0060a955d12e1,1,1,qd0ydl2t,,,,,0
178,qoiafhmd,5f8cbc5c355ea745e6cef2ca,0,24,24,final_screen,EndOfExperiment,2021-12-13 19:52:12.423253,1,,,6.0,178,,0.0,5f8cbc5c355ea745e6cef2ca,1,1,qd0ydl2t,,,,,0
179,c8i9z21r,6144b5b7af5fefae377c46f9,0,18,24,ultimatum_human_strategy,Belief,2021-12-13 19:52:15.564815,1,,,0.0,179,,0.0,6144b5b7af5fefae377c46f9,1,1,qd0ydl2t,,,,,0
180,732n0ryd,60b51c99ade9ff3585dff9e7,0,20,24,ultimatum_human_strategy,ResultsWaitPage,2021-12-13 19:52:17.890817,1,,,0.0,180,,0.0,60b51c99ade9ff3585dff9e7,1,1,qd0ydl2t,,,,,0
181,8lksrk9l,5f9057735c69b00e72665f84,0,24,24,final_screen,EndOfExperiment,2021-12-13 19:52:26.678453,1,,,5.0,181,,0.0,5f9057735c69b00e72665f84,1,1,qd0ydl2t,,,,,0
182,gzr2fzln,6003361889252e03cebd8fff,0,24,24,final_screen,EndOfExperiment,2021-12-13 19:52:41.693066,1,,,5.0,182,,0.0,6003361889252e03cebd8fff,1,1,qd0ydl2t,,,,,0
183,mjbz5k6x,5f2c4bf4e4f3080e6a469fcc,0,24,24,final_screen,EndOfExperiment,2021-12-13 19:54:54.048173,1,,,8.0,183,,0.0,5f2c4bf4e4f3080e6a469fcc,1,1,qd0ydl2t,,,,,0
184,0gmwfjr6,,0,1,24,introduction,ID,2021-12-13 20:05:11.286089,1,,,0.0,184,,0.0,,1,1,qd0ydl2t,,,,,0
185,4sv480se,578e6c599bd3d70001e5057f,0,24,24,final_screen,EndOfExperiment,2021-12-13 20:06:22.079613,1,,,7.0,185,,0.0,578e6c599bd3d70001e5057f,1,1,qd0ydl2t,,,,,0
186,1oozkowk,5c2c62542c45d400014a32e6,0,24,24,final_screen,EndOfExperiment,2021-12-13 20:06:23.149720,1,,,5.0,186,,0.0,5c2c62542c45d400014a32e6,1,1,qd0ydl2t,,,,,0
187,2xj0c796,5eeb19d4e0d561256d56d129,0,24,24,final_screen,EndOfExperiment,2021-12-13 20:06:30.767106,1,,,5.0,187,,0.0,5eeb19d4e0d561256d56d129,1,1,qd0ydl2t,,,,,0
188,615f7vt1,616d6463aa6ae2ee832b3804,0,24,24,final_screen,EndOfExperiment,2021-12-13 20:07:29.164868,1,,,5.0,188,,0.0,616d6463aa6ae2ee832b3804,1,1,qd0ydl2t,,,,,0
189,8vbjrfi4,,0,1,24,introduction,ID,2021-12-13 20:09:00.214577,1,,,0.0,189,,0.0,,1,1,qd0ydl2t,,,,,0
190,yaxrelpr,,0,1,24,introduction,ID,2021-12-13 20:09:00.906346,1,,,0.0,190,,0.0,,1,1,qd0ydl2t,,,,,0
191,sw7dx1vi,612bb0204ad8e7e8bed041eb,0,24,24,final_screen,EndOfExperiment,2021-12-13 20:11:26.833382,1,,,7.0,191,,0.0,612bb0204ad8e7e8bed041eb,1,1,qd0ydl2t,,,,,0
192,x9eit64h,576704bffdff7a0001c12890,0,24,24,final_screen,EndOfExperiment,2021-12-13 20:12:35.728821,1,,,5.0,192,,0.0,576704bffdff7a0001c12890,1,1,qd0ydl2t,,,,,0
193,x003wam1,610421096c1af729ade5aac1,0,3,24,dictator_human,GroupWaitPage,2021-12-13 20:13:29.215207,1,,,0.0,193,,0.0,610421096c1af729ade5aac1,1,1,qd0ydl2t,,,,,0
194,ddvx3c0t,,0,1,24,introduction,ID,2021-12-13 20:15:26.109305,1,,,0.0,194,,0.0,,1,1,qd0ydl2t,,,,,0
195,q1n6k7uk,,0,1,24,introduction,ID,2021-12-13 20:15:26.807454,1,,,0.0,195,,0.0,,1,1,qd0ydl2t,,,,,0
196,8vp2iozc,,0,1,24,introduction,ID,2021-12-13 20:15:27.480202,1,,,0.0,196,,0.0,,1,1,qd0ydl2t,,,,,0
197,niss9fk1,5e39d872793a082024d9cf18,0,24,24,final_screen,EndOfExperiment,2021-12-13 20:16:13.294238,1,,,7.0,197,,0.0,5e39d872793a082024d9cf18,1,1,qd0ydl2t,,,,,0
198,gxmau85u,5c9c3ae2d40ce20014233de6,0,24,24,final_screen,EndOfExperiment,2021-12-13 20:16:16.523777,1,,,5.0,198,,0.0,5c9c3ae2d40ce20014233de6,1,1,qd0ydl2t,,,,,0
199,pyipcmby,,0,1,24,introduction,ID,2021-12-13 20:18:43.561221,1,,,0.0,199,,0.0,,1,1,qd0ydl2t,,,,,0
200,gx9s67q4,,0,1,24,introduction,ID,2021-12-13 20:18:44.060821,1,,,0.0,200,,0.0,,1,1,qd0ydl2t,,,,,0
201,pd1drqi9,1380077Zd2yml59L59qnnOS7,0,1,24,introduction,ID,2021-12-13 20:28:35.691726,1,,,0.0,201,,0.0,,1,1,qd0ydl2t,,,,,0
202,g6w25ibn,,0,0,24,,,,0,,,0.0,202,,0.0,,1,1,qd0ydl2t,,,,,0
203,b38opbgm,,0,0,24,,,,0,,,0.0,203,,0.0,,1,1,qd0ydl2t,,,,,0
204,a6oz6oxc,,0,0,24,,,,0,,,0.0,204,,0.0,,1,1,qd0ydl2t,,,,,0
205,4wxv4gkq,,0,0,24,,,,0,,,0.0,205,,0.0,,1,1,qd0ydl2t,,,,,0
206,7ysdut3q,,0,0,24,,,,0,,,0.0,206,,0.0,,1,1,qd0ydl2t,,,,,0
207,lgnvs597,,0,0,24,,,,0,,,0.0,207,,0.0,,1,1,qd0ydl2t,,,,,0
208,4vd0dxtq,,0,0,24,,,,0,,,0.0,208,,0.0,,1,1,qd0ydl2t,,,,,0
209,tvng7k9j,,0,0,24,,,,0,,,0.0,209,,0.0,,1,1,qd0ydl2t,,,,,0
210,u5sbo8h8,,0,0,24,,,,0,,,0.0,210,,0.0,,1,1,qd0ydl2t,,,,,0
211,m3u6afqr,,0,0,24,,,,0,,,0.0,211,,0.0,,1,1,qd0ydl2t,,,,,0
212,mx7d11e7,,0,0,24,,,,0,,,0.0,212,,0.0,,1,1,qd0ydl2t,,,,,0
213,q2v1te31,,0,0,24,,,,0,,,0.0,213,,0.0,,1,1,qd0ydl2t,,,,,0
214,23tqw0rs,,0,0,24,,,,0,,,0.0,214,,0.0,,1,1,qd0ydl2t,,,,,0
215,gkkjt4dm,,0,0,24,,,,0,,,0.0,215,,0.0,,1,1,qd0ydl2t,,,,,0
216,az5wubfn,,0,0,24,,,,0,,,0.0,216,,0.0,,1,1,qd0ydl2t,,,,,0
217,qefn0us6,,0,0,24,,,,0,,,0.0,217,,0.0,,1,1,qd0ydl2t,,,,,0
218,dldpzy6k,,0,0,24,,,,0,,,0.0,218,,0.0,,1,1,qd0ydl2t,,,,,0
219,l4u30i13,,0,0,24,,,,0,,,0.0,219,,0.0,,1,1,qd0ydl2t,,,,,0
220,q03z3j91,,0,0,24,,,,0,,,0.0,220,,0.0,,1,1,qd0ydl2t,,,,,0
221,a8ir6xfx,,0,0,24,,,,0,,,0.0,221,,0.0,,1,1,qd0ydl2t,,,,,0
222,yt816mkk,,0,0,24,,,,0,,,0.0,222,,0.0,,1,1,qd0ydl2t,,,,,0
223,fu9j2nja,,0,0,24,,,,0,,,0.0,223,,0.0,,1,1,qd0ydl2t,,,,,0
224,qas5g6vd,,0,0,24,,,,0,,,0.0,224,,0.0,,1,1,qd0ydl2t,,,,,0
225,9ubn528w,,0,0,24,,,,0,,,0.0,225,,0.0,,1,1,qd0ydl2t,,,,,0
226,x9es7xns,,0,0,24,,,,0,,,0.0,226,,0.0,,1,1,qd0ydl2t,,,,,0
227,t3c5uw0h,,0,0,24,,,,0,,,0.0,227,,0.0,,1,1,qd0ydl2t,,,,,0
228,v26sf7cr,,0,0,24,,,,0,,,0.0,228,,0.0,,1,1,qd0ydl2t,,,,,0
229,qi2ozrxw,,0,0,24,,,,0,,,0.0,229,,0.0,,1,1,qd0ydl2t,,,,,0
230,r77dwlxj,,0,0,24,,,,0,,,0.0,230,,0.0,,1,1,qd0ydl2t,,,,,0
231,js8m8h7i,,0,0,24,,,,0,,,0.0,231,,0.0,,1,1,qd0ydl2t,,,,,0
232,z2lq51lz,,0,0,24,,,,0,,,0.0,232,,0.0,,1,1,qd0ydl2t,,,,,0
233,l3717s6x,,0,0,24,,,,0,,,0.0,233,,0.0,,1,1,qd0ydl2t,,,,,0
234,qvxwuvvl,,0,0,24,,,,0,,,0.0,234,,0.0,,1,1,qd0ydl2t,,,,,0
235,667n2n0n,,0,0,24,,,,0,,,0.0,235,,0.0,,1,1,qd0ydl2t,,,,,0
236,0yhw8ru7,,0,0,24,,,,0,,,0.0,236,,0.0,,1,1,qd0ydl2t,,,,,0
237,brlqxw5r,,0,0,24,,,,0,,,0.0,237,,0.0,,1,1,qd0ydl2t,,,,,0
238,so6lp2d5,,0,0,24,,,,0,,,0.0,238,,0.0,,1,1,qd0ydl2t,,,,,0
239,nnkwz3d3,,0,0,24,,,,0,,,0.0,239,,0.0,,1,1,qd0ydl2t,,,,,0
240,o9erziq3,,0,0,24,,,,0,,,0.0,240,,0.0,,1,1,qd0ydl2t,,,,,0
241,snwui0os,,0,0,24,,,,0,,,0.0,241,,0.0,,1,1,qd0ydl2t,,,,,0
242,rm6pzg1n,,0,0,24,,,,0,,,0.0,242,,0.0,,1,1,qd0ydl2t,,,,,0
243,e4qr6jwx,,0,0,24,,,,0,,,0.0,243,,0.0,,1,1,qd0ydl2t,,,,,0
244,g4azszo6,,0,0,24,,,,0,,,0.0,244,,0.0,,1,1,qd0ydl2t,,,,,0
245,54ef7w2q,,0,0,24,,,,0,,,0.0,245,,0.0,,1,1,qd0ydl2t,,,,,0
246,ri3hp5kr,,0,0,24,,,,0,,,0.0,246,,0.0,,1,1,qd0ydl2t,,,,,0
247,hi9kbxvi,,0,0,24,,,,0,,,0.0,247,,0.0,,1,1,qd0ydl2t,,,,,0
248,6lz8u2dz,,0,0,24,,,,0,,,0.0,248,,0.0,,1,1,qd0ydl2t,,,,,0
249,kgy3y9rp,,0,0,24,,,,0,,,0.0,249,,0.0,,1,1,qd0ydl2t,,,,,0
250,8omz1523,,0,0,24,,,,0,,,0.0,250,,0.0,,1,1,qd0ydl2t,,,,,0
251,ie27asyv,,0,0,24,,,,0,,,0.0,251,,0.0,,1,1,qd0ydl2t,,,,,0
252,oar7dg5j,,0,0,24,,,,0,,,0.0,252,,0.0,,1,1,qd0ydl2t,,,,,0
253,8efejnix,,0,0,24,,,,0,,,0.0,253,,0.0,,1,1,qd0ydl2t,,,,,0
254,7bi9lxav,,0,0,24,,,,0,,,0.0,254,,0.0,,1,1,qd0ydl2t,,,,,0
255,n9wz87tj,,0,0,24,,,,0,,,0.0,255,,0.0,,1,1,qd0ydl2t,,,,,0
256,2at3hxg1,,0,0,24,,,,0,,,0.0,256,,0.0,,1,1,qd0ydl2t,,,,,0
257,c6uzeygc,,0,0,24,,,,0,,,0.0,257,,0.0,,1,1,qd0ydl2t,,,,,0
258,7tje42xz,,0,0,24,,,,0,,,0.0,258,,0.0,,1,1,qd0ydl2t,,,,,0
259,o2zk8p9n,,0,0,24,,,,0,,,0.0,259,,0.0,,1,1,qd0ydl2t,,,,,0
260,nw2xku3n,,0,0,24,,,,0,,,0.0,260,,0.0,,1,1,qd0ydl2t,,,,,0
261,3eh4nxz6,,0,0,24,,,,0,,,0.0,261,,0.0,,1,1,qd0ydl2t,,,,,0
262,4kmn3a86,,0,0,24,,,,0,,,0.0,262,,0.0,,1,1,qd0ydl2t,,,,,0
263,fqbxfndw,,0,0,24,,,,0,,,0.0,263,,0.0,,1,1,qd0ydl2t,,,,,0
264,e2bxgiww,,0,0,24,,,,0,,,0.0,264,,0.0,,1,1,qd0ydl2t,,,,,0
265,fkz8lnd2,,0,0,24,,,,0,,,0.0,265,,0.0,,1,1,qd0ydl2t,,,,,0
266,fz05b6hv,,0,0,24,,,,0,,,0.0,266,,0.0,,1,1,qd0ydl2t,,,,,0
267,yxhk5foj,,0,0,24,,,,0,,,0.0,267,,0.0,,1,1,qd0ydl2t,,,,,0
268,ef1tf9z2,,0,0,24,,,,0,,,0.0,268,,0.0,,1,1,qd0ydl2t,,,,,0
269,4uce8egy,,0,0,24,,,,0,,,0.0,269,,0.0,,1,1,qd0ydl2t,,,,,0
270,ax2g8h95,,0,0,24,,,,0,,,0.0,270,,0.0,,1,1,qd0ydl2t,,,,,0
271,dyliwv8q,,0,0,24,,,,0,,,0.0,271,,0.0,,1,1,qd0ydl2t,,,,,0
272,277sbbr8,,0,0,24,,,,0,,,0.0,272,,0.0,,1,1,qd0ydl2t,,,,,0
273,hr4rdwt1,,0,0,24,,,,0,,,0.0,273,,0.0,,1,1,qd0ydl2t,,,,,0
274,uiuw9ws3,,0,0,24,,,,0,,,0.0,274,,0.0,,1,1,qd0ydl2t,,,,,0
275,j585gykq,,0,0,24,,,,0,,,0.0,275,,0.0,,1,1,qd0ydl2t,,,,,0
276,ufkswnvv,,0,0,24,,,,0,,,0.0,276,,0.0,,1,1,qd0ydl2t,,,,,0
277,ccwu15nu,,0,0,24,,,,0,,,0.0,277,,0.0,,1,1,qd0ydl2t,,,,,0
278,95sl2ouo,,0,0,24,,,,0,,,0.0,278,,0.0,,1,1,qd0ydl2t,,,,,0
279,cwcuf05a,,0,0,24,,,,0,,,0.0,279,,0.0,,1,1,qd0ydl2t,,,,,0
280,f45gz5sh,,0,0,24,,,,0,,,0.0,280,,0.0,,1,1,qd0ydl2t,,,,,0
281,r34ybke3,,0,0,24,,,,0,,,0.0,281,,0.0,,1,1,qd0ydl2t,,,,,0
282,39m0dwwb,,0,0,24,,,,0,,,0.0,282,,0.0,,1,1,qd0ydl2t,,,,,0
283,b8lhqinz,,0,0,24,,,,0,,,0.0,283,,0.0,,1,1,qd0ydl2t,,,,,0
284,jc9nxg9q,,0,0,24,,,,0,,,0.0,284,,0.0,,1,1,qd0ydl2t,,,,,0
285,ijk5y9mk,,0,0,24,,,,0,,,0.0,285,,0.0,,1,1,qd0ydl2t,,,,,0
286,5741uvnw,,0,0,24,,,,0,,,0.0,286,,0.0,,1,1,qd0ydl2t,,,,,0
287,ezttzl40,,0,0,24,,,,0,,,0.0,287,,0.0,,1,1,qd0ydl2t,,,,,0
288,p5i660pk,,0,0,24,,,,0,,,0.0,288,,0.0,,1,1,qd0ydl2t,,,,,0
289,ixjajjjd,,0,0,24,,,,0,,,0.0,289,,0.0,,1,1,qd0ydl2t,,,,,0
290,m8zte8ai,,0,0,24,,,,0,,,0.0,290,,0.0,,1,1,qd0ydl2t,,,,,0
291,if84884q,,0,0,24,,,,0,,,0.0,291,,0.0,,1,1,qd0ydl2t,,,,,0
292,i5r37z6u,,0,0,24,,,,0,,,0.0,292,,0.0,,1,1,qd0ydl2t,,,,,0
293,62zxu63j,,0,0,24,,,,0,,,0.0,293,,0.0,,1,1,qd0ydl2t,,,,,0
294,yt8qdxrm,,0,0,24,,,,0,,,0.0,294,,0.0,,1,1,qd0ydl2t,,,,,0
295,3rm597s1,,0,0,24,,,,0,,,0.0,295,,0.0,,1,1,qd0ydl2t,,,,,0
296,mye2daj3,,0,0,24,,,,0,,,0.0,296,,0.0,,1,1,qd0ydl2t,,,,,0
297,8du6ocew,,0,0,24,,,,0,,,0.0,297,,0.0,,1,1,qd0ydl2t,,,,,0
298,poo7uaji,,0,0,24,,,,0,,,0.0,298,,0.0,,1,1,qd0ydl2t,,,,,0
299,bi860uv4,,0,0,24,,,,0,,,0.0,299,,0.0,,1,1,qd0ydl2t,,,,,0
300,0kwqthgn,,0,0,24,,,,0,,,0.0,300,,0.0,,1,1,qd0ydl2t,,,,,0
1,eseupx9v,5ba292385301b80001c71ba2,0,24,24,final_screen,EndOfExperiment,2021-12-14 18:25:26.031360,1,,,10.0,1,,0.0,5ba292385301b80001c71ba2,1,1,al9gerxp,,,,,0
2,7nnt8cnw,610325a6052741bbfb84bcd1,0,24,24,final_screen,EndOfExperiment,2021-12-14 18:25:26.321303,1,,,10.0,2,,0.0,610325a6052741bbfb84bcd1,1,1,al9gerxp,,,,,0
3,6jbjtley,615f54a5141128cf81b7e857,0,24,24,final_screen,EndOfExperiment,2021-12-14 18:25:26.810111,1,,,5.0,3,,0.0,615f54a5141128cf81b7e857,1,1,al9gerxp,,,,,0
4,larnh907,5fb3d71c3144730009fe4a7b,0,24,24,final_screen,EndOfExperiment,2021-12-14 18:25:31.084867,1,,,7.0,4,,0.0,5fb3d71c3144730009fe4a7b,1,1,al9gerxp,,,,,0
5,esp622n7,567dd32b4f0ef30006dbb718,0,24,24,final_screen,EndOfExperiment,2021-12-14 18:25:33.476431,1,,,15.0,5,,0.0,567dd32b4f0ef30006dbb718,1,1,al9gerxp,,,,,0
6,evy424nl,5c2fcd716ea6880001dc8e3d,0,24,24,final_screen,EndOfExperiment,2021-12-14 18:25:33.974607,1,,,0.0,6,,0.0,5c2fcd716ea6880001dc8e3d,1,1,al9gerxp,,,,,0
7,ly1etsgq,6016f95c56f32e8df6e841af,0,24,24,final_screen,EndOfExperiment,2021-12-14 18:25:34.366010,1,,,9.0,7,,0.0,6016f95c56f32e8df6e841af,1,1,al9gerxp,,,,,0
8,3yje8zd1,61087e4fc006ee7d6be38641,0,24,24,final_screen,EndOfExperiment,2021-12-14 18:25:34.572804,1,,,10.0,8,,0.0,61087e4fc006ee7d6be38641,1,1,al9gerxp,,,,,0
9,p0t5epzi,5e9f70a9eec34b1108c84413,0,24,24,final_screen,EndOfExperiment,2021-12-14 18:25:35.305548,1,,,11.0,9,,0.0,5e9f70a9eec34b1108c84413,1,1,al9gerxp,,,,,0
10,2538q0fm,613443bb8a6a4d961ffcd917,0,24,24,final_screen,EndOfExperiment,2021-12-14 18:25:35.666770,1,,,15.0,10,,0.0,613443bb8a6a4d961ffcd917,1,1,al9gerxp,,,,,0
11,s4z776we,5f0fab5abdec9a1aff2b2744,0,24,24,final_screen,EndOfExperiment,2021-12-14 18:25:36.553408,1,,,10.0,11,,0.0,5f0fab5abdec9a1aff2b2744,1,1,al9gerxp,,,,,0
12,kegfujam,5dd55652f30aa650f027e1c2,0,8,24,trust_robot_firstmover_strategy,Instructions,2021-12-14 18:25:36.794305,1,,,0.0,12,,0.0,5dd55652f30aa650f027e1c2,1,1,al9gerxp,,,,,0
13,vmf5iv1u,5dcea7314d51e4107516c80d,0,24,24,final_screen,EndOfExperiment,2021-12-14 18:25:37.341988,1,,,10.0,13,,0.0,5dcea7314d51e4107516c80d,1,1,al9gerxp,,,,,0
14,0dcb0nhg,6060bdd2935a3eb3bdcdb835,0,24,24,final_screen,EndOfExperiment,2021-12-14 18:25:37.652566,1,,,12.0,14,,0.0,6060bdd2935a3eb3bdcdb835,1,1,al9gerxp,,,,,0
15,ikx1ez2i,59f226a9d6380600018b2923,0,24,24,final_screen,EndOfExperiment,2021-12-14 18:25:37.894731,1,,,12.0,15,,0.0,59f226a9d6380600018b2923,1,1,al9gerxp,,,,,0
16,ig6cjryp,60fdfd265d53f620ef2c3929,0,24,24,final_screen,EndOfExperiment,2021-12-14 18:25:37.952762,1,,,14.0,16,,0.0,60fdfd265d53f620ef2c3929,1,1,al9gerxp,,,,,0
17,ezwdxl7r,600673836848dc9fb0e79785,0,24,24,final_screen,EndOfExperiment,2021-12-14 18:25:38.095924,1,,,10.0,17,,0.0,600673836848dc9fb0e79785,1,1,al9gerxp,,,,,0
18,gznighs1,6042d4d08ec254253f0865b8,0,24,24,final_screen,EndOfExperiment,2021-12-14 18:25:38.599981,1,,,8.0,18,,0.0,6042d4d08ec254253f0865b8,1,1,al9gerxp,,,,,0
19,83wzcwaw,614fb4cad115bf288f786dee,0,24,24,final_screen,EndOfExperiment,2021-12-14 18:25:39.756950,1,,,13.0,19,,0.0,614fb4cad115bf288f786dee,1,1,al9gerxp,,,,,0
20,ychot3ny,6095e4f37b49956d05961a4b,0,24,24,final_screen,EndOfExperiment,2021-12-14 18:25:40.514033,1,,,10.0,20,,0.0,6095e4f37b49956d05961a4b,1,1,al9gerxp,,,,,0
21,qfpydu4r,61035836646fb6ee2152f950,0,24,24,final_screen,EndOfExperiment,2021-12-14 18:25:41.270087,1,,,8.0,21,,0.0,61035836646fb6ee2152f950,1,1,al9gerxp,,,,,0
22,phbhqfsb,5658000ca9872d0011e1ba26,0,24,24,final_screen,EndOfExperiment,2021-12-14 18:25:42.311592,1,,,14.0,22,,0.0,5658000ca9872d0011e1ba26,1,1,al9gerxp,,,,,0
23,ejn1ysc6,615f2b3f0eafbabe579b889a,0,24,24,final_screen,EndOfExperiment,2021-12-14 18:25:42.445643,1,,,11.0,23,,0.0,615f2b3f0eafbabe579b889a,1,1,al9gerxp,,,,,0
24,trcs7j7e,5e3309ad239ceb2d47d47c4a,0,24,24,final_screen,EndOfExperiment,2021-12-14 18:25:42.437764,1,,,20.0,24,,0.0,5e3309ad239ceb2d47d47c4a@email.prolific.co,1,1,al9gerxp,,,,,0
25,wqqasgph,6019944a6de5a00dff9c8a32,0,24,24,final_screen,EndOfExperiment,2021-12-14 18:25:42.697219,1,,,9.0,25,,0.0,6019944a6de5a00dff9c8a32,1,1,al9gerxp,,,,,0
26,mlu7h7wj,5eaff2eac963900392c6dc48,0,24,24,final_screen,EndOfExperiment,2021-12-14 18:25:44.903838,1,,,17.0,26,,0.0,5eaff2eac963900392c6dc48,1,1,al9gerxp,,,,,0
27,28g4b13b,59ff47d47ecfc50001be0555,0,24,24,final_screen,EndOfExperiment,2021-12-14 18:25:45.062000,1,,,5.0,27,,0.0,59ff47d47ecfc50001be0555,1,1,al9gerxp,,,,,0
28,nehppf8l,610978200236b59da80571e7,0,24,24,final_screen,EndOfExperiment,2021-12-14 18:25:47.747532,1,,,11.0,28,,0.0,610978200236b59da80571e7,1,1,al9gerxp,,,,,0
29,eil4qa24,5bdf513338109a0001f474c8,0,24,24,final_screen,EndOfExperiment,2021-12-14 18:25:50.667798,1,,,13.0,29,,0.0,5bdf513338109a0001f474c8,1,1,al9gerxp,,,,,0
30,22da6iab,60ff2fc7ff799a89b38e6adc,0,24,24,final_screen,EndOfExperiment,2021-12-14 18:25:50.772654,1,,,12.0,30,,0.0,60ff2fc7ff799a89b38e6adc,1,1,al9gerxp,,,,,0
31,i1otl5c2,614fe903e5acda6e19a9bc39,0,24,24,final_screen,EndOfExperiment,2021-12-14 18:25:51.595857,1,,,9.0,31,,0.0,614fe903e5acda6e19a9bc39,1,1,al9gerxp,,,,,0
32,a4xr4zmg,60e5eceb989f38c746723024,0,24,24,final_screen,EndOfExperiment,2021-12-14 18:25:55.479832,1,,,0.0,32,,0.0,60e5eceb989f38c746723024,1,1,al9gerxp,,,,,0
33,11m5i1k5,5c40bb8880392f00015e8910,0,24,24,final_screen,EndOfExperiment,2021-12-14 18:25:56.550667,1,,,0.0,33,,0.0,5c40bb8880392f00015e8910,1,1,al9gerxp,,,,,0
34,devkh3ii,60fd01cc86bb3e402db85e93,0,24,24,final_screen,EndOfExperiment,2021-12-14 18:25:58.584507,1,,,7.0,34,,0.0,60fd01cc86bb3e402db85e93,1,1,al9gerxp,,,,,0
35,lnbelsab,5c2789fc1694480001e4c4e3,0,24,24,final_screen,EndOfExperiment,2021-12-14 18:26:00.933914,1,,,5.0,35,,0.0,5c2789fc1694480001e4c4e3,1,1,al9gerxp,,,,,0
36,8vnsi815,61520150b24df0af47d5c7f3,0,24,24,final_screen,EndOfExperiment,2021-12-14 18:26:11.385063,1,,,5.0,36,,0.0,61520150b24df0af47d5c7f3,1,1,al9gerxp,,,,,0
37,0xnwye6m,5c55fec09fcbc40001dc50b5,0,24,24,final_screen,EndOfExperiment,2021-12-14 18:26:11.906319,1,,,4.0,37,,0.0,5c55fec09fcbc40001dc50b5,1,1,al9gerxp,,,,,0
38,fhrvmznt,6170406b453e66204b8beed3,0,24,24,final_screen,EndOfExperiment,2021-12-14 18:26:24.208741,1,,,3.0,38,,0.0,6170406b453e66204b8beed3,1,1,al9gerxp,,,,,0
39,e710zhrj,5c748b9188fdc20017c60436,0,24,24,final_screen,EndOfExperiment,2021-12-14 18:26:27.360042,1,,,5.0,39,,0.0,5c748b9188fdc20017c60436,1,1,al9gerxp,,,,,0
40,frqafgqg,60d79f82b917a3cfd6643432,0,24,24,final_screen,EndOfExperiment,2021-12-14 18:26:32.278407,1,,,3.0,40,,0.0,60d79f82b917a3cfd6643432,1,1,al9gerxp,,,,,0
41,qgoxwwit,5dd9f0e719eecb97dfab7b48,0,24,24,final_screen,EndOfExperiment,2021-12-14 18:26:32.313787,1,,,0.0,41,,0.0,5dd9f0e719eecb97dfab7b48,1,1,al9gerxp,,,,,0
42,bz6yp0tj,60306cf6330619ee41fa3cd2,0,24,24,final_screen,EndOfExperiment,2021-12-14 18:26:47.890660,1,,,7.0,42,,0.0,60306cf6330619ee41fa3cd2,1,1,al9gerxp,,,,,0
43,5ymfkirn,5fce2f690262d007e3ceec0a,0,24,24,final_screen,EndOfExperiment,2021-12-14 18:27:15.248500,1,,,8.0,43,,0.0,5fce2f690262d007e3ceec0a,1,1,al9gerxp,,,,,0
44,55uj91hu,5fec956243c578e38ad84250,0,24,24,final_screen,EndOfExperiment,2021-12-14 18:27:17.000944,1,,,7.0,44,,0.0,5fec956243c578e38ad84250,1,1,al9gerxp,,,,,0
45,hw3o7ooo,5f4d40ca75b5258bf5af8cca,0,24,24,final_screen,EndOfExperiment,2021-12-14 18:27:27.262808,1,,,5.0,45,,0.0,5f4d40ca75b5258bf5af8cca,1,1,al9gerxp,,,,,0
46,gx7fw3oy,610767787cedfee7eb040a80,0,24,24,final_screen,EndOfExperiment,2021-12-14 18:27:47.225933,1,,,7.0,46,,0.0,610767787cedfee7eb040a80,1,1,al9gerxp,,,,,0
47,pozacd2p,5c872cded9fe700001024123,0,24,24,final_screen,EndOfExperiment,2021-12-14 18:29:25.653912,1,,,4.0,47,,0.0,5c872cded9fe700001024123,1,1,al9gerxp,,,,,0
48,w34hut9l,5b9b0f12d1ff7a00013b3b8a,0,24,24,final_screen,EndOfExperiment,2021-12-14 18:29:30.906723,1,,,8.0,48,,0.0,5b9b0f12d1ff7a00013b3b8a,1,1,al9gerxp,,,,,0
49,2vcbpzk7,5c0ddc894bc2690001b67bd0,0,24,24,final_screen,EndOfExperiment,2021-12-14 18:29:31.382498,1,,,0.0,49,,0.0,5c0ddc894bc2690001b67bd0,1,1,al9gerxp,,,,,0
50,5syc80nb,5c33ccf9377d960001044af0,0,24,24,final_screen,EndOfExperiment,2021-12-14 18:29:33.363176,1,,,2.0,50,,0.0,5c33ccf9377d960001044af0,1,1,al9gerxp,,,,,0
51,r459pzy2,60a7d8b0fc03b8046e42b211,0,24,24,final_screen,EndOfExperiment,2021-12-14 18:29:34.975195,1,,,0.0,51,,0.0,60a7d8b0fc03b8046e42b211,1,1,al9gerxp,,,,,0
52,52ltqnj2,614ee347a57616853a7b1356,0,24,24,final_screen,EndOfExperiment,2021-12-14 18:29:35.069785,1,,,7.0,52,,0.0,614ee347a57616853a7b1356,1,1,al9gerxp,,,,,0
53,wqiz6dda,60121fca666552254559110d,0,24,24,final_screen,EndOfExperiment,2021-12-14 18:29:36.218673,1,,,14.0,53,,0.0,60121fca666552254559110d,1,1,al9gerxp,,,,,0
54,i7t9uesp,610c46ec070a815a79afe046,0,24,24,final_screen,EndOfExperiment,2021-12-14 18:29:38.261887,1,,,10.0,54,,0.0,610c46ec070a815a79afe046,1,1,al9gerxp,,,,,0
55,e8w6xg9u,5bbc18010cb04c00015025ce,0,24,24,final_screen,EndOfExperiment,2021-12-14 18:29:39.486008,1,,,4.0,55,,0.0,5bbc18010cb04c00015025ce,1,1,al9gerxp,,,,,0
56,t7167c6k,5c509cad3e4c8400010ac228,0,24,24,final_screen,EndOfExperiment,2021-12-14 18:29:39.567863,1,,,10.0,56,,0.0,5c509cad3e4c8400010ac228,1,1,al9gerxp,,,,,0
57,8t8anjpb,60fdaf0e27b6ed924e1a28d0,0,24,24,final_screen,EndOfExperiment,2021-12-14 18:29:39.956840,1,,,5.0,57,,0.0,60fdaf0e27b6ed924e1a28d0,1,1,al9gerxp,,,,,0
58,zfa80s5i,5ec6d423fc10270f0bbbc90e,0,24,24,final_screen,EndOfExperiment,2021-12-14 18:29:42.326342,1,,,11.0,58,,0.0,5ec6d423fc10270f0bbbc90e,1,1,al9gerxp,,,,,0
59,7d3ogrpx,614e8940d8d08d51a2785582,0,24,24,final_screen,EndOfExperiment,2021-12-14 18:29:42.503080,1,,,12.0,59,,0.0,614e8940d8d08d51a2785582,1,1,al9gerxp,,,,,0
60,i2c584zz,5ececb180ce9a12d14704ef5,0,24,24,final_screen,EndOfExperiment,2021-12-14 18:29:43.794067,1,,,10.0,60,,0.0,5ececb180ce9a12d14704ef5,1,1,al9gerxp,,,,,0
61,skfe3lea,5e8b0faa3d71b07b69ef26f4,0,23,24,survey,Survey,2021-12-14 18:29:44.609616,1,,,5.0,61,,0.0,5e8b0faa3d71b07b69ef26f4,1,1,al9gerxp,,,,,0
62,9iiwpzt3,5d9f8573ce3daf0015e3e400,0,24,24,final_screen,EndOfExperiment,2021-12-14 18:29:45.050732,1,,,10.0,62,,0.0,5d9f8573ce3daf0015e3e400,1,1,al9gerxp,,,,,0
63,8i6522pf,60feb1a03c29d23a1476520f,0,24,24,final_screen,EndOfExperiment,2021-12-14 18:29:45.184618,1,,,5.0,63,,0.0,60feb1a03c29d23a1476520f,1,1,al9gerxp,,,,,0
64,e1p74p4t,6108103e7cdaf6c911ee5c4c,0,24,24,final_screen,EndOfExperiment,2021-12-14 18:29:47.721712,1,,,8.0,64,,0.0,6108103e7cdaf6c911ee5c4c,1,1,al9gerxp,,,,,0
65,gr26jgv5,55e7b91341988f000575d6b5,0,24,24,final_screen,EndOfExperiment,2021-12-14 18:29:48.932304,1,,,13.0,65,,0.0,55e7b91341988f000575d6b5,1,1,al9gerxp,,,,,0
66,plf8cokx,5e5e5b2488479216d9171d1b,0,24,24,final_screen,EndOfExperiment,2021-12-14 18:29:49.470880,1,,,10.0,66,,0.0,5e5e5b2488479216d9171d1b,1,1,al9gerxp,,,,,0
67,xfmovl3c,61099736cede2ad0e1b3ba78,0,24,24,final_screen,EndOfExperiment,2021-12-14 18:29:49.628782,1,,,13.0,67,,0.0,61099736cede2ad0e1b3ba78,1,1,al9gerxp,,,,,0
68,wwimoh43,611eb5db46ee495d60b16aae,0,24,24,final_screen,EndOfExperiment,2021-12-14 18:29:50.030351,1,,,5.0,68,,0.0,611eb5db46ee495d60b16aae,1,1,al9gerxp,,,,,0
69,7dmi0lnt,5c27e76978fad500019328cc,0,24,24,final_screen,EndOfExperiment,2021-12-14 18:29:50.074273,1,,,10.0,69,,0.0,5c27e76978fad500019328cc,1,1,al9gerxp,,,,,0
70,08s8soqb,603e86969a3fd3ec23e64a13,0,24,24,final_screen,EndOfExperiment,2021-12-14 18:29:50.487019,1,,,15.0,70,,0.0,603e86969a3fd3ec23e64a13,1,1,al9gerxp,,,,,0
71,h0duyyfk,5ddd675deb3973cbee9e415c,0,24,24,final_screen,EndOfExperiment,2021-12-14 18:29:51.007308,1,,,6.0,71,,0.0,5ddd675deb3973cbee9e415c,1,1,al9gerxp,,,,,0
72,70qyu6xu,593ab35d51244c00013dcb69,0,24,24,final_screen,EndOfExperiment,2021-12-14 18:29:53.404768,1,,,10.0,72,,0.0,593ab35d51244c00013dcb69,1,1,al9gerxp,,,,,0
73,6ghi2wzl,5c347cb8bef9a20001e30950,0,24,24,final_screen,EndOfExperiment,2021-12-14 18:29:53.747972,1,,,5.0,73,,0.0,5c347cb8bef9a20001e30950,1,1,al9gerxp,,,,,0
74,9tja34ot,5f357a52ddc87914266543e3,0,24,24,final_screen,EndOfExperiment,2021-12-14 18:29:53.776974,1,,,4.0,74,,0.0,5f357a52ddc87914266543e3,1,1,al9gerxp,,,,,0
75,acd7k1h5,6102d5e6ff92a8dd0cce6b8f,0,24,24,final_screen,EndOfExperiment,2021-12-14 18:29:54.660364,1,,,14.0,75,,0.0,6102d5e6ff92a8dd0cce6b8f,1,1,al9gerxp,,,,,0
76,xvrl1kqh,61380e91fdd449e05017e8ac,0,24,24,final_screen,EndOfExperiment,2021-12-14 18:29:54.981897,1,,,11.0,76,,0.0,61380e91fdd449e05017e8ac,1,1,al9gerxp,,,,,0
77,ctog2b89,5fd1a05738899d1bab2798ec,0,24,24,final_screen,EndOfExperiment,2021-12-14 18:29:56.976851,1,,,10.0,77,,0.0,5fd1a05738899d1bab2798ec,1,1,al9gerxp,,,,,0
78,lo91mjw1,5e8eab0540aaf41584d9b1b9,0,24,24,final_screen,EndOfExperiment,2021-12-14 18:29:56.982289,1,,,17.0,78,,0.0,5e8eab0540aaf41584d9b1b9,1,1,al9gerxp,,,,,0
79,vw3mccxt,5d1e5ece2e9ac30016b522c5,0,24,24,final_screen,EndOfExperiment,2021-12-14 18:29:58.286237,1,,,0.0,79,,0.0,5d1e5ece2e9ac30016b522c5,1,1,al9gerxp,,,,,0
80,h8r46rqn,6111782b298eff6c31853ea8,0,24,24,final_screen,EndOfExperiment,2021-12-14 18:29:59.001954,1,,,5.0,80,,0.0,6111782b298eff6c31853ea8,1,1,al9gerxp,,,,,0
81,wiobcsgn,5cb553b7a0ccb30017e5b617,0,24,24,final_screen,EndOfExperiment,2021-12-14 18:30:01.430075,1,,,9.0,81,,0.0,5cb553b7a0ccb30017e5b617,1,1,al9gerxp,,,,,0
82,wi7ivi90,5d63867550d0dd0017805976,0,24,24,final_screen,EndOfExperiment,2021-12-14 18:30:01.955874,1,,,4.0,82,,0.0,5d63867550d0dd0017805976,1,1,al9gerxp,,,,,0
83,nte5w51a,5c01d3c509e9c70001500b10,0,24,24,final_screen,EndOfExperiment,2021-12-14 18:30:03.059230,1,,,0.0,83,,0.0,5c01d3c509e9c70001500b10,1,1,al9gerxp,,,,,0
84,ceopj5bn,5f5e32a0d6a12c6857b8e127,0,24,24,final_screen,EndOfExperiment,2021-12-14 18:30:03.529940,1,,,11.0,84,,0.0,5f5e32a0d6a12c6857b8e127,1,1,al9gerxp,,,,,0
85,dwppgoma,60bd784514215b77d2a0f4d8,0,24,24,final_screen,EndOfExperiment,2021-12-14 18:30:04.909271,1,,,5.0,85,,0.0,60bd784514215b77d2a0f4d8,1,1,al9gerxp,,,,,0
86,qetidtam,5f3e5e066dfaa70464615447,0,24,24,final_screen,EndOfExperiment,2021-12-14 18:30:05.285753,1,,,6.0,86,,0.0,5f3e5e066dfaa70464615447,1,1,al9gerxp,,,,,0
87,ohzm5sti,61158574ed206f98ac50dba7,0,24,24,final_screen,EndOfExperiment,2021-12-14 18:30:07.716703,1,,,5.0,87,,0.0,61158574ed206f98ac50dba7,1,1,al9gerxp,,,,,0
88,zn3rnk7e,5d586fdc8200f50001f03a0e,0,24,24,final_screen,EndOfExperiment,2021-12-14 18:30:07.961656,1,,,9.0,88,,0.0,5d586fdc8200f50001f03a0e,1,1,al9gerxp,,,,,0
89,qgk47hmk,60d3740f31606cb50e49f00c,0,24,24,final_screen,EndOfExperiment,2021-12-14 18:30:09.705197,1,,,12.0,89,,0.0,60d3740f31606cb50e49f00c,1,1,al9gerxp,,,,,0
90,mqbxki1l,58d069219dbe3f0001258793,0,24,24,final_screen,EndOfExperiment,2021-12-14 18:30:12.543831,1,,,7.0,90,,0.0,58d069219dbe3f0001258793,1,1,al9gerxp,,,,,0
91,u2zf7piq,57dd766bbcd7150001ded5de,0,24,24,final_screen,EndOfExperiment,2021-12-14 18:30:18.846109,1,,,0.0,91,,0.0,57dd766bbcd7150001ded5de,1,1,al9gerxp,,,,,0
92,4h3wiu11,6107d9c1e9a66a284ebcb9d3,0,24,24,final_screen,EndOfExperiment,2021-12-14 18:30:35.276693,1,,,4.0,92,,0.0,6107d9c1e9a66a284ebcb9d3,1,1,al9gerxp,,,,,0
93,qthawos1,583b397f54686200010f1d20,0,24,24,final_screen,EndOfExperiment,2021-12-14 18:30:38.934432,1,,,9.0,93,,0.0,583b397f54686200010f1d20,1,1,al9gerxp,,,,,0
94,9jsclvod,6108d6efa698e3dbe3b313d3,0,24,24,final_screen,EndOfExperiment,2021-12-14 18:32:17.975470,1,,,5.0,94,,0.0,6108d6efa698e3dbe3b313d3,1,1,al9gerxp,,,,,0
95,qgk9xdvo,6110d7f556da416401efdd5f,0,24,24,final_screen,EndOfExperiment,2021-12-14 18:34:48.458408,1,,,10.0,95,,0.0,6110d7f556da416401efdd5f,1,1,al9gerxp,,,,,0
96,zrxt1gpi,610e02ecfec09b71ff681d86,0,24,24,final_screen,EndOfExperiment,2021-12-14 18:34:49.695203,1,,,2.0,96,,0.0,610e02ecfec09b71ff681d86,1,1,al9gerxp,,,,,0
97,ua0weqv6,60ef5b83e2e741ea6d220c92,0,24,24,final_screen,EndOfExperiment,2021-12-14 18:34:51.334585,1,,,7.0,97,,0.0,60ef5b83e2e741ea6d220c92,1,1,al9gerxp,,,,,0
98,uetkh54g,5edaa52a54fe056e4bc55408,0,24,24,final_screen,EndOfExperiment,2021-12-14 18:34:51.525869,1,,,0.0,98,,0.0,5edaa52a54fe056e4bc55408,1,1,al9gerxp,,,,,0
99,03zp6r29,614e220aee4e0bd0529d6edd,0,24,24,final_screen,EndOfExperiment,2021-12-14 18:34:51.601759,1,,,6.0,99,,0.0,614e220aee4e0bd0529d6edd,1,1,al9gerxp,,,,,0
100,ak1avl0v,5ff8b291840bed124061d389,0,24,24,final_screen,EndOfExperiment,2021-12-14 18:34:51.874732,1,,,10.0,100,,0.0,5ff8b291840bed124061d389,1,1,al9gerxp,,,,,0
101,km7kzcht,615628f39024e679836b778b,0,24,24,final_screen,EndOfExperiment,2021-12-14 18:34:52.432361,1,,,10.0,101,,0.0,615628f39024e679836b778b,1,1,al9gerxp,,,,,0
102,8g2zgj51,5fd298b32f6cb7062fd9aea0,0,24,24,final_screen,EndOfExperiment,2021-12-14 18:34:53.320062,1,,,8.0,102,,0.0,5fd298b32f6cb7062fd9aea0,1,1,al9gerxp,,,,,0
103,87qpj1mn,5e4e844553bc702cdf68404d,0,24,24,final_screen,EndOfExperiment,2021-12-14 18:34:54.343896,1,,,5.0,103,,0.0,5e4e844553bc702cdf68404d,1,1,al9gerxp,,,,,0
104,hfdwsdh4,5b7cbe9db630cf000125dffe,0,24,24,final_screen,EndOfExperiment,2021-12-14 18:34:55.570377,1,,,10.0,104,,0.0,5b7cbe9db630cf000125dffe,1,1,al9gerxp,,,,,0
105,f3lq0z3k,5ea48ae3461d1044f2d282cc,0,24,24,final_screen,EndOfExperiment,2021-12-14 18:34:57.089437,1,,,4.0,105,,0.0,5ea48ae3461d1044f2d282cc,1,1,al9gerxp,,,,,0
106,cjgrkyo9,5e38823f0d70ef099d5e5a56,0,24,24,final_screen,EndOfExperiment,2021-12-14 18:34:57.133201,1,,,10.0,106,,0.0,5e38823f0d70ef099d5e5a56,1,1,al9gerxp,,,,,0
107,mrl767pe,60feed0aea95a63cd3aade71,0,24,24,final_screen,EndOfExperiment,2021-12-14 18:34:58.366563,1,,,8.0,107,,0.0,60feed0aea95a63cd3aade71,1,1,al9gerxp,,,,,0
108,c9gvdtgq,5f4d2e57030fef9b371373a5,0,24,24,final_screen,EndOfExperiment,2021-12-14 18:34:58.661624,1,,,10.0,108,,0.0,5f4d2e57030fef9b371373a5,1,1,al9gerxp,,,,,0
109,57vvd46k,60fd9f121d7dd0dbad241575,0,24,24,final_screen,EndOfExperiment,2021-12-14 18:34:58.833322,1,,,14.0,109,,0.0,60fd9f121d7dd0dbad241575,1,1,al9gerxp,,,,,0
110,s0z6a4b8,60bd28cc95ab27d4f4f6ada3,0,24,24,final_screen,EndOfExperiment,2021-12-14 18:34:59.146110,1,,,11.0,110,,0.0,60bd28cc95ab27d4f4f6ada3,1,1,al9gerxp,,,,,0
111,rij5kh66,602a86bb76d5ee0770e1943d,0,24,24,final_screen,EndOfExperiment,2021-12-14 18:35:00.929167,1,,,7.0,111,,0.0,602a86bb76d5ee0770e1943d,1,1,al9gerxp,,,,,0
112,4yno2nsq,5f4fe40c4af6f3120ff17532,0,8,24,trust_robot_firstmover_strategy,Instructions,2021-12-14 18:35:01.068234,1,,,0.0,112,,0.0,5f4fe40c4af6f3120ff17532,1,1,al9gerxp,,,,,0
113,dmj4v2y9,5c12f106c4b80e000192c472,0,24,24,final_screen,EndOfExperiment,2021-12-14 18:35:01.110900,1,,,10.0,113,,0.0,5c12f106c4b80e000192c472,1,1,al9gerxp,,,,,0
114,hee9d6x9,5f902184d7badd065adb604b,0,24,24,final_screen,EndOfExperiment,2021-12-14 18:35:01.991822,1,,,5.0,114,,0.0,5f902184d7badd065adb604b,1,1,al9gerxp,,,,,0
115,j5zwkkoc,6172378d423fdf1acdc2d212,0,24,24,final_screen,EndOfExperiment,2021-12-14 18:35:03.694806,1,,,6.0,115,,0.0,6172378d423fdf1acdc2d212,1,1,al9gerxp,,,,,0
116,6y1n17ev,5f2b0d992bd6f94c51adeac4,0,24,24,final_screen,EndOfExperiment,2021-12-14 18:35:03.753476,1,,,5.0,116,,0.0,5f2b0d992bd6f94c51adeac4,1,1,al9gerxp,,,,,0
117,mjsfm4vn,60bcfa3d9cfc3d429181e927,0,24,24,final_screen,EndOfExperiment,2021-12-14 18:35:03.648543,1,,,9.0,117,,0.0,60bcfa3d9cfc3d429181e927,1,1,al9gerxp,,,,,0
118,wnxj5k2m,5c57ab1509864e0001361c74,0,24,24,final_screen,EndOfExperiment,2021-12-14 18:35:04.127548,1,,,13.0,118,,0.0,5c57ab1509864e0001361c74,1,1,al9gerxp,,,,,0
119,yfobxqo6,5f7785e49588a42e71b2466a,0,24,24,final_screen,EndOfExperiment,2021-12-14 18:35:04.641961,1,,,14.0,119,,0.0,5f7785e49588a42e71b2466a,1,1,al9gerxp,,,,,0
120,6fzbwt13,5bc9f8b677740000016a08b5,0,24,24,final_screen,EndOfExperiment,2021-12-14 18:35:05.144251,1,,,14.0,120,,0.0,5bc9f8b677740000016a08b5,1,1,al9gerxp,,,,,0
121,vzb872hp,6109482350367148ce0aa834,0,24,24,final_screen,EndOfExperiment,2021-12-14 18:35:05.614445,1,,,10.0,121,,0.0,6109482350367148ce0aa834,1,1,al9gerxp,,,,,0
122,x6xqh33z,6101667971d68405d105698a,0,24,24,final_screen,EndOfExperiment,2021-12-14 18:35:05.951441,1,,,9.0,122,,0.0,6101667971d68405d105698a,1,1,al9gerxp,,,,,0
123,e82c1oj5,615fad239fd8b6f7c048057a,0,24,24,final_screen,EndOfExperiment,2021-12-14 18:35:06.315658,1,,,14.0,123,,0.0,615fad239fd8b6f7c048057a,1,1,al9gerxp,,,,,0
124,e8xicilf,5e46f490a5748507c57e3c5f,0,24,24,final_screen,EndOfExperiment,2021-12-14 18:35:06.952246,1,,,0.0,124,,0.0,5e46f490a5748507c57e3c5f,1,1,al9gerxp,,,,,0
125,wql1znsf,60fcb2b45504d8488ab13968,0,24,24,final_screen,EndOfExperiment,2021-12-14 18:35:08.577601,1,,,11.0,125,,0.0,60fcb2b45504d8488ab13968,1,1,al9gerxp,,,,,0
126,0ax8av86,5e71a80784155f0c75a56c70,0,24,24,final_screen,EndOfExperiment,2021-12-14 18:35:08.863976,1,,,13.0,126,,0.0,5e71a80784155f0c75a56c70,1,1,al9gerxp,,,,,0
127,9tu3pusy,61003d8f50af08227da7fd77,0,24,24,final_screen,EndOfExperiment,2021-12-14 18:35:09.232005,1,,,12.0,127,,0.0,61003d8f50af08227da7fd77,1,1,al9gerxp,,,,,0
128,m3tr0a56,5dbf704fa3f5cb40876271fc,0,24,24,final_screen,EndOfExperiment,2021-12-14 18:35:09.237891,1,,,5.0,128,,0.0,5dbf704fa3f5cb40876271fc,1,1,al9gerxp,,,,,0
129,hah22424,5dd3e5b66d52253c0e37e402,0,24,24,final_screen,EndOfExperiment,2021-12-14 18:35:19.385520,1,,,13.0,129,,0.0,5dd3e5b66d52253c0e37e402,1,1,al9gerxp,,,,,0
130,x8faevzn,60b6938ae5e1bcc48326db9e,0,24,24,final_screen,EndOfExperiment,2021-12-14 18:35:25.763652,1,,,7.0,130,,0.0,60b6938ae5e1bcc48326db9e,1,1,al9gerxp,,,,,0
131,lxaus657,57dd186e6598aa0001992616,0,24,24,final_screen,EndOfExperiment,2021-12-14 18:35:26.406621,1,,,4.0,131,,0.0,57dd186e6598aa0001992616,1,1,al9gerxp,,,,,0
132,geyktwmh,5ee3a34e16ad19048aef74f6,0,24,24,final_screen,EndOfExperiment,2021-12-14 18:35:31.218658,1,,,5.0,132,,0.0,5ee3a34e16ad19048aef74f6,1,1,al9gerxp,,,,,0
133,tn3f5k6t,604b9e6373c491acd8aec923,0,24,24,final_screen,EndOfExperiment,2021-12-14 18:35:35.172093,1,,,5.0,133,,0.0,604b9e6373c491acd8aec923,1,1,al9gerxp,,,,,0
134,ssnevi3r,61280902667000b761f45570,0,24,24,final_screen,EndOfExperiment,2021-12-14 18:35:37.411535,1,,,4.0,134,,0.0,61280902667000b761f45570,1,1,al9gerxp,,,,,0
135,xi410quy,5fe17e28d8918b3fae67ec4d,0,24,24,final_screen,EndOfExperiment,2021-12-14 18:35:56.845825,1,,,2.0,135,,0.0,5fe17e28d8918b3fae67ec4d,1,1,al9gerxp,,,,,0
136,hufrkryu,61095aa08fbfc362fd8c2f4b,0,24,24,final_screen,EndOfExperiment,2021-12-14 18:36:04.357669,1,,,5.0,136,,0.0,61095aa08fbfc362fd8c2f4b,1,1,al9gerxp,,,,,0
137,l3667ots,61230b14a3bcb65c585dfdaa,0,24,24,final_screen,EndOfExperiment,2021-12-14 18:36:07.093120,1,,,0.0,137,,0.0,61230b14a3bcb65c585dfdaa,1,1,al9gerxp,,,,,0
138,c23h2j8o,6026d1eca0c0d1400dcfbbd6,0,24,24,final_screen,EndOfExperiment,2021-12-14 18:36:15.660201,1,,,8.0,138,,0.0,6026d1eca0c0d1400dcfbbd6,1,1,al9gerxp,,,,,0
139,nc354vqh,5dccb82a76eab294aa4837ff,0,24,24,final_screen,EndOfExperiment,2021-12-14 18:36:50.025801,1,,,6.0,139,,0.0,5dccb82a76eab294aa4837ff,1,1,al9gerxp,,,,,0
140,a8ue9y7h,5ecd4acdb218ec085c6eefe6,0,24,24,final_screen,EndOfExperiment,2021-12-14 18:37:51.349117,1,,,0.0,140,,0.0,5ecd4acdb218ec085c6eefe6,1,1,al9gerxp,,,,,0
141,ccdbc80c,5f981f8cf4b92c07ac93e2fe,0,24,24,final_screen,EndOfExperiment,2021-12-14 18:38:18.404343,1,,,0.0,141,,0.0,5f981f8cf4b92c07ac93e2fe,1,1,al9gerxp,,,,,0
142,12ov3vbd,5e0e1b8800a6bf000a694f79,0,24,24,final_screen,EndOfExperiment,2021-12-14 18:38:29.686159,1,,,0.0,142,,0.0,5e0e1b8800a6bf000a694f79,1,1,al9gerxp,,,,,0
143,zt4jd3ax,5eaf1a2c649fd108284c2b5f,0,24,24,final_screen,EndOfExperiment,2021-12-14 18:38:30.763967,1,,,9.0,143,,0.0,5eaf1a2c649fd108284c2b5f,1,1,al9gerxp,,,,,0
144,wdb32tbf,581649f0b434f0000184d2a9,0,24,24,final_screen,EndOfExperiment,2021-12-14 18:38:30.867606,1,,,12.0,144,,0.0,581649f0b434f0000184d2a9,1,1,al9gerxp,,,,,0
145,vr6b29m5,60d105cd7e245d9c98c756ab,0,24,24,final_screen,EndOfExperiment,2021-12-14 18:38:34.445852,1,,,7.0,145,,0.0,60d105cd7e245d9c98c756ab,1,1,al9gerxp,,,,,0
146,5lvad1tb,615c777509f34c8977bc45a7,0,24,24,final_screen,EndOfExperiment,2021-12-14 18:38:35.814583,1,,,9.0,146,,0.0,615c777509f34c8977bc45a7,1,1,al9gerxp,,,,,0
147,1yus2ogp,5f2a12f5837dd81e5881b7cc,0,24,24,final_screen,EndOfExperiment,2021-12-14 18:38:37.166228,1,,,10.0,147,,0.0,5f2a12f5837dd81e5881b7cc,1,1,al9gerxp,,,,,0
148,mxjtfgzf,5e2721b01160079464059b5c,0,24,24,final_screen,EndOfExperiment,2021-12-14 18:38:37.851699,1,,,9.0,148,,0.0,5e2721b01160079464059b5c,1,1,al9gerxp,,,,,0
149,ctebuutp,60fce0bedbae8b8996c93203,0,24,24,final_screen,EndOfExperiment,2021-12-14 18:38:38.400253,1,,,0.0,149,,0.0,60fce0bedbae8b8996c93203,1,1,al9gerxp,,,,,0
150,308b5y2f,60fc7aac153cdd782a763977,0,24,24,final_screen,EndOfExperiment,2021-12-14 18:38:38.595389,1,,,5.0,150,,0.0,60fc7aac153cdd782a763977,1,1,al9gerxp,,,,,0
151,em74fxge,5d93b788fdfe9d001c00c255,0,24,24,final_screen,EndOfExperiment,2021-12-14 18:38:39.230162,1,,,9.0,151,,0.0,5d93b788fdfe9d001c00c255,1,1,al9gerxp,,,,,0
152,1rjk3das,5c05f6e5d30e3200016e1ed5,0,24,24,final_screen,EndOfExperiment,2021-12-14 18:38:40.183551,1,,,11.0,152,,0.0,5c05f6e5d30e3200016e1ed5,1,1,al9gerxp,,,,,0
153,d5rq2w1b,5fa4f94e535f3b1aa628e0ab,0,24,24,final_screen,EndOfExperiment,2021-12-14 18:38:40.558583,1,,,9.0,153,,0.0,5fa4f94e535f3b1aa628e0ab,1,1,al9gerxp,,,,,0
154,4m3ckn8q,5e861812b23b0a22ef59c4ee,0,24,24,final_screen,EndOfExperiment,2021-12-14 18:38:42.060339,1,,,5.0,154,,0.0,5e861812b23b0a22ef59c4ee,1,1,al9gerxp,,,,,0
155,h4j1rgw7,5a8e54c9f49c9a0001f3dc3f,0,24,24,final_screen,EndOfExperiment,2021-12-14 18:38:43.545077,1,,,9.0,155,,0.0,5a8e54c9f49c9a0001f3dc3f,1,1,al9gerxp,,,,,0
156,bblgraxb,614e028ecf892a8c9ba41c3f,0,24,24,final_screen,EndOfExperiment,2021-12-14 18:38:43.679447,1,,,8.0,156,,0.0,614e028ecf892a8c9ba41c3f,1,1,al9gerxp,,,,,0
157,3yjjmwhx,61003ee2373062aab4f83efc,0,5,24,dictator_robot,Instructions,2021-12-14 18:38:43.878691,1,,,0.0,157,,0.0,61003ee2373062aab4f83efc,1,1,al9gerxp,,,,,0
158,b9tip70y,60ff10b949a92707f6fafe2c,0,24,24,final_screen,EndOfExperiment,2021-12-14 18:38:45.954908,1,,,9.0,158,,0.0,60ff10b949a92707f6fafe2c,1,1,al9gerxp,,,,,0
159,2xapqgdr,58a43e029a17120001d910d5,0,24,24,final_screen,EndOfExperiment,2021-12-14 18:38:46.362089,1,,,5.0,159,,0.0,58a43e029a17120001d910d5,1,1,al9gerxp,,,,,0
160,mdhcub55,5be0f2c478a95e000186d639,0,24,24,final_screen,EndOfExperiment,2021-12-14 18:38:46.880612,1,,,6.0,160,,0.0,5be0f2c478a95e000186d639,1,1,al9gerxp,,,,,0
161,5mynsbqp,5e04b9be7adf4bf23f066a2a,0,24,24,final_screen,EndOfExperiment,2021-12-14 18:38:47.652457,1,,,9.0,161,,0.0,5e04b9be7adf4bf23f066a2a,1,1,al9gerxp,,,,,0
162,hzhy88gu,5f6388c21b14c5079764e750,0,24,24,final_screen,EndOfExperiment,2021-12-14 18:38:47.490673,1,,,11.0,162,,0.0,5f6388c21b14c5079764e750,1,1,al9gerxp,,,,,0
163,ubjfr8b6,592bb32c943e670001cde123,0,24,24,final_screen,EndOfExperiment,2021-12-14 18:38:47.722598,1,,,9.0,163,,0.0,592bb32c943e670001cde123,1,1,al9gerxp,,,,,0
164,180jmm8d,5dd33b9159b1b033ec2cf634,0,24,24,final_screen,EndOfExperiment,2021-12-14 18:38:48.784971,1,,,7.0,164,,0.0,5dd33b9159b1b033ec2cf634,1,1,al9gerxp,,,,,0
165,878c4u7g,5f15dc270a46a66f60691e4a,0,24,24,final_screen,EndOfExperiment,2021-12-14 18:38:49.451130,1,,,0.0,165,,0.0,5f15dc270a46a66f60691e4a,1,1,al9gerxp,,,,,0
166,7xq7hf6v,5eb1f6fc96a926357133cbb1,0,24,24,final_screen,EndOfExperiment,2021-12-14 18:38:50.021395,1,,,4.0,166,,0.0,5eb1f6fc96a926357133cbb1,1,1,al9gerxp,,,,,0
167,zvyxooxp,5ae3563e5cd05500015ed96b,0,24,24,final_screen,EndOfExperiment,2021-12-14 18:38:50.733719,1,,,13.0,167,,0.0,5ae3563e5cd05500015ed96b,1,1,al9gerxp,,,,,0
168,8ispu3kr,611130b78c077f0127a0b9fc,0,24,24,final_screen,EndOfExperiment,2021-12-14 18:38:50.757209,1,,,0.0,168,,0.0,611130b78c077f0127a0b9fc,1,1,al9gerxp,,,,,0
169,graemhk1,5b18248744127b00013f90ce,0,24,24,final_screen,EndOfExperiment,2021-12-14 18:38:50.795110,1,,,16.0,169,,0.0,5b18248744127b00013f90ce,1,1,al9gerxp,,,,,0
170,h7n5aw2l,5d2215e737363e0001651a63,0,24,24,final_screen,EndOfExperiment,2021-12-14 18:38:51.364288,1,,,17.0,170,,0.0,5d2215e737363e0001651a63,1,1,al9gerxp,,,,,0
171,i55cwl5u,614b2c704c7b1994cb48e1c7,0,24,24,final_screen,EndOfExperiment,2021-12-14 18:38:52.810742,1,,,6.0,171,,0.0,614b2c704c7b1994cb48e1c7,1,1,al9gerxp,,,,,0
172,rv5xisng,5fed01281d6cb4f2fef20220,0,24,24,final_screen,EndOfExperiment,2021-12-14 18:38:52.948007,1,,,5.0,172,,0.0,5fed01281d6cb4f2fef20220,1,1,al9gerxp,,,,,0
173,okmydw1x,6101d686dc9bf9c963e5856d,0,24,24,final_screen,EndOfExperiment,2021-12-14 18:38:55.900824,1,,,10.0,173,,0.0,6101d686dc9bf9c963e5856d,1,1,al9gerxp,,,,,0
174,t6w8gzte,5a9262251eda410001360b2c,0,24,24,final_screen,EndOfExperiment,2021-12-14 18:38:56.802600,1,,,5.0,174,,0.0,5a9262251eda410001360b2c,1,1,al9gerxp,,,,,0
175,j93n5cv5,60db58d0caaad90d54013aa7,0,24,24,final_screen,EndOfExperiment,2021-12-14 18:38:57.892245,1,,,8.0,175,,0.0,60db58d0caaad90d54013aa7,1,1,al9gerxp,,,,,0
176,jy7y4y1m,616eee064fa84629904802ab,0,24,24,final_screen,EndOfExperiment,2021-12-14 18:39:02.180439,1,,,8.0,176,,0.0,616eee064fa84629904802ab,1,1,al9gerxp,,,,,0
177,4texoc06,60fce4839af7ae2441e60551,0,24,24,final_screen,EndOfExperiment,2021-12-14 18:39:04.395549,1,,,12.0,177,,0.0,60fce4839af7ae2441e60551,1,1,al9gerxp,,,,,0
178,2pa4mowi,5fbda708e368851d517637de,0,24,24,final_screen,EndOfExperiment,2021-12-14 18:39:04.651272,1,,,12.0,178,,0.0,5fbda708e368851d517637de,1,1,al9gerxp,,,,,0
179,55fx1gsi,60d63e407fce934334a5e025,0,24,24,final_screen,EndOfExperiment,2021-12-14 18:39:05.397829,1,,,10.0,179,,0.0,60d63e407fce934334a5e025,1,1,al9gerxp,,,,,0
180,nxeugzat,5d7cefc73f9ae70018b400f1,0,24,24,final_screen,EndOfExperiment,2021-12-14 18:39:05.937151,1,,,14.0,180,,0.0,5d7cefc73f9ae70018b400f1,1,1,al9gerxp,,,,,0
181,pvimhsnk,550bb70bfdf99b6853dab45e,0,24,24,final_screen,EndOfExperiment,2021-12-14 18:39:10.559837,1,,,5.0,181,,0.0,550bb70bfdf99b6853dab45e,1,1,al9gerxp,,,,,0
182,xahkn88m,6108311bc2f07ea9abda770d,0,24,24,final_screen,EndOfExperiment,2021-12-14 18:39:17.539397,1,,,4.0,182,,0.0,6108311bc2f07ea9abda770d,1,1,al9gerxp,,,,,0
183,wu8uod34,606e4eb2a56685e5593304cd,0,24,24,final_screen,EndOfExperiment,2021-12-14 18:39:19.263812,1,,,5.0,183,,0.0,606e4eb2a56685e5593304cd,1,1,al9gerxp,,,,,0
184,egnq7srv,5ac8f79068b65b00018d7ef9,0,24,24,final_screen,EndOfExperiment,2021-12-14 18:39:28.965506,1,,,0.0,184,,0.0,5ac8f79068b65b00018d7ef9,1,1,al9gerxp,,,,,0
185,hinolajq,5fd66ce8aec66457ff73d743,0,24,24,final_screen,EndOfExperiment,2021-12-14 18:39:31.818946,1,,,0.0,185,,0.0,5fd66ce8aec66457ff73d743,1,1,al9gerxp,,,,,0
186,rtf6ymjn,5e287b789061a504bf990894,0,24,24,final_screen,EndOfExperiment,2021-12-14 18:39:33.091471,1,,,0.0,186,,0.0,5e287b789061a504bf990894,1,1,al9gerxp,,,,,0
187,abvefiqp,6147a1c343f05087ff340b52,0,24,24,final_screen,EndOfExperiment,2021-12-14 18:39:55.847374,1,,,7.0,187,,0.0,6147a1c343f05087ff340b52,1,1,al9gerxp,,,,,0
188,2dulfboj,597fe89a1b41a20001749f57,0,24,24,final_screen,EndOfExperiment,2021-12-14 18:40:04.788010,1,,,0.0,188,,0.0,597fe89a1b41a20001749f57,1,1,al9gerxp,,,,,0
189,vf97h8m2,5b98d9362cca9c0001de161f,0,24,24,final_screen,EndOfExperiment,2021-12-14 18:40:42.504340,1,,,7.0,189,,0.0,5b98d9362cca9c0001de161f,1,1,al9gerxp,,,,,0
190,syoix4so,6151517926ff8f856c7bc8d4,0,24,24,final_screen,EndOfExperiment,2021-12-14 18:41:37.933706,1,,,5.0,190,,0.0,6151517926ff8f856c7bc8d4,1,1,al9gerxp,,,,,0
191,n555ipxn,610790e286844c36e02f906c,0,24,24,final_screen,EndOfExperiment,2021-12-14 18:42:13.636308,1,,,0.0,191,,0.0,610790e286844c36e02f906c,1,1,al9gerxp,,,,,0
192,1e8aerrw,5ed377271691ea000c548cb0,0,24,24,final_screen,EndOfExperiment,2021-12-14 18:42:27.759129,1,,,4.0,192,,0.0,5ed377271691ea000c548cb0,1,1,al9gerxp,,,,,0
193,q68imui4,60da18dba560960ea60a8fe5,0,24,24,final_screen,EndOfExperiment,2021-12-14 18:42:32.912805,1,,,10.0,193,,0.0,60da18dba560960ea60a8fe5,1,1,al9gerxp,,,,,0
194,ip5tf4n5,5e1882adfd7db4158998b5f0,0,24,24,final_screen,EndOfExperiment,2021-12-14 18:42:33.010410,1,,,4.0,194,,0.0,5e1882adfd7db4158998b5f0,1,1,al9gerxp,,,,,0
195,7a4xspnr,60ff4f840fb5130859720ab8,0,24,24,final_screen,EndOfExperiment,2021-12-14 18:42:33.489722,1,,,0.0,195,,0.0,60ff4f840fb5130859720ab8,1,1,al9gerxp,,,,,0
196,lmi46a13,5c91ab9b47fad40011be8306,0,24,24,final_screen,EndOfExperiment,2021-12-14 18:42:35.077427,1,,,10.0,196,,0.0,5c91ab9b47fad40011be8306,1,1,al9gerxp,,,,,0
197,jeuplsgc,5f4b395013fe2f6ffcd95151,0,24,24,final_screen,EndOfExperiment,2021-12-14 18:42:37.624475,1,,,3.0,197,,0.0,5f4b395013fe2f6ffcd95151,1,1,al9gerxp,,,,,0
198,r0jjq8im,5cba1809102bd400130c19e7,0,24,24,final_screen,EndOfExperiment,2021-12-14 18:42:41.029381,1,,,0.0,198,,0.0,5cba1809102bd400130c19e7,1,1,al9gerxp,,,,,0
199,pskpfevt,56435b83942576000a66eb5d,0,24,24,final_screen,EndOfExperiment,2021-12-14 18:42:42.696556,1,,,14.0,199,,0.0,56435b83942576000a66eb5d,1,1,al9gerxp,,,,,0
200,h98kulwe,5a94c0b7b5e2110001c6891e,0,24,24,final_screen,EndOfExperiment,2021-12-14 18:42:42.982734,1,,,14.0,200,,0.0,5a94c0b7b5e2110001c6891e,1,1,al9gerxp,,,,,0
201,nv5spjcr,60cac6e750602e711ed5efc6,0,24,24,final_screen,EndOfExperiment,2021-12-14 18:42:43.215274,1,,,14.0,201,,0.0,60cac6e750602e711ed5efc6,1,1,al9gerxp,,,,,0
202,dgnp7fra,5cdad620eae6f70019d4e950,0,24,24,final_screen,EndOfExperiment,2021-12-14 18:42:43.670366,1,,,12.0,202,,0.0,5cdad620eae6f70019d4e950,1,1,al9gerxp,,,,,0
203,kec9iizf,5dc46e9d28e0d544cb8248aa,0,24,24,final_screen,EndOfExperiment,2021-12-14 18:42:43.773980,1,,,7.0,203,,0.0,5dc46e9d28e0d544cb8248aa,1,1,al9gerxp,,,,,0
204,zp244yqk,5e0aa9378f1faf32c47f560c,0,24,24,final_screen,EndOfExperiment,2021-12-14 18:42:43.952822,1,,,10.0,204,,0.0,5e0aa9378f1faf32c47f560c,1,1,al9gerxp,,,,,0
205,ma7xio33,61723191b52d2b9d845f433e,0,24,24,final_screen,EndOfExperiment,2021-12-14 18:42:44.400797,1,,,8.0,205,,0.0,61723191b52d2b9d845f433e,1,1,al9gerxp,,,,,0
206,ze23cpmy,5c3fb71b36052e00016bb1a6,0,24,24,final_screen,EndOfExperiment,2021-12-14 18:42:45.132807,1,,,9.0,206,,0.0,5c3fb71b36052e00016bb1a6,1,1,al9gerxp,,,,,0
207,r68gvsu0,5fdc1918bc4c4d156d95cf5e,0,24,24,final_screen,EndOfExperiment,2021-12-14 18:42:45.495560,1,,,0.0,207,,0.0,5fdc1918bc4c4d156d95cf5e,1,1,al9gerxp,,,,,0
208,g3ec1hzk,6060cc2bf9ba38d90b1a6f12,0,24,24,final_screen,EndOfExperiment,2021-12-14 18:42:45.824101,1,,,11.0,208,,0.0,6060cc2bf9ba38d90b1a6f12,1,1,al9gerxp,,,,,0
209,t5kp5fjk,610b57f552e3982da159f85f,0,24,24,final_screen,EndOfExperiment,2021-12-14 18:42:45.891777,1,,,10.0,209,,0.0,610b57f552e3982da159f85f,1,1,al9gerxp,,,,,0
210,mq0gv7x5,5d96eeed1998fb00177f6b71,0,24,24,final_screen,EndOfExperiment,2021-12-14 18:42:47.039302,1,,,10.0,210,,0.0,5d96eeed1998fb00177f6b71,1,1,al9gerxp,,,,,0
211,fn0nbb1j,5dd33bd8f01cbe3350807cf6,0,24,24,final_screen,EndOfExperiment,2021-12-14 18:42:47.208910,1,,,10.0,211,,0.0,5dd33bd8f01cbe3350807cf6,1,1,al9gerxp,,,,,0
212,p4gcqpms,60fd84bd019682124d96c178,0,24,24,final_screen,EndOfExperiment,2021-12-14 18:42:47.332113,1,,,5.0,212,,0.0,60fd84bd019682124d96c178,1,1,al9gerxp,,,,,0
213,03krq8m6,6102dd96720f21dbed44ec01,0,24,24,final_screen,EndOfExperiment,2021-12-14 18:42:49.116188,1,,,10.0,213,,0.0,6102dd96720f21dbed44ec01,1,1,al9gerxp,,,,,0
214,12m6a8jc,5e79437d60e3c14ed20cc894,0,24,24,final_screen,EndOfExperiment,2021-12-14 18:42:49.124540,1,,,10.0,214,,0.0,5e79437d60e3c14ed20cc894,1,1,al9gerxp,,,,,0
215,8edirc8e,614672e2a81f859693652d62,0,24,24,final_screen,EndOfExperiment,2021-12-14 18:42:49.238201,1,,,14.0,215,,0.0,614672e2a81f859693652d62,1,1,al9gerxp,,,,,0
216,ariya16z,610ad7c325529b36c4598cf4,0,24,24,final_screen,EndOfExperiment,2021-12-14 18:42:49.972304,1,,,10.0,216,,0.0,610ad7c325529b36c4598cf4,1,1,al9gerxp,,,,,0
217,x1giuz6w,6108217efa3a9be841a44bb1,0,24,24,final_screen,EndOfExperiment,2021-12-14 18:42:52.756549,1,,,15.0,217,,0.0,6108217efa3a9be841a44bb1,1,1,al9gerxp,,,,,0
218,j336mq0s,5f0e9896f5e4e11e12c8f5ac,0,24,24,final_screen,EndOfExperiment,2021-12-14 18:42:55.689863,1,,,9.0,218,,0.0,5f0e9896f5e4e11e12c8f5ac,1,1,al9gerxp,,,,,0
219,lax0ugkf,5ce4150a8ea1c40019a7cebe,0,24,24,final_screen,EndOfExperiment,2021-12-14 18:43:00.258293,1,,,9.0,219,,0.0,5ce4150a8ea1c40019a7cebe,1,1,al9gerxp,,,,,0
220,rwe8gd2d,6088acc5decc809dbe82850b,0,24,24,final_screen,EndOfExperiment,2021-12-14 18:43:00.580555,1,,,11.0,220,,0.0,6088acc5decc809dbe82850b,1,1,al9gerxp,,,,,0
221,0jgb6bzq,60dbc09cc576a008f412e077,0,24,24,final_screen,EndOfExperiment,2021-12-14 18:43:01.909356,1,,,11.0,221,,0.0,60dbc09cc576a008f412e077,1,1,al9gerxp,,,,,0
222,endf09b0,5af5262f1b55800001f4a418,0,24,24,final_screen,EndOfExperiment,2021-12-14 18:43:03.220737,1,,,5.0,222,,0.0,5af5262f1b55800001f4a418,1,1,al9gerxp,,,,,0
223,zdd10zel,60b81f5f9e32d170d3ab805e,0,24,24,final_screen,EndOfExperiment,2021-12-14 18:43:03.813857,1,,,4.0,223,,0.0,60b81f5f9e32d170d3ab805e,1,1,al9gerxp,,,,,0
224,2iuu4i1z,5f87d9bfc31a1322cfc32cbd,0,24,24,final_screen,EndOfExperiment,2021-12-14 18:43:05.209038,1,,,11.0,224,,0.0,5f87d9bfc31a1322cfc32cbd,1,1,al9gerxp,,,,,0
225,vrq6xg3r,55f244e632af740012170458,0,24,24,final_screen,EndOfExperiment,2021-12-14 18:43:05.781803,1,,,9.0,225,,0.0,55f244e632af740012170458,1,1,al9gerxp,,,,,0
226,v2x7olsb,5f6a4e9f9b08d50eef23534d,0,24,24,final_screen,EndOfExperiment,2021-12-14 18:43:07.085029,1,,,5.0,226,,0.0,5f6a4e9f9b08d50eef23534d,1,1,al9gerxp,,,,,0
227,tta7r9d7,5fdca41ecb769722e2266d8a,0,24,24,final_screen,EndOfExperiment,2021-12-14 18:43:07.771538,1,,,0.0,227,,0.0,5fdca41ecb769722e2266d8a,1,1,al9gerxp,,,,,0
228,159nx2l4,5fc4868e1e58465b64455779,0,24,24,final_screen,EndOfExperiment,2021-12-14 18:43:08.334466,1,,,3.0,228,,0.0,5fc4868e1e58465b64455779,1,1,al9gerxp,,,,,0
229,b7o3fdks,5f80bc44efa2c013099af460,0,24,24,final_screen,EndOfExperiment,2021-12-14 18:43:10.811686,1,,,7.0,229,,0.0,5f80bc44efa2c013099af460,1,1,al9gerxp,,,,,0
230,y1rco6qt,5dd8c6e24c97928688acd05d,0,24,24,final_screen,EndOfExperiment,2021-12-14 18:43:25.981835,1,,,5.0,230,,0.0,5dd8c6e24c97928688acd05d,1,1,al9gerxp,,,,,0
231,d9q2uk5d,60ddf5abb47cc02285793096,0,24,24,final_screen,EndOfExperiment,2021-12-14 18:43:27.267007,1,,,0.0,231,,0.0,60ddf5abb47cc02285793096,1,1,al9gerxp,,,,,0
232,hv1vlyp4,60464c1eb5eb8b0dccd04684,0,24,24,final_screen,EndOfExperiment,2021-12-14 18:43:32.849611,1,,,4.0,232,,0.0,60464c1eb5eb8b0dccd04684,1,1,al9gerxp,,,,,0
233,zxijlj9r,5dc091fa9be08f03fb01a816,0,24,24,final_screen,EndOfExperiment,2021-12-14 18:43:38.993014,1,,,7.0,233,,0.0,5dc091fa9be08f03fb01a816,1,1,al9gerxp,,,,,0
234,t2budtvr,615f5cae42df61c24539d5b5,0,24,24,final_screen,EndOfExperiment,2021-12-14 18:43:53.414344,1,,,4.0,234,,0.0,615f5cae42df61c24539d5b5,1,1,al9gerxp,,,,,0
235,bu0dtcue,5f556bd46e6c4c93a5a90c77,0,24,24,final_screen,EndOfExperiment,2021-12-14 18:44:06.115724,1,,,10.0,235,,0.0,5f556bd46e6c4c93a5a90c77,1,1,al9gerxp,,,,,0
236,dr243xyz,5bdfb648484288000130dad0,0,24,24,final_screen,EndOfExperiment,2021-12-14 18:44:07.640575,1,,,0.0,236,,0.0,5bdfb648484288000130dad0,1,1,al9gerxp,,,,,0
237,3cagytd7,5e542a0c4b7e8c42fafa7216,0,24,24,final_screen,EndOfExperiment,2021-12-14 18:44:59.472136,1,,,5.0,237,,0.0,5e542a0c4b7e8c42fafa7216,1,1,al9gerxp,,,,,0
238,1sjqxovz,558acd52fdf99b65685f03d9,0,24,24,final_screen,EndOfExperiment,2021-12-14 18:45:49.087385,1,,,6.0,238,,0.0,558acd52fdf99b65685f03d9,1,1,al9gerxp,,,,,0
239,wxl0hw4y,61292a3404d387db5b0b2a32,0,24,24,final_screen,EndOfExperiment,2021-12-14 18:45:50.245068,1,,,0.0,239,,0.0,61292a3404d387db5b0b2a32,1,1,al9gerxp,,,,,0
240,mlhp6pjf,5f1611b74f568f177ca351c4,0,24,24,final_screen,EndOfExperiment,2021-12-14 18:48:34.803062,1,,,10.0,240,,0.0,5f1611b74f568f177ca351c4,1,1,al9gerxp,,,,,0
241,bhodxhs1,5a6b998a3fb6420001c2f97a,0,24,24,final_screen,EndOfExperiment,2021-12-14 18:49:23.720120,1,,,10.0,241,,0.0,5a6b998a3fb6420001c2f97a,1,1,al9gerxp,,,,,0
242,8n9cgwk2,5e5295b135ace5000e86a6de,0,24,24,final_screen,EndOfExperiment,2021-12-14 18:52:50.868637,1,,,8.0,242,,0.0,5e5295b135ace5000e86a6de,1,1,al9gerxp,,,,,0
243,kw3lv5v8,,0,0,24,,,,0,,,0.0,243,,0.0,,1,1,al9gerxp,,,,,0
244,ar392aqp,,0,0,24,,,,0,,,0.0,244,,0.0,,1,1,al9gerxp,,,,,0
245,brkqockc,,0,0,24,,,,0,,,0.0,245,,0.0,,1,1,al9gerxp,,,,,0
246,f2a0geem,,0,0,24,,,,0,,,0.0,246,,0.0,,1,1,al9gerxp,,,,,0
247,fde74ehi,,0,0,24,,,,0,,,0.0,247,,0.0,,1,1,al9gerxp,,,,,0
248,djniuoir,,0,0,24,,,,0,,,0.0,248,,0.0,,1,1,al9gerxp,,,,,0
249,8775hbn8,,0,0,24,,,,0,,,0.0,249,,0.0,,1,1,al9gerxp,,,,,0
250,upj7h102,,0,0,24,,,,0,,,0.0,250,,0.0,,1,1,al9gerxp,,,,,0
251,xnugb4v1,,0,0,24,,,,0,,,0.0,251,,0.0,,1,1,al9gerxp,,,,,0
252,6eqji6rs,,0,0,24,,,,0,,,0.0,252,,0.0,,1,1,al9gerxp,,,,,0
253,u6enmbgo,,0,0,24,,,,0,,,0.0,253,,0.0,,1,1,al9gerxp,,,,,0
254,72ke9xk2,,0,0,24,,,,0,,,0.0,254,,0.0,,1,1,al9gerxp,,,,,0
255,7geiooq3,,0,0,24,,,,0,,,0.0,255,,0.0,,1,1,al9gerxp,,,,,0
256,rzjxtsbl,,0,0,24,,,,0,,,0.0,256,,0.0,,1,1,al9gerxp,,,,,0
257,so1pchj8,,0,0,24,,,,0,,,0.0,257,,0.0,,1,1,al9gerxp,,,,,0
258,idwo6kw6,,0,0,24,,,,0,,,0.0,258,,0.0,,1,1,al9gerxp,,,,,0
259,yhhdb2xy,,0,0,24,,,,0,,,0.0,259,,0.0,,1,1,al9gerxp,,,,,0
260,uf205z4i,,0,0,24,,,,0,,,0.0,260,,0.0,,1,1,al9gerxp,,,,,0
261,2l811ome,,0,0,24,,,,0,,,0.0,261,,0.0,,1,1,al9gerxp,,,,,0
262,vc9n7c8u,,0,0,24,,,,0,,,0.0,262,,0.0,,1,1,al9gerxp,,,,,0
263,ftsqokyv,,0,0,24,,,,0,,,0.0,263,,0.0,,1,1,al9gerxp,,,,,0
264,gef4xkro,,0,0,24,,,,0,,,0.0,264,,0.0,,1,1,al9gerxp,,,,,0
265,ad1ezzju,,0,0,24,,,,0,,,0.0,265,,0.0,,1,1,al9gerxp,,,,,0
266,07t4dsvl,,0,0,24,,,,0,,,0.0,266,,0.0,,1,1,al9gerxp,,,,,0
267,5n6ttnb7,,0,0,24,,,,0,,,0.0,267,,0.0,,1,1,al9gerxp,,,,,0
268,4hkuxrh0,,0,0,24,,,,0,,,0.0,268,,0.0,,1,1,al9gerxp,,,,,0
269,aqzwksqc,,0,0,24,,,,0,,,0.0,269,,0.0,,1,1,al9gerxp,,,,,0
270,w6cg7f18,,0,0,24,,,,0,,,0.0,270,,0.0,,1,1,al9gerxp,,,,,0
271,hu8jcrrq,,0,0,24,,,,0,,,0.0,271,,0.0,,1,1,al9gerxp,,,,,0
272,z5voapge,,0,0,24,,,,0,,,0.0,272,,0.0,,1,1,al9gerxp,,,,,0
273,kferzpcd,,0,0,24,,,,0,,,0.0,273,,0.0,,1,1,al9gerxp,,,,,0
274,pwf44pcv,,0,0,24,,,,0,,,0.0,274,,0.0,,1,1,al9gerxp,,,,,0
275,kk3weoxi,,0,0,24,,,,0,,,0.0,275,,0.0,,1,1,al9gerxp,,,,,0
276,spuzzx9y,,0,0,24,,,,0,,,0.0,276,,0.0,,1,1,al9gerxp,,,,,0
277,4m3vz1dx,,0,0,24,,,,0,,,0.0,277,,0.0,,1,1,al9gerxp,,,,,0
278,lqr6ilvq,,0,0,24,,,,0,,,0.0,278,,0.0,,1,1,al9gerxp,,,,,0
279,yejzfq0d,,0,0,24,,,,0,,,0.0,279,,0.0,,1,1,al9gerxp,,,,,0
280,65dqvy8x,,0,0,24,,,,0,,,0.0,280,,0.0,,1,1,al9gerxp,,,,,0
281,skewnu6u,,0,0,24,,,,0,,,0.0,281,,0.0,,1,1,al9gerxp,,,,,0
282,ox4pcnhb,,0,0,24,,,,0,,,0.0,282,,0.0,,1,1,al9gerxp,,,,,0
283,vqyo6sp7,,0,0,24,,,,0,,,0.0,283,,0.0,,1,1,al9gerxp,,,,,0
284,65p8197t,,0,0,24,,,,0,,,0.0,284,,0.0,,1,1,al9gerxp,,,,,0
285,odxnlzww,,0,0,24,,,,0,,,0.0,285,,0.0,,1,1,al9gerxp,,,,,0
286,sp6spf5a,,0,0,24,,,,0,,,0.0,286,,0.0,,1,1,al9gerxp,,,,,0
287,zpbcdxev,,0,0,24,,,,0,,,0.0,287,,0.0,,1,1,al9gerxp,,,,,0
288,0duh9cb9,,0,0,24,,,,0,,,0.0,288,,0.0,,1,1,al9gerxp,,,,,0
289,9zyfx243,,0,0,24,,,,0,,,0.0,289,,0.0,,1,1,al9gerxp,,,,,0
290,h3huo683,,0,0,24,,,,0,,,0.0,290,,0.0,,1,1,al9gerxp,,,,,0
291,64i1tj3t,,0,0,24,,,,0,,,0.0,291,,0.0,,1,1,al9gerxp,,,,,0
292,d1u6ff34,,0,0,24,,,,0,,,0.0,292,,0.0,,1,1,al9gerxp,,,,,0
293,ma16egzm,,0,0,24,,,,0,,,0.0,293,,0.0,,1,1,al9gerxp,,,,,0
294,o807eult,,0,0,24,,,,0,,,0.0,294,,0.0,,1,1,al9gerxp,,,,,0
295,rfgye41h,,0,0,24,,,,0,,,0.0,295,,0.0,,1,1,al9gerxp,,,,,0
296,quv6awpx,,0,0,24,,,,0,,,0.0,296,,0.0,,1,1,al9gerxp,,,,,0
297,4xmq15ko,,0,0,24,,,,0,,,0.0,297,,0.0,,1,1,al9gerxp,,,,,0
298,a6ikzwhv,,0,0,24,,,,0,,,0.0,298,,0.0,,1,1,al9gerxp,,,,,0
299,f0r3zja5,,0,0,24,,,,0,,,0.0,299,,0.0,,1,1,al9gerxp,,,,,0
300,7tjid9da,,0,0,24,,,,0,,,0.0,300,,0.0,,1,1,al9gerxp,,,,,0
301,eexe93d3,,0,0,24,,,,0,,,0.0,301,,0.0,,1,1,al9gerxp,,,,,0
302,ba9svgcd,,0,0,24,,,,0,,,0.0,302,,0.0,,1,1,al9gerxp,,,,,0
303,b7txklv0,,0,0,24,,,,0,,,0.0,303,,0.0,,1,1,al9gerxp,,,,,0
304,hvutjpja,,0,0,24,,,,0,,,0.0,304,,0.0,,1,1,al9gerxp,,,,,0
305,ef7v5j5z,,0,0,24,,,,0,,,0.0,305,,0.0,,1,1,al9gerxp,,,,,0
306,scjopyk2,,0,0,24,,,,0,,,0.0,306,,0.0,,1,1,al9gerxp,,,,,0
307,pmx87xve,,0,0,24,,,,0,,,0.0,307,,0.0,,1,1,al9gerxp,,,,,0
308,kdjtu3ex,,0,0,24,,,,0,,,0.0,308,,0.0,,1,1,al9gerxp,,,,,0
309,zzz522wq,,0,0,24,,,,0,,,0.0,309,,0.0,,1,1,al9gerxp,,,,,0
310,21331w1f,,0,0,24,,,,0,,,0.0,310,,0.0,,1,1,al9gerxp,,,,,0
311,j1cpm5ci,,0,0,24,,,,0,,,0.0,311,,0.0,,1,1,al9gerxp,,,,,0
312,zq2flfev,,0,0,24,,,,0,,,0.0,312,,0.0,,1,1,al9gerxp,,,,,0
313,t82jkli0,,0,0,24,,,,0,,,0.0,313,,0.0,,1,1,al9gerxp,,,,,0
314,aa7dnmug,,0,0,24,,,,0,,,0.0,314,,0.0,,1,1,al9gerxp,,,,,0
315,rhk3pa1q,,0,0,24,,,,0,,,0.0,315,,0.0,,1,1,al9gerxp,,,,,0
316,86xf4iil,,0,0,24,,,,0,,,0.0,316,,0.0,,1,1,al9gerxp,,,,,0
317,zn42nml4,,0,0,24,,,,0,,,0.0,317,,0.0,,1,1,al9gerxp,,,,,0
318,7dogysvu,,0,0,24,,,,0,,,0.0,318,,0.0,,1,1,al9gerxp,,,,,0
319,pfmbeyl3,,0,0,24,,,,0,,,0.0,319,,0.0,,1,1,al9gerxp,,,,,0
320,q0fmhd8w,,0,0,24,,,,0,,,0.0,320,,0.0,,1,1,al9gerxp,,,,,0
321,m4yz367e,,0,0,24,,,,0,,,0.0,321,,0.0,,1,1,al9gerxp,,,,,0
322,jlpu9y37,,0,0,24,,,,0,,,0.0,322,,0.0,,1,1,al9gerxp,,,,,0
323,6et5qon4,,0,0,24,,,,0,,,0.0,323,,0.0,,1,1,al9gerxp,,,,,0
324,nefm8cef,,0,0,24,,,,0,,,0.0,324,,0.0,,1,1,al9gerxp,,,,,0
325,1nv4isjm,,0,0,24,,,,0,,,0.0,325,,0.0,,1,1,al9gerxp,,,,,0
326,r58r9bqh,,0,0,24,,,,0,,,0.0,326,,0.0,,1,1,al9gerxp,,,,,0
327,q4ndo72t,,0,0,24,,,,0,,,0.0,327,,0.0,,1,1,al9gerxp,,,,,0
328,vstshcvy,,0,0,24,,,,0,,,0.0,328,,0.0,,1,1,al9gerxp,,,,,0
329,ah8b54sb,,0,0,24,,,,0,,,0.0,329,,0.0,,1,1,al9gerxp,,,,,0
330,5k3wx2ym,,0,0,24,,,,0,,,0.0,330,,0.0,,1,1,al9gerxp,,,,,0
331,312atocd,,0,0,24,,,,0,,,0.0,331,,0.0,,1,1,al9gerxp,,,,,0
332,d7rjs4j9,,0,0,24,,,,0,,,0.0,332,,0.0,,1,1,al9gerxp,,,,,0
333,39hq0kye,,0,0,24,,,,0,,,0.0,333,,0.0,,1,1,al9gerxp,,,,,0
334,3muggpfy,,0,0,24,,,,0,,,0.0,334,,0.0,,1,1,al9gerxp,,,,,0
335,pjsy4wha,,0,0,24,,,,0,,,0.0,335,,0.0,,1,1,al9gerxp,,,,,0
336,z2hnupk5,,0,0,24,,,,0,,,0.0,336,,0.0,,1,1,al9gerxp,,,,,0
337,05nyxmvx,,0,0,24,,,,0,,,0.0,337,,0.0,,1,1,al9gerxp,,,,,0
338,ikmtki4n,,0,0,24,,,,0,,,0.0,338,,0.0,,1,1,al9gerxp,,,,,0
339,bg73f9qj,,0,0,24,,,,0,,,0.0,339,,0.0,,1,1,al9gerxp,,,,,0
340,e4mraqux,,0,0,24,,,,0,,,0.0,340,,0.0,,1,1,al9gerxp,,,,,0
341,4m57xsxf,,0,0,24,,,,0,,,0.0,341,,0.0,,1,1,al9gerxp,,,,,0
342,ihw9ow5k,,0,0,24,,,,0,,,0.0,342,,0.0,,1,1,al9gerxp,,,,,0
343,32adzp2c,,0,0,24,,,,0,,,0.0,343,,0.0,,1,1,al9gerxp,,,,,0
344,nvvt2uh1,,0,0,24,,,,0,,,0.0,344,,0.0,,1,1,al9gerxp,,,,,0
345,qcc2dhyq,,0,0,24,,,,0,,,0.0,345,,0.0,,1,1,al9gerxp,,,,,0
346,29m6week,,0,0,24,,,,0,,,0.0,346,,0.0,,1,1,al9gerxp,,,,,0
347,csdperk0,,0,0,24,,,,0,,,0.0,347,,0.0,,1,1,al9gerxp,,,,,0
348,5ujr4gd0,,0,0,24,,,,0,,,0.0,348,,0.0,,1,1,al9gerxp,,,,,0
349,cccsgogk,,0,0,24,,,,0,,,0.0,349,,0.0,,1,1,al9gerxp,,,,,0
350,iml0welj,,0,0,24,,,,0,,,0.0,350,,0.0,,1,1,al9gerxp,,,,,0
351,rz07nsjf,,0,0,24,,,,0,,,0.0,351,,0.0,,1,1,al9gerxp,,,,,0
352,qu1g3bos,,0,0,24,,,,0,,,0.0,352,,0.0,,1,1,al9gerxp,,,,,0
353,ykh330ol,,0,0,24,,,,0,,,0.0,353,,0.0,,1,1,al9gerxp,,,,,0
354,4ic3ihpk,,0,0,24,,,,0,,,0.0,354,,0.0,,1,1,al9gerxp,,,,,0
355,emdthm5i,,0,0,24,,,,0,,,0.0,355,,0.0,,1,1,al9gerxp,,,,,0
356,6d5l1z73,,0,0,24,,,,0,,,0.0,356,,0.0,,1,1,al9gerxp,,,,,0
357,5tqtf8ne,,0,0,24,,,,0,,,0.0,357,,0.0,,1,1,al9gerxp,,,,,0
358,dkz32nig,,0,0,24,,,,0,,,0.0,358,,0.0,,1,1,al9gerxp,,,,,0
359,g8zs2mdp,,0,0,24,,,,0,,,0.0,359,,0.0,,1,1,al9gerxp,,,,,0
360,uiy0mady,,0,0,24,,,,0,,,0.0,360,,0.0,,1,1,al9gerxp,,,,,0
361,jwd73vfq,,0,0,24,,,,0,,,0.0,361,,0.0,,1,1,al9gerxp,,,,,0
362,2ywg69c0,,0,0,24,,,,0,,,0.0,362,,0.0,,1,1,al9gerxp,,,,,0
363,w4djxkl5,,0,0,24,,,,0,,,0.0,363,,0.0,,1,1,al9gerxp,,,,,0
364,c93dcr3r,,0,0,24,,,,0,,,0.0,364,,0.0,,1,1,al9gerxp,,,,,0
365,2gexu592,,0,0,24,,,,0,,,0.0,365,,0.0,,1,1,al9gerxp,,,,,0
366,kghvl66x,,0,0,24,,,,0,,,0.0,366,,0.0,,1,1,al9gerxp,,,,,0
367,7chnsp48,,0,0,24,,,,0,,,0.0,367,,0.0,,1,1,al9gerxp,,,,,0
368,4yvduekm,,0,0,24,,,,0,,,0.0,368,,0.0,,1,1,al9gerxp,,,,,0
369,qr9rtd5n,,0,0,24,,,,0,,,0.0,369,,0.0,,1,1,al9gerxp,,,,,0
370,d5nsfhjh,,0,0,24,,,,0,,,0.0,370,,0.0,,1,1,al9gerxp,,,,,0
371,tb3y7ovi,,0,0,24,,,,0,,,0.0,371,,0.0,,1,1,al9gerxp,,,,,0
372,97fsn5we,,0,0,24,,,,0,,,0.0,372,,0.0,,1,1,al9gerxp,,,,,0
373,9vyp6vdr,,0,0,24,,,,0,,,0.0,373,,0.0,,1,1,al9gerxp,,,,,0
374,x1q35h74,,0,0,24,,,,0,,,0.0,374,,0.0,,1,1,al9gerxp,,,,,0
375,kbq1q8q8,,0,0,24,,,,0,,,0.0,375,,0.0,,1,1,al9gerxp,,,,,0
376,0rk1h5jy,,0,0,24,,,,0,,,0.0,376,,0.0,,1,1,al9gerxp,,,,,0
377,uwihynrm,,0,0,24,,,,0,,,0.0,377,,0.0,,1,1,al9gerxp,,,,,0
378,mkmr4009,,0,0,24,,,,0,,,0.0,378,,0.0,,1,1,al9gerxp,,,,,0
379,3t2alze6,,0,0,24,,,,0,,,0.0,379,,0.0,,1,1,al9gerxp,,,,,0
380,g19fia7y,,0,0,24,,,,0,,,0.0,380,,0.0,,1,1,al9gerxp,,,,,0
381,gsksgj9z,,0,0,24,,,,0,,,0.0,381,,0.0,,1,1,al9gerxp,,,,,0
382,va5629j4,,0,0,24,,,,0,,,0.0,382,,0.0,,1,1,al9gerxp,,,,,0
383,g66z7b9x,,0,0,24,,,,0,,,0.0,383,,0.0,,1,1,al9gerxp,,,,,0
384,y4364vpq,,0,0,24,,,,0,,,0.0,384,,0.0,,1,1,al9gerxp,,,,,0
385,5xbkfsdj,,0,0,24,,,,0,,,0.0,385,,0.0,,1,1,al9gerxp,,,,,0
386,huflxdnw,,0,0,24,,,,0,,,0.0,386,,0.0,,1,1,al9gerxp,,,,,0
387,1wlw48bx,,0,0,24,,,,0,,,0.0,387,,0.0,,1,1,al9gerxp,,,,,0
388,ncnvf42y,,0,0,24,,,,0,,,0.0,388,,0.0,,1,1,al9gerxp,,,,,0
389,lcaa5j3d,,0,0,24,,,,0,,,0.0,389,,0.0,,1,1,al9gerxp,,,,,0
390,8yjuscb2,,0,0,24,,,,0,,,0.0,390,,0.0,,1,1,al9gerxp,,,,,0
391,egh705u2,,0,0,24,,,,0,,,0.0,391,,0.0,,1,1,al9gerxp,,,,,0
392,72diei1m,,0,0,24,,,,0,,,0.0,392,,0.0,,1,1,al9gerxp,,,,,0
393,grk2iixa,,0,0,24,,,,0,,,0.0,393,,0.0,,1,1,al9gerxp,,,,,0
394,hb40v0aw,,0,0,24,,,,0,,,0.0,394,,0.0,,1,1,al9gerxp,,,,,0
395,kzp0k6rk,,0,0,24,,,,0,,,0.0,395,,0.0,,1,1,al9gerxp,,,,,0
396,q4k1p3in,,0,0,24,,,,0,,,0.0,396,,0.0,,1,1,al9gerxp,,,,,0
397,t1uj5vt2,,0,0,24,,,,0,,,0.0,397,,0.0,,1,1,al9gerxp,,,,,0
398,q4amcn8y,,0,0,24,,,,0,,,0.0,398,,0.0,,1,1,al9gerxp,,,,,0
399,wpsnudwt,,0,0,24,,,,0,,,0.0,399,,0.0,,1,1,al9gerxp,,,,,0
400,fpq57hgb,,0,0,24,,,,0,,,0.0,400,,0.0,,1,1,al9gerxp,,,,,0
