participant.id_in_session,participant.code,participant.label,participant._is_bot,participant._index_in_pages,participant._max_page_index,participant._current_app_name,participant._current_page_name,participant.time_started_utc,participant.visited,participant.mturk_worker_id,participant.mturk_assignment_id,participant.payoff,player.id_in_group,player.role,player.payoff,player.treatment,player.offer,player.accept_minimum,player.accept,player.rmse,group.id_in_subsession,subsession.round_number,session.code,session.label,session.mturk_HITId,session.mturk_HITGroupId,session.comment,session.is_demo
1,eseupx9v,5ba292385301b80001c71ba2,0,24,24,final_screen,EndOfExperiment,2021-12-14 18:25:26.031360,1,,,10.0,1,,0.0,,,,,,1,1,al9gerxp,,,,,0
2,7nnt8cnw,610325a6052741bbfb84bcd1,0,24,24,final_screen,EndOfExperiment,2021-12-14 18:25:26.321303,1,,,10.0,2,,0.0,,,,,,1,1,al9gerxp,,,,,0
3,6jbjtley,615f54a5141128cf81b7e857,0,24,24,final_screen,EndOfExperiment,2021-12-14 18:25:26.810111,1,,,5.0,3,,0.0,,,,,,1,1,al9gerxp,,,,,0
4,larnh907,5fb3d71c3144730009fe4a7b,0,24,24,final_screen,EndOfExperiment,2021-12-14 18:25:31.084867,1,,,7.0,4,,0.0,,,,,,1,1,al9gerxp,,,,,0
5,esp622n7,567dd32b4f0ef30006dbb718,0,24,24,final_screen,EndOfExperiment,2021-12-14 18:25:33.476431,1,,,15.0,5,,0.0,,,,,,1,1,al9gerxp,,,,,0
6,evy424nl,5c2fcd716ea6880001dc8e3d,0,24,24,final_screen,EndOfExperiment,2021-12-14 18:25:33.974607,1,,,0.0,6,,0.0,burned,7.0,9.0,0,2.6457513110645907,1,1,al9gerxp,,,,,0
7,ly1etsgq,6016f95c56f32e8df6e841af,0,24,24,final_screen,EndOfExperiment,2021-12-14 18:25:34.366010,1,,,9.0,7,,0.0,,,,,,1,1,al9gerxp,,,,,0
8,3yje8zd1,61087e4fc006ee7d6be38641,0,24,24,final_screen,EndOfExperiment,2021-12-14 18:25:34.572804,1,,,10.0,8,,0.0,,,,,,1,1,al9gerxp,,,,,0
9,p0t5epzi,5e9f70a9eec34b1108c84413,0,24,24,final_screen,EndOfExperiment,2021-12-14 18:25:35.305548,1,,,11.0,9,,0.0,,,,,,1,1,al9gerxp,,,,,0
10,2538q0fm,613443bb8a6a4d961ffcd917,0,24,24,final_screen,EndOfExperiment,2021-12-14 18:25:35.666770,1,,,15.0,10,,0.0,,,,,,1,1,al9gerxp,,,,,0
11,s4z776we,5f0fab5abdec9a1aff2b2744,0,24,24,final_screen,EndOfExperiment,2021-12-14 18:25:36.553408,1,,,10.0,11,,0.0,,,,,,1,1,al9gerxp,,,,,0
12,kegfujam,5dd55652f30aa650f027e1c2,0,8,24,trust_robot_firstmover_strategy,Instructions,2021-12-14 18:25:36.794305,1,,,0.0,12,,0.0,,,,,,1,1,al9gerxp,,,,,0
13,vmf5iv1u,5dcea7314d51e4107516c80d,0,24,24,final_screen,EndOfExperiment,2021-12-14 18:25:37.341988,1,,,10.0,13,,0.0,,,,,,1,1,al9gerxp,,,,,0
14,0dcb0nhg,6060bdd2935a3eb3bdcdb835,0,24,24,final_screen,EndOfExperiment,2021-12-14 18:25:37.652566,1,,,12.0,14,,0.0,,,,,,1,1,al9gerxp,,,,,0
15,ikx1ez2i,59f226a9d6380600018b2923,0,24,24,final_screen,EndOfExperiment,2021-12-14 18:25:37.894731,1,,,12.0,15,,0.0,,,,,,1,1,al9gerxp,,,,,0
16,ig6cjryp,60fdfd265d53f620ef2c3929,0,24,24,final_screen,EndOfExperiment,2021-12-14 18:25:37.952762,1,,,14.0,16,,0.0,,,,,,1,1,al9gerxp,,,,,0
17,ezwdxl7r,600673836848dc9fb0e79785,0,24,24,final_screen,EndOfExperiment,2021-12-14 18:25:38.095924,1,,,10.0,17,,0.0,,,,,,1,1,al9gerxp,,,,,0
18,gznighs1,6042d4d08ec254253f0865b8,0,24,24,final_screen,EndOfExperiment,2021-12-14 18:25:38.599981,1,,,8.0,18,,0.0,,,,,,1,1,al9gerxp,,,,,0
19,83wzcwaw,614fb4cad115bf288f786dee,0,24,24,final_screen,EndOfExperiment,2021-12-14 18:25:39.756950,1,,,13.0,19,,0.0,,,,,,1,1,al9gerxp,,,,,0
20,ychot3ny,6095e4f37b49956d05961a4b,0,24,24,final_screen,EndOfExperiment,2021-12-14 18:25:40.514033,1,,,10.0,20,,0.0,,,,,,1,1,al9gerxp,,,,,0
21,qfpydu4r,61035836646fb6ee2152f950,0,24,24,final_screen,EndOfExperiment,2021-12-14 18:25:41.270087,1,,,8.0,21,,0.0,,,,,,1,1,al9gerxp,,,,,0
22,phbhqfsb,5658000ca9872d0011e1ba26,0,24,24,final_screen,EndOfExperiment,2021-12-14 18:25:42.311592,1,,,14.0,22,,0.0,,,,,,1,1,al9gerxp,,,,,0
23,ejn1ysc6,615f2b3f0eafbabe579b889a,0,24,24,final_screen,EndOfExperiment,2021-12-14 18:25:42.445643,1,,,11.0,23,,0.0,,,,,,1,1,al9gerxp,,,,,0
24,trcs7j7e,5e3309ad239ceb2d47d47c4a,0,24,24,final_screen,EndOfExperiment,2021-12-14 18:25:42.437764,1,,,20.0,24,,0.0,,,,,,1,1,al9gerxp,,,,,0
25,wqqasgph,6019944a6de5a00dff9c8a32,0,24,24,final_screen,EndOfExperiment,2021-12-14 18:25:42.697219,1,,,9.0,25,,0.0,,,,,,1,1,al9gerxp,,,,,0
26,mlu7h7wj,5eaff2eac963900392c6dc48,0,24,24,final_screen,EndOfExperiment,2021-12-14 18:25:44.903838,1,,,17.0,26,,0.0,,,,,,1,1,al9gerxp,,,,,0
27,28g4b13b,59ff47d47ecfc50001be0555,0,24,24,final_screen,EndOfExperiment,2021-12-14 18:25:45.062000,1,,,5.0,27,,0.0,,,,,,1,1,al9gerxp,,,,,0
28,nehppf8l,610978200236b59da80571e7,0,24,24,final_screen,EndOfExperiment,2021-12-14 18:25:47.747532,1,,,11.0,28,,0.0,,,,,,1,1,al9gerxp,,,,,0
29,eil4qa24,5bdf513338109a0001f474c8,0,24,24,final_screen,EndOfExperiment,2021-12-14 18:25:50.667798,1,,,13.0,29,,0.0,,,,,,1,1,al9gerxp,,,,,0
30,22da6iab,60ff2fc7ff799a89b38e6adc,0,24,24,final_screen,EndOfExperiment,2021-12-14 18:25:50.772654,1,,,12.0,30,,0.0,,,,,,1,1,al9gerxp,,,,,0
31,i1otl5c2,614fe903e5acda6e19a9bc39,0,24,24,final_screen,EndOfExperiment,2021-12-14 18:25:51.595857,1,,,9.0,31,,0.0,,,,,,1,1,al9gerxp,,,,,0
32,a4xr4zmg,60e5eceb989f38c746723024,0,24,24,final_screen,EndOfExperiment,2021-12-14 18:25:55.479832,1,,,0.0,32,,0.0,no info,7.0,5.0,0,2.0,1,1,al9gerxp,,,,,0
33,11m5i1k5,5c40bb8880392f00015e8910,0,24,24,final_screen,EndOfExperiment,2021-12-14 18:25:56.550667,1,,,0.0,33,,0.0,burned,6.0,5.0,0,1.7320508075688772,1,1,al9gerxp,,,,,0
34,devkh3ii,60fd01cc86bb3e402db85e93,0,24,24,final_screen,EndOfExperiment,2021-12-14 18:25:58.584507,1,,,7.0,34,,0.0,,,,,,1,1,al9gerxp,,,,,0
35,lnbelsab,5c2789fc1694480001e4c4e3,0,24,24,final_screen,EndOfExperiment,2021-12-14 18:26:00.933914,1,,,5.0,35,,5.0,machine earns,5.0,0.0,1,1.0,1,1,al9gerxp,,,,,0
36,8vnsi815,61520150b24df0af47d5c7f3,0,24,24,final_screen,EndOfExperiment,2021-12-14 18:26:11.385063,1,,,5.0,36,,5.0,token,5.0,2.0,1,2.449489742783178,1,1,al9gerxp,,,,,0
37,0xnwye6m,5c55fec09fcbc40001dc50b5,0,24,24,final_screen,EndOfExperiment,2021-12-14 18:26:11.906319,1,,,4.0,37,,4.0,machine earns,6.0,1.0,1,1.4142135623730951,1,1,al9gerxp,,,,,0
38,fhrvmznt,6170406b453e66204b8beed3,0,24,24,final_screen,EndOfExperiment,2021-12-14 18:26:24.208741,1,,,3.0,38,,3.0,no info,7.0,0.0,1,1.7320508075688772,1,1,al9gerxp,,,,,0
39,e710zhrj,5c748b9188fdc20017c60436,0,24,24,final_screen,EndOfExperiment,2021-12-14 18:26:27.360042,1,,,5.0,39,,5.0,programmer,5.0,4.0,1,2.6457513110645907,1,1,al9gerxp,,,,,0
40,frqafgqg,60d79f82b917a3cfd6643432,0,24,24,final_screen,EndOfExperiment,2021-12-14 18:26:32.278407,1,,,3.0,40,,3.0,token,7.0,0.0,1,2.449489742783178,1,1,al9gerxp,,,,,0
41,qgoxwwit,5dd9f0e719eecb97dfab7b48,0,24,24,final_screen,EndOfExperiment,2021-12-14 18:26:32.313787,1,,,0.0,41,,0.0,programmer,7.0,4.0,0,0.0,1,1,al9gerxp,,,,,0
42,bz6yp0tj,60306cf6330619ee41fa3cd2,0,24,24,final_screen,EndOfExperiment,2021-12-14 18:26:47.890660,1,,,7.0,42,,0.0,,,,,,1,1,al9gerxp,,,,,0
43,5ymfkirn,5fce2f690262d007e3ceec0a,0,24,24,final_screen,EndOfExperiment,2021-12-14 18:27:15.248500,1,,,8.0,43,,0.0,,,,,,1,1,al9gerxp,,,,,0
44,55uj91hu,5fec956243c578e38ad84250,0,24,24,final_screen,EndOfExperiment,2021-12-14 18:27:17.000944,1,,,7.0,44,,0.0,,,,,,1,1,al9gerxp,,,,,0
45,hw3o7ooo,5f4d40ca75b5258bf5af8cca,0,24,24,final_screen,EndOfExperiment,2021-12-14 18:27:27.262808,1,,,5.0,45,,0.0,,,,,,1,1,al9gerxp,,,,,0
46,gx7fw3oy,610767787cedfee7eb040a80,0,24,24,final_screen,EndOfExperiment,2021-12-14 18:27:47.225933,1,,,7.0,46,,0.0,,,,,,1,1,al9gerxp,,,,,0
47,pozacd2p,5c872cded9fe700001024123,0,24,24,final_screen,EndOfExperiment,2021-12-14 18:29:25.653912,1,,,4.0,47,,4.0,machine earns,6.0,3.0,1,1.0,1,1,al9gerxp,,,,,0
48,w34hut9l,5b9b0f12d1ff7a00013b3b8a,0,24,24,final_screen,EndOfExperiment,2021-12-14 18:29:30.906723,1,,,8.0,48,,0.0,,,,,,1,1,al9gerxp,,,,,0
49,2vcbpzk7,5c0ddc894bc2690001b67bd0,0,24,24,final_screen,EndOfExperiment,2021-12-14 18:29:31.382498,1,,,0.0,49,,0.0,burned,6.0,5.0,0,1.4142135623730951,1,1,al9gerxp,,,,,0
50,5syc80nb,5c33ccf9377d960001044af0,0,24,24,final_screen,EndOfExperiment,2021-12-14 18:29:33.363176,1,,,2.0,50,,0.0,,,,,,1,1,al9gerxp,,,,,0
51,r459pzy2,60a7d8b0fc03b8046e42b211,0,24,24,final_screen,EndOfExperiment,2021-12-14 18:29:34.975195,1,,,0.0,51,,0.0,,,,,,1,1,al9gerxp,,,,,0
52,52ltqnj2,614ee347a57616853a7b1356,0,24,24,final_screen,EndOfExperiment,2021-12-14 18:29:35.069785,1,,,7.0,52,,0.0,,,,,,1,1,al9gerxp,,,,,0
53,wqiz6dda,60121fca666552254559110d,0,24,24,final_screen,EndOfExperiment,2021-12-14 18:29:36.218673,1,,,14.0,53,,0.0,,,,,,1,1,al9gerxp,,,,,0
54,i7t9uesp,610c46ec070a815a79afe046,0,24,24,final_screen,EndOfExperiment,2021-12-14 18:29:38.261887,1,,,10.0,54,,0.0,,,,,,1,1,al9gerxp,,,,,0
55,e8w6xg9u,5bbc18010cb04c00015025ce,0,24,24,final_screen,EndOfExperiment,2021-12-14 18:29:39.486008,1,,,4.0,55,,0.0,,,,,,1,1,al9gerxp,,,,,0
56,t7167c6k,5c509cad3e4c8400010ac228,0,24,24,final_screen,EndOfExperiment,2021-12-14 18:29:39.567863,1,,,10.0,56,,0.0,,,,,,1,1,al9gerxp,,,,,0
57,8t8anjpb,60fdaf0e27b6ed924e1a28d0,0,24,24,final_screen,EndOfExperiment,2021-12-14 18:29:39.956840,1,,,5.0,57,,0.0,,,,,,1,1,al9gerxp,,,,,0
58,zfa80s5i,5ec6d423fc10270f0bbbc90e,0,24,24,final_screen,EndOfExperiment,2021-12-14 18:29:42.326342,1,,,11.0,58,,0.0,,,,,,1,1,al9gerxp,,,,,0
59,7d3ogrpx,614e8940d8d08d51a2785582,0,24,24,final_screen,EndOfExperiment,2021-12-14 18:29:42.503080,1,,,12.0,59,,0.0,,,,,,1,1,al9gerxp,,,,,0
60,i2c584zz,5ececb180ce9a12d14704ef5,0,24,24,final_screen,EndOfExperiment,2021-12-14 18:29:43.794067,1,,,10.0,60,,0.0,,,,,,1,1,al9gerxp,,,,,0
61,skfe3lea,5e8b0faa3d71b07b69ef26f4,0,23,24,survey,Survey,2021-12-14 18:29:44.609616,1,,,5.0,61,,0.0,,,,,,1,1,al9gerxp,,,,,0
62,9iiwpzt3,5d9f8573ce3daf0015e3e400,0,24,24,final_screen,EndOfExperiment,2021-12-14 18:29:45.050732,1,,,10.0,62,,0.0,,,,,,1,1,al9gerxp,,,,,0
63,8i6522pf,60feb1a03c29d23a1476520f,0,24,24,final_screen,EndOfExperiment,2021-12-14 18:29:45.184618,1,,,5.0,63,,0.0,,,,,,1,1,al9gerxp,,,,,0
64,e1p74p4t,6108103e7cdaf6c911ee5c4c,0,24,24,final_screen,EndOfExperiment,2021-12-14 18:29:47.721712,1,,,8.0,64,,0.0,,,,,,1,1,al9gerxp,,,,,0
65,gr26jgv5,55e7b91341988f000575d6b5,0,24,24,final_screen,EndOfExperiment,2021-12-14 18:29:48.932304,1,,,13.0,65,,0.0,,,,,,1,1,al9gerxp,,,,,0
66,plf8cokx,5e5e5b2488479216d9171d1b,0,24,24,final_screen,EndOfExperiment,2021-12-14 18:29:49.470880,1,,,10.0,66,,0.0,,,,,,1,1,al9gerxp,,,,,0
67,xfmovl3c,61099736cede2ad0e1b3ba78,0,24,24,final_screen,EndOfExperiment,2021-12-14 18:29:49.628782,1,,,13.0,67,,0.0,,,,,,1,1,al9gerxp,,,,,0
68,wwimoh43,611eb5db46ee495d60b16aae,0,24,24,final_screen,EndOfExperiment,2021-12-14 18:29:50.030351,1,,,5.0,68,,5.0,machine earns,5.0,5.0,1,2.449489742783178,1,1,al9gerxp,,,,,0
69,7dmi0lnt,5c27e76978fad500019328cc,0,24,24,final_screen,EndOfExperiment,2021-12-14 18:29:50.074273,1,,,10.0,69,,0.0,,,,,,1,1,al9gerxp,,,,,0
70,08s8soqb,603e86969a3fd3ec23e64a13,0,24,24,final_screen,EndOfExperiment,2021-12-14 18:29:50.487019,1,,,15.0,70,,0.0,,,,,,1,1,al9gerxp,,,,,0
71,h0duyyfk,5ddd675deb3973cbee9e415c,0,24,24,final_screen,EndOfExperiment,2021-12-14 18:29:51.007308,1,,,6.0,71,,0.0,,,,,,1,1,al9gerxp,,,,,0
72,70qyu6xu,593ab35d51244c00013dcb69,0,24,24,final_screen,EndOfExperiment,2021-12-14 18:29:53.404768,1,,,10.0,72,,0.0,,,,,,1,1,al9gerxp,,,,,0
73,6ghi2wzl,5c347cb8bef9a20001e30950,0,24,24,final_screen,EndOfExperiment,2021-12-14 18:29:53.747972,1,,,5.0,73,,5.0,token,5.0,5.0,1,2.449489742783178,1,1,al9gerxp,,,,,0
74,9tja34ot,5f357a52ddc87914266543e3,0,24,24,final_screen,EndOfExperiment,2021-12-14 18:29:53.776974,1,,,4.0,74,,0.0,,,,,,1,1,al9gerxp,,,,,0
75,acd7k1h5,6102d5e6ff92a8dd0cce6b8f,0,24,24,final_screen,EndOfExperiment,2021-12-14 18:29:54.660364,1,,,14.0,75,,0.0,,,,,,1,1,al9gerxp,,,,,0
76,xvrl1kqh,61380e91fdd449e05017e8ac,0,24,24,final_screen,EndOfExperiment,2021-12-14 18:29:54.981897,1,,,11.0,76,,0.0,,,,,,1,1,al9gerxp,,,,,0
77,ctog2b89,5fd1a05738899d1bab2798ec,0,24,24,final_screen,EndOfExperiment,2021-12-14 18:29:56.976851,1,,,10.0,77,,0.0,,,,,,1,1,al9gerxp,,,,,0
78,lo91mjw1,5e8eab0540aaf41584d9b1b9,0,24,24,final_screen,EndOfExperiment,2021-12-14 18:29:56.982289,1,,,17.0,78,,0.0,,,,,,1,1,al9gerxp,,,,,0
79,vw3mccxt,5d1e5ece2e9ac30016b522c5,0,24,24,final_screen,EndOfExperiment,2021-12-14 18:29:58.286237,1,,,0.0,79,,0.0,,,,,,1,1,al9gerxp,,,,,0
80,h8r46rqn,6111782b298eff6c31853ea8,0,24,24,final_screen,EndOfExperiment,2021-12-14 18:29:59.001954,1,,,5.0,80,,5.0,no info,5.0,4.0,1,1.4142135623730951,1,1,al9gerxp,,,,,0
81,wiobcsgn,5cb553b7a0ccb30017e5b617,0,24,24,final_screen,EndOfExperiment,2021-12-14 18:30:01.430075,1,,,9.0,81,,0.0,,,,,,1,1,al9gerxp,,,,,0
82,wi7ivi90,5d63867550d0dd0017805976,0,24,24,final_screen,EndOfExperiment,2021-12-14 18:30:01.955874,1,,,4.0,82,,4.0,programmer,6.0,4.0,1,1.4142135623730951,1,1,al9gerxp,,,,,0
83,nte5w51a,5c01d3c509e9c70001500b10,0,24,24,final_screen,EndOfExperiment,2021-12-14 18:30:03.059230,1,,,0.0,83,,0.0,no info,7.0,4.0,0,2.23606797749979,1,1,al9gerxp,,,,,0
84,ceopj5bn,5f5e32a0d6a12c6857b8e127,0,24,24,final_screen,EndOfExperiment,2021-12-14 18:30:03.529940,1,,,11.0,84,,0.0,,,,,,1,1,al9gerxp,,,,,0
85,dwppgoma,60bd784514215b77d2a0f4d8,0,24,24,final_screen,EndOfExperiment,2021-12-14 18:30:04.909271,1,,,5.0,85,,5.0,token,5.0,1.0,1,1.4142135623730951,1,1,al9gerxp,,,,,0
86,qetidtam,5f3e5e066dfaa70464615447,0,24,24,final_screen,EndOfExperiment,2021-12-14 18:30:05.285753,1,,,6.0,86,,0.0,,,,,,1,1,al9gerxp,,,,,0
87,ohzm5sti,61158574ed206f98ac50dba7,0,24,24,final_screen,EndOfExperiment,2021-12-14 18:30:07.716703,1,,,5.0,87,,5.0,burned,5.0,4.0,1,0.0,1,1,al9gerxp,,,,,0
88,zn3rnk7e,5d586fdc8200f50001f03a0e,0,24,24,final_screen,EndOfExperiment,2021-12-14 18:30:07.961656,1,,,9.0,88,,0.0,,,,,,1,1,al9gerxp,,,,,0
89,qgk47hmk,60d3740f31606cb50e49f00c,0,24,24,final_screen,EndOfExperiment,2021-12-14 18:30:09.705197,1,,,12.0,89,,0.0,,,,,,1,1,al9gerxp,,,,,0
90,mqbxki1l,58d069219dbe3f0001258793,0,24,24,final_screen,EndOfExperiment,2021-12-14 18:30:12.543831,1,,,7.0,90,,0.0,,,,,,1,1,al9gerxp,,,,,0
91,u2zf7piq,57dd766bbcd7150001ded5de,0,24,24,final_screen,EndOfExperiment,2021-12-14 18:30:18.846109,1,,,0.0,91,,0.0,programmer,5.0,6.0,0,2.23606797749979,1,1,al9gerxp,,,,,0
92,4h3wiu11,6107d9c1e9a66a284ebcb9d3,0,24,24,final_screen,EndOfExperiment,2021-12-14 18:30:35.276693,1,,,4.0,92,,0.0,,,,,,1,1,al9gerxp,,,,,0
93,qthawos1,583b397f54686200010f1d20,0,24,24,final_screen,EndOfExperiment,2021-12-14 18:30:38.934432,1,,,9.0,93,,0.0,,,,,,1,1,al9gerxp,,,,,0
94,9jsclvod,6108d6efa698e3dbe3b313d3,0,24,24,final_screen,EndOfExperiment,2021-12-14 18:32:17.975470,1,,,5.0,94,,0.0,,,,,,1,1,al9gerxp,,,,,0
95,qgk9xdvo,6110d7f556da416401efdd5f,0,24,24,final_screen,EndOfExperiment,2021-12-14 18:34:48.458408,1,,,10.0,95,,0.0,,,,,,1,1,al9gerxp,,,,,0
96,zrxt1gpi,610e02ecfec09b71ff681d86,0,24,24,final_screen,EndOfExperiment,2021-12-14 18:34:49.695203,1,,,2.0,96,,0.0,,,,,,1,1,al9gerxp,,,,,0
97,ua0weqv6,60ef5b83e2e741ea6d220c92,0,24,24,final_screen,EndOfExperiment,2021-12-14 18:34:51.334585,1,,,7.0,97,,0.0,,,,,,1,1,al9gerxp,,,,,0
98,uetkh54g,5edaa52a54fe056e4bc55408,0,24,24,final_screen,EndOfExperiment,2021-12-14 18:34:51.525869,1,,,0.0,98,,0.0,token,6.0,5.0,0,1.7320508075688772,1,1,al9gerxp,,,,,0
99,03zp6r29,614e220aee4e0bd0529d6edd,0,24,24,final_screen,EndOfExperiment,2021-12-14 18:34:51.601759,1,,,6.0,99,,0.0,,,,,,1,1,al9gerxp,,,,,0
100,ak1avl0v,5ff8b291840bed124061d389,0,24,24,final_screen,EndOfExperiment,2021-12-14 18:34:51.874732,1,,,10.0,100,,0.0,,,,,,1,1,al9gerxp,,,,,0
101,km7kzcht,615628f39024e679836b778b,0,24,24,final_screen,EndOfExperiment,2021-12-14 18:34:52.432361,1,,,10.0,101,,0.0,,,,,,1,1,al9gerxp,,,,,0
102,8g2zgj51,5fd298b32f6cb7062fd9aea0,0,24,24,final_screen,EndOfExperiment,2021-12-14 18:34:53.320062,1,,,8.0,102,,0.0,,,,,,1,1,al9gerxp,,,,,0
103,87qpj1mn,5e4e844553bc702cdf68404d,0,24,24,final_screen,EndOfExperiment,2021-12-14 18:34:54.343896,1,,,5.0,103,,0.0,,,,,,1,1,al9gerxp,,,,,0
104,hfdwsdh4,5b7cbe9db630cf000125dffe,0,24,24,final_screen,EndOfExperiment,2021-12-14 18:34:55.570377,1,,,10.0,104,,0.0,,,,,,1,1,al9gerxp,,,,,0
105,f3lq0z3k,5ea48ae3461d1044f2d282cc,0,24,24,final_screen,EndOfExperiment,2021-12-14 18:34:57.089437,1,,,4.0,105,,0.0,,,,,,1,1,al9gerxp,,,,,0
106,cjgrkyo9,5e38823f0d70ef099d5e5a56,0,24,24,final_screen,EndOfExperiment,2021-12-14 18:34:57.133201,1,,,10.0,106,,0.0,,,,,,1,1,al9gerxp,,,,,0
107,mrl767pe,60feed0aea95a63cd3aade71,0,24,24,final_screen,EndOfExperiment,2021-12-14 18:34:58.366563,1,,,8.0,107,,0.0,,,,,,1,1,al9gerxp,,,,,0
108,c9gvdtgq,5f4d2e57030fef9b371373a5,0,24,24,final_screen,EndOfExperiment,2021-12-14 18:34:58.661624,1,,,10.0,108,,0.0,,,,,,1,1,al9gerxp,,,,,0
109,57vvd46k,60fd9f121d7dd0dbad241575,0,24,24,final_screen,EndOfExperiment,2021-12-14 18:34:58.833322,1,,,14.0,109,,0.0,,,,,,1,1,al9gerxp,,,,,0
110,s0z6a4b8,60bd28cc95ab27d4f4f6ada3,0,24,24,final_screen,EndOfExperiment,2021-12-14 18:34:59.146110,1,,,11.0,110,,0.0,,,,,,1,1,al9gerxp,,,,,0
111,rij5kh66,602a86bb76d5ee0770e1943d,0,24,24,final_screen,EndOfExperiment,2021-12-14 18:35:00.929167,1,,,7.0,111,,0.0,,,,,,1,1,al9gerxp,,,,,0
112,4yno2nsq,5f4fe40c4af6f3120ff17532,0,8,24,trust_robot_firstmover_strategy,Instructions,2021-12-14 18:35:01.068234,1,,,0.0,112,,0.0,,,,,,1,1,al9gerxp,,,,,0
113,dmj4v2y9,5c12f106c4b80e000192c472,0,24,24,final_screen,EndOfExperiment,2021-12-14 18:35:01.110900,1,,,10.0,113,,0.0,,,,,,1,1,al9gerxp,,,,,0
114,hee9d6x9,5f902184d7badd065adb604b,0,24,24,final_screen,EndOfExperiment,2021-12-14 18:35:01.991822,1,,,5.0,114,,5.0,machine earns,5.0,4.0,1,1.7320508075688772,1,1,al9gerxp,,,,,0
115,j5zwkkoc,6172378d423fdf1acdc2d212,0,24,24,final_screen,EndOfExperiment,2021-12-14 18:35:03.694806,1,,,6.0,115,,0.0,,,,,,1,1,al9gerxp,,,,,0
116,6y1n17ev,5f2b0d992bd6f94c51adeac4,0,24,24,final_screen,EndOfExperiment,2021-12-14 18:35:03.753476,1,,,5.0,116,,0.0,,,,,,1,1,al9gerxp,,,,,0
117,mjsfm4vn,60bcfa3d9cfc3d429181e927,0,24,24,final_screen,EndOfExperiment,2021-12-14 18:35:03.648543,1,,,9.0,117,,0.0,,,,,,1,1,al9gerxp,,,,,0
118,wnxj5k2m,5c57ab1509864e0001361c74,0,24,24,final_screen,EndOfExperiment,2021-12-14 18:35:04.127548,1,,,13.0,118,,0.0,,,,,,1,1,al9gerxp,,,,,0
119,yfobxqo6,5f7785e49588a42e71b2466a,0,24,24,final_screen,EndOfExperiment,2021-12-14 18:35:04.641961,1,,,14.0,119,,0.0,,,,,,1,1,al9gerxp,,,,,0
120,6fzbwt13,5bc9f8b677740000016a08b5,0,24,24,final_screen,EndOfExperiment,2021-12-14 18:35:05.144251,1,,,14.0,120,,0.0,,,,,,1,1,al9gerxp,,,,,0
121,vzb872hp,6109482350367148ce0aa834,0,24,24,final_screen,EndOfExperiment,2021-12-14 18:35:05.614445,1,,,10.0,121,,0.0,,,,,,1,1,al9gerxp,,,,,0
122,x6xqh33z,6101667971d68405d105698a,0,24,24,final_screen,EndOfExperiment,2021-12-14 18:35:05.951441,1,,,9.0,122,,0.0,,,,,,1,1,al9gerxp,,,,,0
123,e82c1oj5,615fad239fd8b6f7c048057a,0,24,24,final_screen,EndOfExperiment,2021-12-14 18:35:06.315658,1,,,14.0,123,,0.0,,,,,,1,1,al9gerxp,,,,,0
124,e8xicilf,5e46f490a5748507c57e3c5f,0,24,24,final_screen,EndOfExperiment,2021-12-14 18:35:06.952246,1,,,0.0,124,,0.0,no info,5.0,6.0,0,1.4142135623730951,1,1,al9gerxp,,,,,0
125,wql1znsf,60fcb2b45504d8488ab13968,0,24,24,final_screen,EndOfExperiment,2021-12-14 18:35:08.577601,1,,,11.0,125,,0.0,,,,,,1,1,al9gerxp,,,,,0
126,0ax8av86,5e71a80784155f0c75a56c70,0,24,24,final_screen,EndOfExperiment,2021-12-14 18:35:08.863976,1,,,13.0,126,,0.0,,,,,,1,1,al9gerxp,,,,,0
127,9tu3pusy,61003d8f50af08227da7fd77,0,24,24,final_screen,EndOfExperiment,2021-12-14 18:35:09.232005,1,,,12.0,127,,0.0,,,,,,1,1,al9gerxp,,,,,0
128,m3tr0a56,5dbf704fa3f5cb40876271fc,0,24,24,final_screen,EndOfExperiment,2021-12-14 18:35:09.237891,1,,,5.0,128,,5.0,no info,5.0,0.0,1,2.0,1,1,al9gerxp,,,,,0
129,hah22424,5dd3e5b66d52253c0e37e402,0,24,24,final_screen,EndOfExperiment,2021-12-14 18:35:19.385520,1,,,13.0,129,,0.0,,,,,,1,1,al9gerxp,,,,,0
130,x8faevzn,60b6938ae5e1bcc48326db9e,0,24,24,final_screen,EndOfExperiment,2021-12-14 18:35:25.763652,1,,,7.0,130,,0.0,,,,,,1,1,al9gerxp,,,,,0
131,lxaus657,57dd186e6598aa0001992616,0,24,24,final_screen,EndOfExperiment,2021-12-14 18:35:26.406621,1,,,4.0,131,,4.0,burned,6.0,1.0,1,2.449489742783178,1,1,al9gerxp,,,,,0
132,geyktwmh,5ee3a34e16ad19048aef74f6,0,24,24,final_screen,EndOfExperiment,2021-12-14 18:35:31.218658,1,,,5.0,132,,5.0,machine earns,5.0,1.0,1,1.4142135623730951,1,1,al9gerxp,,,,,0
133,tn3f5k6t,604b9e6373c491acd8aec923,0,24,24,final_screen,EndOfExperiment,2021-12-14 18:35:35.172093,1,,,5.0,133,,5.0,burned,5.0,5.0,1,1.4142135623730951,1,1,al9gerxp,,,,,0
134,ssnevi3r,61280902667000b761f45570,0,24,24,final_screen,EndOfExperiment,2021-12-14 18:35:37.411535,1,,,4.0,134,,4.0,token,6.0,2.0,1,1.4142135623730951,1,1,al9gerxp,,,,,0
135,xi410quy,5fe17e28d8918b3fae67ec4d,0,24,24,final_screen,EndOfExperiment,2021-12-14 18:35:56.845825,1,,,2.0,135,,0.0,,,,,,1,1,al9gerxp,,,,,0
136,hufrkryu,61095aa08fbfc362fd8c2f4b,0,24,24,final_screen,EndOfExperiment,2021-12-14 18:36:04.357669,1,,,5.0,136,,5.0,programmer,5.0,1.0,1,1.7320508075688772,1,1,al9gerxp,,,,,0
137,l3667ots,61230b14a3bcb65c585dfdaa,0,24,24,final_screen,EndOfExperiment,2021-12-14 18:36:07.093120,1,,,0.0,137,,0.0,programmer,6.0,5.0,0,1.7320508075688772,1,1,al9gerxp,,,,,0
138,c23h2j8o,6026d1eca0c0d1400dcfbbd6,0,24,24,final_screen,EndOfExperiment,2021-12-14 18:36:15.660201,1,,,8.0,138,,0.0,,,,,,1,1,al9gerxp,,,,,0
139,nc354vqh,5dccb82a76eab294aa4837ff,0,24,24,final_screen,EndOfExperiment,2021-12-14 18:36:50.025801,1,,,6.0,139,,0.0,,,,,,1,1,al9gerxp,,,,,0
140,a8ue9y7h,5ecd4acdb218ec085c6eefe6,0,24,24,final_screen,EndOfExperiment,2021-12-14 18:37:51.349117,1,,,0.0,140,,0.0,,,,,,1,1,al9gerxp,,,,,0
141,ccdbc80c,5f981f8cf4b92c07ac93e2fe,0,24,24,final_screen,EndOfExperiment,2021-12-14 18:38:18.404343,1,,,0.0,141,,0.0,machine earns,6.0,7.0,0,1.0,1,1,al9gerxp,,,,,0
142,12ov3vbd,5e0e1b8800a6bf000a694f79,0,24,24,final_screen,EndOfExperiment,2021-12-14 18:38:29.686159,1,,,0.0,142,,0.0,machine earns,6.0,5.0,0,2.6457513110645907,1,1,al9gerxp,,,,,0
143,zt4jd3ax,5eaf1a2c649fd108284c2b5f,0,24,24,final_screen,EndOfExperiment,2021-12-14 18:38:30.763967,1,,,9.0,143,,0.0,,,,,,1,1,al9gerxp,,,,,0
144,wdb32tbf,581649f0b434f0000184d2a9,0,24,24,final_screen,EndOfExperiment,2021-12-14 18:38:30.867606,1,,,12.0,144,,0.0,,,,,,1,1,al9gerxp,,,,,0
145,vr6b29m5,60d105cd7e245d9c98c756ab,0,24,24,final_screen,EndOfExperiment,2021-12-14 18:38:34.445852,1,,,7.0,145,,0.0,,,,,,1,1,al9gerxp,,,,,0
146,5lvad1tb,615c777509f34c8977bc45a7,0,24,24,final_screen,EndOfExperiment,2021-12-14 18:38:35.814583,1,,,9.0,146,,0.0,,,,,,1,1,al9gerxp,,,,,0
147,1yus2ogp,5f2a12f5837dd81e5881b7cc,0,24,24,final_screen,EndOfExperiment,2021-12-14 18:38:37.166228,1,,,10.0,147,,0.0,,,,,,1,1,al9gerxp,,,,,0
148,mxjtfgzf,5e2721b01160079464059b5c,0,24,24,final_screen,EndOfExperiment,2021-12-14 18:38:37.851699,1,,,9.0,148,,0.0,,,,,,1,1,al9gerxp,,,,,0
149,ctebuutp,60fce0bedbae8b8996c93203,0,24,24,final_screen,EndOfExperiment,2021-12-14 18:38:38.400253,1,,,0.0,149,,0.0,,,,,,1,1,al9gerxp,,,,,0
150,308b5y2f,60fc7aac153cdd782a763977,0,24,24,final_screen,EndOfExperiment,2021-12-14 18:38:38.595389,1,,,5.0,150,,5.0,token,5.0,5.0,1,1.0,1,1,al9gerxp,,,,,0
151,em74fxge,5d93b788fdfe9d001c00c255,0,24,24,final_screen,EndOfExperiment,2021-12-14 18:38:39.230162,1,,,9.0,151,,0.0,,,,,,1,1,al9gerxp,,,,,0
152,1rjk3das,5c05f6e5d30e3200016e1ed5,0,24,24,final_screen,EndOfExperiment,2021-12-14 18:38:40.183551,1,,,11.0,152,,0.0,,,,,,1,1,al9gerxp,,,,,0
153,d5rq2w1b,5fa4f94e535f3b1aa628e0ab,0,24,24,final_screen,EndOfExperiment,2021-12-14 18:38:40.558583,1,,,9.0,153,,0.0,,,,,,1,1,al9gerxp,,,,,0
154,4m3ckn8q,5e861812b23b0a22ef59c4ee,0,24,24,final_screen,EndOfExperiment,2021-12-14 18:38:42.060339,1,,,5.0,154,,0.0,,,,,,1,1,al9gerxp,,,,,0
155,h4j1rgw7,5a8e54c9f49c9a0001f3dc3f,0,24,24,final_screen,EndOfExperiment,2021-12-14 18:38:43.545077,1,,,9.0,155,,0.0,,,,,,1,1,al9gerxp,,,,,0
156,bblgraxb,614e028ecf892a8c9ba41c3f,0,24,24,final_screen,EndOfExperiment,2021-12-14 18:38:43.679447,1,,,8.0,156,,0.0,,,,,,1,1,al9gerxp,,,,,0
157,3yjjmwhx,61003ee2373062aab4f83efc,0,5,24,dictator_robot,Instructions,2021-12-14 18:38:43.878691,1,,,0.0,157,,0.0,,,,,,1,1,al9gerxp,,,,,0
158,b9tip70y,60ff10b949a92707f6fafe2c,0,24,24,final_screen,EndOfExperiment,2021-12-14 18:38:45.954908,1,,,9.0,158,,0.0,,,,,,1,1,al9gerxp,,,,,0
159,2xapqgdr,58a43e029a17120001d910d5,0,24,24,final_screen,EndOfExperiment,2021-12-14 18:38:46.362089,1,,,5.0,159,,5.0,programmer,5.0,5.0,1,1.7320508075688772,1,1,al9gerxp,,,,,0
160,mdhcub55,5be0f2c478a95e000186d639,0,24,24,final_screen,EndOfExperiment,2021-12-14 18:38:46.880612,1,,,6.0,160,,0.0,,,,,,1,1,al9gerxp,,,,,0
161,5mynsbqp,5e04b9be7adf4bf23f066a2a,0,24,24,final_screen,EndOfExperiment,2021-12-14 18:38:47.652457,1,,,9.0,161,,0.0,,,,,,1,1,al9gerxp,,,,,0
162,hzhy88gu,5f6388c21b14c5079764e750,0,24,24,final_screen,EndOfExperiment,2021-12-14 18:38:47.490673,1,,,11.0,162,,0.0,,,,,,1,1,al9gerxp,,,,,0
163,ubjfr8b6,592bb32c943e670001cde123,0,24,24,final_screen,EndOfExperiment,2021-12-14 18:38:47.722598,1,,,9.0,163,,0.0,,,,,,1,1,al9gerxp,,,,,0
164,180jmm8d,5dd33b9159b1b033ec2cf634,0,24,24,final_screen,EndOfExperiment,2021-12-14 18:38:48.784971,1,,,7.0,164,,0.0,,,,,,1,1,al9gerxp,,,,,0
165,878c4u7g,5f15dc270a46a66f60691e4a,0,24,24,final_screen,EndOfExperiment,2021-12-14 18:38:49.451130,1,,,0.0,165,,0.0,no info,6.0,5.0,0,2.0,1,1,al9gerxp,,,,,0
166,7xq7hf6v,5eb1f6fc96a926357133cbb1,0,24,24,final_screen,EndOfExperiment,2021-12-14 18:38:50.021395,1,,,4.0,166,,0.0,,,,,,1,1,al9gerxp,,,,,0
167,zvyxooxp,5ae3563e5cd05500015ed96b,0,24,24,final_screen,EndOfExperiment,2021-12-14 18:38:50.733719,1,,,13.0,167,,0.0,,,,,,1,1,al9gerxp,,,,,0
168,8ispu3kr,611130b78c077f0127a0b9fc,0,24,24,final_screen,EndOfExperiment,2021-12-14 18:38:50.757209,1,,,0.0,168,,0.0,,,,,,1,1,al9gerxp,,,,,0
169,graemhk1,5b18248744127b00013f90ce,0,24,24,final_screen,EndOfExperiment,2021-12-14 18:38:50.795110,1,,,16.0,169,,0.0,,,,,,1,1,al9gerxp,,,,,0
170,h7n5aw2l,5d2215e737363e0001651a63,0,24,24,final_screen,EndOfExperiment,2021-12-14 18:38:51.364288,1,,,17.0,170,,0.0,,,,,,1,1,al9gerxp,,,,,0
171,i55cwl5u,614b2c704c7b1994cb48e1c7,0,24,24,final_screen,EndOfExperiment,2021-12-14 18:38:52.810742,1,,,6.0,171,,0.0,,,,,,1,1,al9gerxp,,,,,0
172,rv5xisng,5fed01281d6cb4f2fef20220,0,24,24,final_screen,EndOfExperiment,2021-12-14 18:38:52.948007,1,,,5.0,172,,0.0,,,,,,1,1,al9gerxp,,,,,0
173,okmydw1x,6101d686dc9bf9c963e5856d,0,24,24,final_screen,EndOfExperiment,2021-12-14 18:38:55.900824,1,,,10.0,173,,0.0,,,,,,1,1,al9gerxp,,,,,0
174,t6w8gzte,5a9262251eda410001360b2c,0,24,24,final_screen,EndOfExperiment,2021-12-14 18:38:56.802600,1,,,5.0,174,,0.0,,,,,,1,1,al9gerxp,,,,,0
175,j93n5cv5,60db58d0caaad90d54013aa7,0,24,24,final_screen,EndOfExperiment,2021-12-14 18:38:57.892245,1,,,8.0,175,,0.0,,,,,,1,1,al9gerxp,,,,,0
176,jy7y4y1m,616eee064fa84629904802ab,0,24,24,final_screen,EndOfExperiment,2021-12-14 18:39:02.180439,1,,,8.0,176,,0.0,,,,,,1,1,al9gerxp,,,,,0
177,4texoc06,60fce4839af7ae2441e60551,0,24,24,final_screen,EndOfExperiment,2021-12-14 18:39:04.395549,1,,,12.0,177,,0.0,,,,,,1,1,al9gerxp,,,,,0
178,2pa4mowi,5fbda708e368851d517637de,0,24,24,final_screen,EndOfExperiment,2021-12-14 18:39:04.651272,1,,,12.0,178,,0.0,,,,,,1,1,al9gerxp,,,,,0
179,55fx1gsi,60d63e407fce934334a5e025,0,24,24,final_screen,EndOfExperiment,2021-12-14 18:39:05.397829,1,,,10.0,179,,0.0,,,,,,1,1,al9gerxp,,,,,0
180,nxeugzat,5d7cefc73f9ae70018b400f1,0,24,24,final_screen,EndOfExperiment,2021-12-14 18:39:05.937151,1,,,14.0,180,,0.0,,,,,,1,1,al9gerxp,,,,,0
181,pvimhsnk,550bb70bfdf99b6853dab45e,0,24,24,final_screen,EndOfExperiment,2021-12-14 18:39:10.559837,1,,,5.0,181,,5.0,programmer,5.0,5.0,1,2.23606797749979,1,1,al9gerxp,,,,,0
182,xahkn88m,6108311bc2f07ea9abda770d,0,24,24,final_screen,EndOfExperiment,2021-12-14 18:39:17.539397,1,,,4.0,182,,4.0,burned,6.0,3.0,1,2.0,1,1,al9gerxp,,,,,0
183,wu8uod34,606e4eb2a56685e5593304cd,0,24,24,final_screen,EndOfExperiment,2021-12-14 18:39:19.263812,1,,,5.0,183,,5.0,no info,5.0,2.0,1,2.0,1,1,al9gerxp,,,,,0
184,egnq7srv,5ac8f79068b65b00018d7ef9,0,24,24,final_screen,EndOfExperiment,2021-12-14 18:39:28.965506,1,,,0.0,184,,0.0,programmer,5.0,6.0,0,2.0,1,1,al9gerxp,,,,,0
185,hinolajq,5fd66ce8aec66457ff73d743,0,24,24,final_screen,EndOfExperiment,2021-12-14 18:39:31.818946,1,,,0.0,185,,0.0,token,8.0,10.0,0,1.4142135623730951,1,1,al9gerxp,,,,,0
186,rtf6ymjn,5e287b789061a504bf990894,0,24,24,final_screen,EndOfExperiment,2021-12-14 18:39:33.091471,1,,,0.0,186,,0.0,burned,6.0,6.0,0,1.7320508075688772,1,1,al9gerxp,,,,,0
187,abvefiqp,6147a1c343f05087ff340b52,0,24,24,final_screen,EndOfExperiment,2021-12-14 18:39:55.847374,1,,,7.0,187,,0.0,,,,,,1,1,al9gerxp,,,,,0
188,2dulfboj,597fe89a1b41a20001749f57,0,24,24,final_screen,EndOfExperiment,2021-12-14 18:40:04.788010,1,,,0.0,188,,0.0,,,,,,1,1,al9gerxp,,,,,0
189,vf97h8m2,5b98d9362cca9c0001de161f,0,24,24,final_screen,EndOfExperiment,2021-12-14 18:40:42.504340,1,,,7.0,189,,0.0,,,,,,1,1,al9gerxp,,,,,0
190,syoix4so,6151517926ff8f856c7bc8d4,0,24,24,final_screen,EndOfExperiment,2021-12-14 18:41:37.933706,1,,,5.0,190,,0.0,,,,,,1,1,al9gerxp,,,,,0
191,n555ipxn,610790e286844c36e02f906c,0,24,24,final_screen,EndOfExperiment,2021-12-14 18:42:13.636308,1,,,0.0,191,,0.0,,,,,,1,1,al9gerxp,,,,,0
192,1e8aerrw,5ed377271691ea000c548cb0,0,24,24,final_screen,EndOfExperiment,2021-12-14 18:42:27.759129,1,,,4.0,192,,4.0,burned,6.0,0.0,1,1.7320508075688772,1,1,al9gerxp,,,,,0
193,q68imui4,60da18dba560960ea60a8fe5,0,24,24,final_screen,EndOfExperiment,2021-12-14 18:42:32.912805,1,,,10.0,193,,0.0,,,,,,1,1,al9gerxp,,,,,0
194,ip5tf4n5,5e1882adfd7db4158998b5f0,0,24,24,final_screen,EndOfExperiment,2021-12-14 18:42:33.010410,1,,,4.0,194,,4.0,no info,6.0,0.0,1,2.0,1,1,al9gerxp,,,,,0
195,7a4xspnr,60ff4f840fb5130859720ab8,0,24,24,final_screen,EndOfExperiment,2021-12-14 18:42:33.489722,1,,,0.0,195,,0.0,,,,,,1,1,al9gerxp,,,,,0
196,lmi46a13,5c91ab9b47fad40011be8306,0,24,24,final_screen,EndOfExperiment,2021-12-14 18:42:35.077427,1,,,10.0,196,,0.0,,,,,,1,1,al9gerxp,,,,,0
197,jeuplsgc,5f4b395013fe2f6ffcd95151,0,24,24,final_screen,EndOfExperiment,2021-12-14 18:42:37.624475,1,,,3.0,197,,0.0,,,,,,1,1,al9gerxp,,,,,0
198,r0jjq8im,5cba1809102bd400130c19e7,0,24,24,final_screen,EndOfExperiment,2021-12-14 18:42:41.029381,1,,,0.0,198,,0.0,,,,,,1,1,al9gerxp,,,,,0
199,pskpfevt,56435b83942576000a66eb5d,0,24,24,final_screen,EndOfExperiment,2021-12-14 18:42:42.696556,1,,,14.0,199,,0.0,,,,,,1,1,al9gerxp,,,,,0
200,h98kulwe,5a94c0b7b5e2110001c6891e,0,24,24,final_screen,EndOfExperiment,2021-12-14 18:42:42.982734,1,,,14.0,200,,0.0,,,,,,1,1,al9gerxp,,,,,0
201,nv5spjcr,60cac6e750602e711ed5efc6,0,24,24,final_screen,EndOfExperiment,2021-12-14 18:42:43.215274,1,,,14.0,201,,0.0,,,,,,1,1,al9gerxp,,,,,0
202,dgnp7fra,5cdad620eae6f70019d4e950,0,24,24,final_screen,EndOfExperiment,2021-12-14 18:42:43.670366,1,,,12.0,202,,0.0,,,,,,1,1,al9gerxp,,,,,0
203,kec9iizf,5dc46e9d28e0d544cb8248aa,0,24,24,final_screen,EndOfExperiment,2021-12-14 18:42:43.773980,1,,,7.0,203,,0.0,,,,,,1,1,al9gerxp,,,,,0
204,zp244yqk,5e0aa9378f1faf32c47f560c,0,24,24,final_screen,EndOfExperiment,2021-12-14 18:42:43.952822,1,,,10.0,204,,0.0,,,,,,1,1,al9gerxp,,,,,0
205,ma7xio33,61723191b52d2b9d845f433e,0,24,24,final_screen,EndOfExperiment,2021-12-14 18:42:44.400797,1,,,8.0,205,,0.0,,,,,,1,1,al9gerxp,,,,,0
206,ze23cpmy,5c3fb71b36052e00016bb1a6,0,24,24,final_screen,EndOfExperiment,2021-12-14 18:42:45.132807,1,,,9.0,206,,0.0,,,,,,1,1,al9gerxp,,,,,0
207,r68gvsu0,5fdc1918bc4c4d156d95cf5e,0,24,24,final_screen,EndOfExperiment,2021-12-14 18:42:45.495560,1,,,0.0,207,,0.0,,,,,,1,1,al9gerxp,,,,,0
208,g3ec1hzk,6060cc2bf9ba38d90b1a6f12,0,24,24,final_screen,EndOfExperiment,2021-12-14 18:42:45.824101,1,,,11.0,208,,0.0,,,,,,1,1,al9gerxp,,,,,0
209,t5kp5fjk,610b57f552e3982da159f85f,0,24,24,final_screen,EndOfExperiment,2021-12-14 18:42:45.891777,1,,,10.0,209,,0.0,,,,,,1,1,al9gerxp,,,,,0
210,mq0gv7x5,5d96eeed1998fb00177f6b71,0,24,24,final_screen,EndOfExperiment,2021-12-14 18:42:47.039302,1,,,10.0,210,,0.0,,,,,,1,1,al9gerxp,,,,,0
211,fn0nbb1j,5dd33bd8f01cbe3350807cf6,0,24,24,final_screen,EndOfExperiment,2021-12-14 18:42:47.208910,1,,,10.0,211,,0.0,,,,,,1,1,al9gerxp,,,,,0
212,p4gcqpms,60fd84bd019682124d96c178,0,24,24,final_screen,EndOfExperiment,2021-12-14 18:42:47.332113,1,,,5.0,212,,5.0,burned,5.0,5.0,1,2.23606797749979,1,1,al9gerxp,,,,,0
213,03krq8m6,6102dd96720f21dbed44ec01,0,24,24,final_screen,EndOfExperiment,2021-12-14 18:42:49.116188,1,,,10.0,213,,0.0,,,,,,1,1,al9gerxp,,,,,0
214,12m6a8jc,5e79437d60e3c14ed20cc894,0,24,24,final_screen,EndOfExperiment,2021-12-14 18:42:49.124540,1,,,10.0,214,,0.0,,,,,,1,1,al9gerxp,,,,,0
215,8edirc8e,614672e2a81f859693652d62,0,24,24,final_screen,EndOfExperiment,2021-12-14 18:42:49.238201,1,,,14.0,215,,0.0,,,,,,1,1,al9gerxp,,,,,0
216,ariya16z,610ad7c325529b36c4598cf4,0,24,24,final_screen,EndOfExperiment,2021-12-14 18:42:49.972304,1,,,10.0,216,,0.0,,,,,,1,1,al9gerxp,,,,,0
217,x1giuz6w,6108217efa3a9be841a44bb1,0,24,24,final_screen,EndOfExperiment,2021-12-14 18:42:52.756549,1,,,15.0,217,,0.0,,,,,,1,1,al9gerxp,,,,,0
218,j336mq0s,5f0e9896f5e4e11e12c8f5ac,0,24,24,final_screen,EndOfExperiment,2021-12-14 18:42:55.689863,1,,,9.0,218,,0.0,,,,,,1,1,al9gerxp,,,,,0
219,lax0ugkf,5ce4150a8ea1c40019a7cebe,0,24,24,final_screen,EndOfExperiment,2021-12-14 18:43:00.258293,1,,,9.0,219,,0.0,,,,,,1,1,al9gerxp,,,,,0
220,rwe8gd2d,6088acc5decc809dbe82850b,0,24,24,final_screen,EndOfExperiment,2021-12-14 18:43:00.580555,1,,,11.0,220,,0.0,,,,,,1,1,al9gerxp,,,,,0
221,0jgb6bzq,60dbc09cc576a008f412e077,0,24,24,final_screen,EndOfExperiment,2021-12-14 18:43:01.909356,1,,,11.0,221,,0.0,,,,,,1,1,al9gerxp,,,,,0
222,endf09b0,5af5262f1b55800001f4a418,0,24,24,final_screen,EndOfExperiment,2021-12-14 18:43:03.220737,1,,,5.0,222,,5.0,token,5.0,3.0,1,2.6457513110645907,1,1,al9gerxp,,,,,0
223,zdd10zel,60b81f5f9e32d170d3ab805e,0,24,24,final_screen,EndOfExperiment,2021-12-14 18:43:03.813857,1,,,4.0,223,,4.0,programmer,6.0,0.0,1,0.0,1,1,al9gerxp,,,,,0
224,2iuu4i1z,5f87d9bfc31a1322cfc32cbd,0,24,24,final_screen,EndOfExperiment,2021-12-14 18:43:05.209038,1,,,11.0,224,,0.0,,,,,,1,1,al9gerxp,,,,,0
225,vrq6xg3r,55f244e632af740012170458,0,24,24,final_screen,EndOfExperiment,2021-12-14 18:43:05.781803,1,,,9.0,225,,0.0,,,,,,1,1,al9gerxp,,,,,0
226,v2x7olsb,5f6a4e9f9b08d50eef23534d,0,24,24,final_screen,EndOfExperiment,2021-12-14 18:43:07.085029,1,,,5.0,226,,0.0,,,,,,1,1,al9gerxp,,,,,0
227,tta7r9d7,5fdca41ecb769722e2266d8a,0,24,24,final_screen,EndOfExperiment,2021-12-14 18:43:07.771538,1,,,0.0,227,,0.0,machine earns,5.0,10.0,0,2.449489742783178,1,1,al9gerxp,,,,,0
228,159nx2l4,5fc4868e1e58465b64455779,0,24,24,final_screen,EndOfExperiment,2021-12-14 18:43:08.334466,1,,,3.0,228,,0.0,,,,,,1,1,al9gerxp,,,,,0
229,b7o3fdks,5f80bc44efa2c013099af460,0,24,24,final_screen,EndOfExperiment,2021-12-14 18:43:10.811686,1,,,7.0,229,,0.0,,,,,,1,1,al9gerxp,,,,,0
230,y1rco6qt,5dd8c6e24c97928688acd05d,0,24,24,final_screen,EndOfExperiment,2021-12-14 18:43:25.981835,1,,,5.0,230,,5.0,token,5.0,5.0,1,2.23606797749979,1,1,al9gerxp,,,,,0
231,d9q2uk5d,60ddf5abb47cc02285793096,0,24,24,final_screen,EndOfExperiment,2021-12-14 18:43:27.267007,1,,,0.0,231,,0.0,machine earns,6.0,7.0,0,1.4142135623730951,1,1,al9gerxp,,,,,0
232,hv1vlyp4,60464c1eb5eb8b0dccd04684,0,24,24,final_screen,EndOfExperiment,2021-12-14 18:43:32.849611,1,,,4.0,232,,4.0,no info,6.0,1.0,1,2.6457513110645907,1,1,al9gerxp,,,,,0
233,zxijlj9r,5dc091fa9be08f03fb01a816,0,24,24,final_screen,EndOfExperiment,2021-12-14 18:43:38.993014,1,,,7.0,233,,0.0,,,,,,1,1,al9gerxp,,,,,0
234,t2budtvr,615f5cae42df61c24539d5b5,0,24,24,final_screen,EndOfExperiment,2021-12-14 18:43:53.414344,1,,,4.0,234,,0.0,,,,,,1,1,al9gerxp,,,,,0
235,bu0dtcue,5f556bd46e6c4c93a5a90c77,0,24,24,final_screen,EndOfExperiment,2021-12-14 18:44:06.115724,1,,,10.0,235,,0.0,,,,,,1,1,al9gerxp,,,,,0
236,dr243xyz,5bdfb648484288000130dad0,0,24,24,final_screen,EndOfExperiment,2021-12-14 18:44:07.640575,1,,,0.0,236,,0.0,,,,,,1,1,al9gerxp,,,,,0
237,3cagytd7,5e542a0c4b7e8c42fafa7216,0,24,24,final_screen,EndOfExperiment,2021-12-14 18:44:59.472136,1,,,5.0,237,,0.0,,,,,,1,1,al9gerxp,,,,,0
238,1sjqxovz,558acd52fdf99b65685f03d9,0,24,24,final_screen,EndOfExperiment,2021-12-14 18:45:49.087385,1,,,6.0,238,,0.0,,,,,,1,1,al9gerxp,,,,,0
239,wxl0hw4y,61292a3404d387db5b0b2a32,0,24,24,final_screen,EndOfExperiment,2021-12-14 18:45:50.245068,1,,,0.0,239,,0.0,,,,,,1,1,al9gerxp,,,,,0
240,mlhp6pjf,5f1611b74f568f177ca351c4,0,24,24,final_screen,EndOfExperiment,2021-12-14 18:48:34.803062,1,,,10.0,240,,0.0,,,,,,1,1,al9gerxp,,,,,0
241,bhodxhs1,5a6b998a3fb6420001c2f97a,0,24,24,final_screen,EndOfExperiment,2021-12-14 18:49:23.720120,1,,,10.0,241,,0.0,,,,,,1,1,al9gerxp,,,,,0
242,8n9cgwk2,5e5295b135ace5000e86a6de,0,24,24,final_screen,EndOfExperiment,2021-12-14 18:52:50.868637,1,,,8.0,242,,0.0,,,,,,1,1,al9gerxp,,,,,0
243,kw3lv5v8,,0,0,24,,,,0,,,0.0,243,,0.0,,,,,,1,1,al9gerxp,,,,,0
244,ar392aqp,,0,0,24,,,,0,,,0.0,244,,0.0,,,,,,1,1,al9gerxp,,,,,0
245,brkqockc,,0,0,24,,,,0,,,0.0,245,,0.0,,,,,,1,1,al9gerxp,,,,,0
246,f2a0geem,,0,0,24,,,,0,,,0.0,246,,0.0,,,,,,1,1,al9gerxp,,,,,0
247,fde74ehi,,0,0,24,,,,0,,,0.0,247,,0.0,,,,,,1,1,al9gerxp,,,,,0
248,djniuoir,,0,0,24,,,,0,,,0.0,248,,0.0,,,,,,1,1,al9gerxp,,,,,0
249,8775hbn8,,0,0,24,,,,0,,,0.0,249,,0.0,,,,,,1,1,al9gerxp,,,,,0
250,upj7h102,,0,0,24,,,,0,,,0.0,250,,0.0,,,,,,1,1,al9gerxp,,,,,0
251,xnugb4v1,,0,0,24,,,,0,,,0.0,251,,0.0,,,,,,1,1,al9gerxp,,,,,0
252,6eqji6rs,,0,0,24,,,,0,,,0.0,252,,0.0,,,,,,1,1,al9gerxp,,,,,0
253,u6enmbgo,,0,0,24,,,,0,,,0.0,253,,0.0,,,,,,1,1,al9gerxp,,,,,0
254,72ke9xk2,,0,0,24,,,,0,,,0.0,254,,0.0,,,,,,1,1,al9gerxp,,,,,0
255,7geiooq3,,0,0,24,,,,0,,,0.0,255,,0.0,,,,,,1,1,al9gerxp,,,,,0
256,rzjxtsbl,,0,0,24,,,,0,,,0.0,256,,0.0,,,,,,1,1,al9gerxp,,,,,0
257,so1pchj8,,0,0,24,,,,0,,,0.0,257,,0.0,,,,,,1,1,al9gerxp,,,,,0
258,idwo6kw6,,0,0,24,,,,0,,,0.0,258,,0.0,,,,,,1,1,al9gerxp,,,,,0
259,yhhdb2xy,,0,0,24,,,,0,,,0.0,259,,0.0,,,,,,1,1,al9gerxp,,,,,0
260,uf205z4i,,0,0,24,,,,0,,,0.0,260,,0.0,,,,,,1,1,al9gerxp,,,,,0
261,2l811ome,,0,0,24,,,,0,,,0.0,261,,0.0,,,,,,1,1,al9gerxp,,,,,0
262,vc9n7c8u,,0,0,24,,,,0,,,0.0,262,,0.0,,,,,,1,1,al9gerxp,,,,,0
263,ftsqokyv,,0,0,24,,,,0,,,0.0,263,,0.0,,,,,,1,1,al9gerxp,,,,,0
264,gef4xkro,,0,0,24,,,,0,,,0.0,264,,0.0,,,,,,1,1,al9gerxp,,,,,0
265,ad1ezzju,,0,0,24,,,,0,,,0.0,265,,0.0,,,,,,1,1,al9gerxp,,,,,0
266,07t4dsvl,,0,0,24,,,,0,,,0.0,266,,0.0,,,,,,1,1,al9gerxp,,,,,0
267,5n6ttnb7,,0,0,24,,,,0,,,0.0,267,,0.0,,,,,,1,1,al9gerxp,,,,,0
268,4hkuxrh0,,0,0,24,,,,0,,,0.0,268,,0.0,,,,,,1,1,al9gerxp,,,,,0
269,aqzwksqc,,0,0,24,,,,0,,,0.0,269,,0.0,,,,,,1,1,al9gerxp,,,,,0
270,w6cg7f18,,0,0,24,,,,0,,,0.0,270,,0.0,,,,,,1,1,al9gerxp,,,,,0
271,hu8jcrrq,,0,0,24,,,,0,,,0.0,271,,0.0,,,,,,1,1,al9gerxp,,,,,0
272,z5voapge,,0,0,24,,,,0,,,0.0,272,,0.0,,,,,,1,1,al9gerxp,,,,,0
273,kferzpcd,,0,0,24,,,,0,,,0.0,273,,0.0,,,,,,1,1,al9gerxp,,,,,0
274,pwf44pcv,,0,0,24,,,,0,,,0.0,274,,0.0,,,,,,1,1,al9gerxp,,,,,0
275,kk3weoxi,,0,0,24,,,,0,,,0.0,275,,0.0,,,,,,1,1,al9gerxp,,,,,0
276,spuzzx9y,,0,0,24,,,,0,,,0.0,276,,0.0,,,,,,1,1,al9gerxp,,,,,0
277,4m3vz1dx,,0,0,24,,,,0,,,0.0,277,,0.0,,,,,,1,1,al9gerxp,,,,,0
278,lqr6ilvq,,0,0,24,,,,0,,,0.0,278,,0.0,,,,,,1,1,al9gerxp,,,,,0
279,yejzfq0d,,0,0,24,,,,0,,,0.0,279,,0.0,,,,,,1,1,al9gerxp,,,,,0
280,65dqvy8x,,0,0,24,,,,0,,,0.0,280,,0.0,,,,,,1,1,al9gerxp,,,,,0
281,skewnu6u,,0,0,24,,,,0,,,0.0,281,,0.0,,,,,,1,1,al9gerxp,,,,,0
282,ox4pcnhb,,0,0,24,,,,0,,,0.0,282,,0.0,,,,,,1,1,al9gerxp,,,,,0
283,vqyo6sp7,,0,0,24,,,,0,,,0.0,283,,0.0,,,,,,1,1,al9gerxp,,,,,0
284,65p8197t,,0,0,24,,,,0,,,0.0,284,,0.0,,,,,,1,1,al9gerxp,,,,,0
285,odxnlzww,,0,0,24,,,,0,,,0.0,285,,0.0,,,,,,1,1,al9gerxp,,,,,0
286,sp6spf5a,,0,0,24,,,,0,,,0.0,286,,0.0,,,,,,1,1,al9gerxp,,,,,0
287,zpbcdxev,,0,0,24,,,,0,,,0.0,287,,0.0,,,,,,1,1,al9gerxp,,,,,0
288,0duh9cb9,,0,0,24,,,,0,,,0.0,288,,0.0,,,,,,1,1,al9gerxp,,,,,0
289,9zyfx243,,0,0,24,,,,0,,,0.0,289,,0.0,,,,,,1,1,al9gerxp,,,,,0
290,h3huo683,,0,0,24,,,,0,,,0.0,290,,0.0,,,,,,1,1,al9gerxp,,,,,0
291,64i1tj3t,,0,0,24,,,,0,,,0.0,291,,0.0,,,,,,1,1,al9gerxp,,,,,0
292,d1u6ff34,,0,0,24,,,,0,,,0.0,292,,0.0,,,,,,1,1,al9gerxp,,,,,0
293,ma16egzm,,0,0,24,,,,0,,,0.0,293,,0.0,,,,,,1,1,al9gerxp,,,,,0
294,o807eult,,0,0,24,,,,0,,,0.0,294,,0.0,,,,,,1,1,al9gerxp,,,,,0
295,rfgye41h,,0,0,24,,,,0,,,0.0,295,,0.0,,,,,,1,1,al9gerxp,,,,,0
296,quv6awpx,,0,0,24,,,,0,,,0.0,296,,0.0,,,,,,1,1,al9gerxp,,,,,0
297,4xmq15ko,,0,0,24,,,,0,,,0.0,297,,0.0,,,,,,1,1,al9gerxp,,,,,0
298,a6ikzwhv,,0,0,24,,,,0,,,0.0,298,,0.0,,,,,,1,1,al9gerxp,,,,,0
299,f0r3zja5,,0,0,24,,,,0,,,0.0,299,,0.0,,,,,,1,1,al9gerxp,,,,,0
300,7tjid9da,,0,0,24,,,,0,,,0.0,300,,0.0,,,,,,1,1,al9gerxp,,,,,0
301,eexe93d3,,0,0,24,,,,0,,,0.0,301,,0.0,,,,,,1,1,al9gerxp,,,,,0
302,ba9svgcd,,0,0,24,,,,0,,,0.0,302,,0.0,,,,,,1,1,al9gerxp,,,,,0
303,b7txklv0,,0,0,24,,,,0,,,0.0,303,,0.0,,,,,,1,1,al9gerxp,,,,,0
304,hvutjpja,,0,0,24,,,,0,,,0.0,304,,0.0,,,,,,1,1,al9gerxp,,,,,0
305,ef7v5j5z,,0,0,24,,,,0,,,0.0,305,,0.0,,,,,,1,1,al9gerxp,,,,,0
306,scjopyk2,,0,0,24,,,,0,,,0.0,306,,0.0,,,,,,1,1,al9gerxp,,,,,0
307,pmx87xve,,0,0,24,,,,0,,,0.0,307,,0.0,,,,,,1,1,al9gerxp,,,,,0
308,kdjtu3ex,,0,0,24,,,,0,,,0.0,308,,0.0,,,,,,1,1,al9gerxp,,,,,0
309,zzz522wq,,0,0,24,,,,0,,,0.0,309,,0.0,,,,,,1,1,al9gerxp,,,,,0
310,21331w1f,,0,0,24,,,,0,,,0.0,310,,0.0,,,,,,1,1,al9gerxp,,,,,0
311,j1cpm5ci,,0,0,24,,,,0,,,0.0,311,,0.0,,,,,,1,1,al9gerxp,,,,,0
312,zq2flfev,,0,0,24,,,,0,,,0.0,312,,0.0,,,,,,1,1,al9gerxp,,,,,0
313,t82jkli0,,0,0,24,,,,0,,,0.0,313,,0.0,,,,,,1,1,al9gerxp,,,,,0
314,aa7dnmug,,0,0,24,,,,0,,,0.0,314,,0.0,,,,,,1,1,al9gerxp,,,,,0
315,rhk3pa1q,,0,0,24,,,,0,,,0.0,315,,0.0,,,,,,1,1,al9gerxp,,,,,0
316,86xf4iil,,0,0,24,,,,0,,,0.0,316,,0.0,,,,,,1,1,al9gerxp,,,,,0
317,zn42nml4,,0,0,24,,,,0,,,0.0,317,,0.0,,,,,,1,1,al9gerxp,,,,,0
318,7dogysvu,,0,0,24,,,,0,,,0.0,318,,0.0,,,,,,1,1,al9gerxp,,,,,0
319,pfmbeyl3,,0,0,24,,,,0,,,0.0,319,,0.0,,,,,,1,1,al9gerxp,,,,,0
320,q0fmhd8w,,0,0,24,,,,0,,,0.0,320,,0.0,,,,,,1,1,al9gerxp,,,,,0
321,m4yz367e,,0,0,24,,,,0,,,0.0,321,,0.0,,,,,,1,1,al9gerxp,,,,,0
322,jlpu9y37,,0,0,24,,,,0,,,0.0,322,,0.0,,,,,,1,1,al9gerxp,,,,,0
323,6et5qon4,,0,0,24,,,,0,,,0.0,323,,0.0,,,,,,1,1,al9gerxp,,,,,0
324,nefm8cef,,0,0,24,,,,0,,,0.0,324,,0.0,,,,,,1,1,al9gerxp,,,,,0
325,1nv4isjm,,0,0,24,,,,0,,,0.0,325,,0.0,,,,,,1,1,al9gerxp,,,,,0
326,r58r9bqh,,0,0,24,,,,0,,,0.0,326,,0.0,,,,,,1,1,al9gerxp,,,,,0
327,q4ndo72t,,0,0,24,,,,0,,,0.0,327,,0.0,,,,,,1,1,al9gerxp,,,,,0
328,vstshcvy,,0,0,24,,,,0,,,0.0,328,,0.0,,,,,,1,1,al9gerxp,,,,,0
329,ah8b54sb,,0,0,24,,,,0,,,0.0,329,,0.0,,,,,,1,1,al9gerxp,,,,,0
330,5k3wx2ym,,0,0,24,,,,0,,,0.0,330,,0.0,,,,,,1,1,al9gerxp,,,,,0
331,312atocd,,0,0,24,,,,0,,,0.0,331,,0.0,,,,,,1,1,al9gerxp,,,,,0
332,d7rjs4j9,,0,0,24,,,,0,,,0.0,332,,0.0,,,,,,1,1,al9gerxp,,,,,0
333,39hq0kye,,0,0,24,,,,0,,,0.0,333,,0.0,,,,,,1,1,al9gerxp,,,,,0
334,3muggpfy,,0,0,24,,,,0,,,0.0,334,,0.0,,,,,,1,1,al9gerxp,,,,,0
335,pjsy4wha,,0,0,24,,,,0,,,0.0,335,,0.0,,,,,,1,1,al9gerxp,,,,,0
336,z2hnupk5,,0,0,24,,,,0,,,0.0,336,,0.0,,,,,,1,1,al9gerxp,,,,,0
337,05nyxmvx,,0,0,24,,,,0,,,0.0,337,,0.0,,,,,,1,1,al9gerxp,,,,,0
338,ikmtki4n,,0,0,24,,,,0,,,0.0,338,,0.0,,,,,,1,1,al9gerxp,,,,,0
339,bg73f9qj,,0,0,24,,,,0,,,0.0,339,,0.0,,,,,,1,1,al9gerxp,,,,,0
340,e4mraqux,,0,0,24,,,,0,,,0.0,340,,0.0,,,,,,1,1,al9gerxp,,,,,0
341,4m57xsxf,,0,0,24,,,,0,,,0.0,341,,0.0,,,,,,1,1,al9gerxp,,,,,0
342,ihw9ow5k,,0,0,24,,,,0,,,0.0,342,,0.0,,,,,,1,1,al9gerxp,,,,,0
343,32adzp2c,,0,0,24,,,,0,,,0.0,343,,0.0,,,,,,1,1,al9gerxp,,,,,0
344,nvvt2uh1,,0,0,24,,,,0,,,0.0,344,,0.0,,,,,,1,1,al9gerxp,,,,,0
345,qcc2dhyq,,0,0,24,,,,0,,,0.0,345,,0.0,,,,,,1,1,al9gerxp,,,,,0
346,29m6week,,0,0,24,,,,0,,,0.0,346,,0.0,,,,,,1,1,al9gerxp,,,,,0
347,csdperk0,,0,0,24,,,,0,,,0.0,347,,0.0,,,,,,1,1,al9gerxp,,,,,0
348,5ujr4gd0,,0,0,24,,,,0,,,0.0,348,,0.0,,,,,,1,1,al9gerxp,,,,,0
349,cccsgogk,,0,0,24,,,,0,,,0.0,349,,0.0,,,,,,1,1,al9gerxp,,,,,0
350,iml0welj,,0,0,24,,,,0,,,0.0,350,,0.0,,,,,,1,1,al9gerxp,,,,,0
351,rz07nsjf,,0,0,24,,,,0,,,0.0,351,,0.0,,,,,,1,1,al9gerxp,,,,,0
352,qu1g3bos,,0,0,24,,,,0,,,0.0,352,,0.0,,,,,,1,1,al9gerxp,,,,,0
353,ykh330ol,,0,0,24,,,,0,,,0.0,353,,0.0,,,,,,1,1,al9gerxp,,,,,0
354,4ic3ihpk,,0,0,24,,,,0,,,0.0,354,,0.0,,,,,,1,1,al9gerxp,,,,,0
355,emdthm5i,,0,0,24,,,,0,,,0.0,355,,0.0,,,,,,1,1,al9gerxp,,,,,0
356,6d5l1z73,,0,0,24,,,,0,,,0.0,356,,0.0,,,,,,1,1,al9gerxp,,,,,0
357,5tqtf8ne,,0,0,24,,,,0,,,0.0,357,,0.0,,,,,,1,1,al9gerxp,,,,,0
358,dkz32nig,,0,0,24,,,,0,,,0.0,358,,0.0,,,,,,1,1,al9gerxp,,,,,0
359,g8zs2mdp,,0,0,24,,,,0,,,0.0,359,,0.0,,,,,,1,1,al9gerxp,,,,,0
360,uiy0mady,,0,0,24,,,,0,,,0.0,360,,0.0,,,,,,1,1,al9gerxp,,,,,0
361,jwd73vfq,,0,0,24,,,,0,,,0.0,361,,0.0,,,,,,1,1,al9gerxp,,,,,0
362,2ywg69c0,,0,0,24,,,,0,,,0.0,362,,0.0,,,,,,1,1,al9gerxp,,,,,0
363,w4djxkl5,,0,0,24,,,,0,,,0.0,363,,0.0,,,,,,1,1,al9gerxp,,,,,0
364,c93dcr3r,,0,0,24,,,,0,,,0.0,364,,0.0,,,,,,1,1,al9gerxp,,,,,0
365,2gexu592,,0,0,24,,,,0,,,0.0,365,,0.0,,,,,,1,1,al9gerxp,,,,,0
366,kghvl66x,,0,0,24,,,,0,,,0.0,366,,0.0,,,,,,1,1,al9gerxp,,,,,0
367,7chnsp48,,0,0,24,,,,0,,,0.0,367,,0.0,,,,,,1,1,al9gerxp,,,,,0
368,4yvduekm,,0,0,24,,,,0,,,0.0,368,,0.0,,,,,,1,1,al9gerxp,,,,,0
369,qr9rtd5n,,0,0,24,,,,0,,,0.0,369,,0.0,,,,,,1,1,al9gerxp,,,,,0
370,d5nsfhjh,,0,0,24,,,,0,,,0.0,370,,0.0,,,,,,1,1,al9gerxp,,,,,0
371,tb3y7ovi,,0,0,24,,,,0,,,0.0,371,,0.0,,,,,,1,1,al9gerxp,,,,,0
372,97fsn5we,,0,0,24,,,,0,,,0.0,372,,0.0,,,,,,1,1,al9gerxp,,,,,0
373,9vyp6vdr,,0,0,24,,,,0,,,0.0,373,,0.0,,,,,,1,1,al9gerxp,,,,,0
374,x1q35h74,,0,0,24,,,,0,,,0.0,374,,0.0,,,,,,1,1,al9gerxp,,,,,0
375,kbq1q8q8,,0,0,24,,,,0,,,0.0,375,,0.0,,,,,,1,1,al9gerxp,,,,,0
376,0rk1h5jy,,0,0,24,,,,0,,,0.0,376,,0.0,,,,,,1,1,al9gerxp,,,,,0
377,uwihynrm,,0,0,24,,,,0,,,0.0,377,,0.0,,,,,,1,1,al9gerxp,,,,,0
378,mkmr4009,,0,0,24,,,,0,,,0.0,378,,0.0,,,,,,1,1,al9gerxp,,,,,0
379,3t2alze6,,0,0,24,,,,0,,,0.0,379,,0.0,,,,,,1,1,al9gerxp,,,,,0
380,g19fia7y,,0,0,24,,,,0,,,0.0,380,,0.0,,,,,,1,1,al9gerxp,,,,,0
381,gsksgj9z,,0,0,24,,,,0,,,0.0,381,,0.0,,,,,,1,1,al9gerxp,,,,,0
382,va5629j4,,0,0,24,,,,0,,,0.0,382,,0.0,,,,,,1,1,al9gerxp,,,,,0
383,g66z7b9x,,0,0,24,,,,0,,,0.0,383,,0.0,,,,,,1,1,al9gerxp,,,,,0
384,y4364vpq,,0,0,24,,,,0,,,0.0,384,,0.0,,,,,,1,1,al9gerxp,,,,,0
385,5xbkfsdj,,0,0,24,,,,0,,,0.0,385,,0.0,,,,,,1,1,al9gerxp,,,,,0
386,huflxdnw,,0,0,24,,,,0,,,0.0,386,,0.0,,,,,,1,1,al9gerxp,,,,,0
387,1wlw48bx,,0,0,24,,,,0,,,0.0,387,,0.0,,,,,,1,1,al9gerxp,,,,,0
388,ncnvf42y,,0,0,24,,,,0,,,0.0,388,,0.0,,,,,,1,1,al9gerxp,,,,,0
389,lcaa5j3d,,0,0,24,,,,0,,,0.0,389,,0.0,,,,,,1,1,al9gerxp,,,,,0
390,8yjuscb2,,0,0,24,,,,0,,,0.0,390,,0.0,,,,,,1,1,al9gerxp,,,,,0
391,egh705u2,,0,0,24,,,,0,,,0.0,391,,0.0,,,,,,1,1,al9gerxp,,,,,0
392,72diei1m,,0,0,24,,,,0,,,0.0,392,,0.0,,,,,,1,1,al9gerxp,,,,,0
393,grk2iixa,,0,0,24,,,,0,,,0.0,393,,0.0,,,,,,1,1,al9gerxp,,,,,0
394,hb40v0aw,,0,0,24,,,,0,,,0.0,394,,0.0,,,,,,1,1,al9gerxp,,,,,0
395,kzp0k6rk,,0,0,24,,,,0,,,0.0,395,,0.0,,,,,,1,1,al9gerxp,,,,,0
396,q4k1p3in,,0,0,24,,,,0,,,0.0,396,,0.0,,,,,,1,1,al9gerxp,,,,,0
397,t1uj5vt2,,0,0,24,,,,0,,,0.0,397,,0.0,,,,,,1,1,al9gerxp,,,,,0
398,q4amcn8y,,0,0,24,,,,0,,,0.0,398,,0.0,,,,,,1,1,al9gerxp,,,,,0
399,wpsnudwt,,0,0,24,,,,0,,,0.0,399,,0.0,,,,,,1,1,al9gerxp,,,,,0
400,fpq57hgb,,0,0,24,,,,0,,,0.0,400,,0.0,,,,,,1,1,al9gerxp,,,,,0
