session_code,participant_id_in_session,participant_code,page_index,app_name,page_name,epoch_time_completed,round_number,timeout_happened,is_wait_page
vndoii7a,1,cxdpz02w,0,,InitializeParticipant,1638204109,1,0,0
tm9x7rw5,1,4e5040o5,0,,InitializeParticipant,1638303393,1,0,0
0asoxdxj,1,n9m6od2y,0,,InitializeParticipant,1638350252,1,0,0
0asoxdxj,1,n9m6od2y,1,introduction,ID,1638350256,1,0,0
0asoxdxj,1,n9m6od2y,2,introduction,Introduction,1638350258,1,0,0
0asoxdxj,3,fpbo2bu3,0,,InitializeParticipant,1638350313,1,0,0
0asoxdxj,3,fpbo2bu3,1,introduction,ID,1638350316,1,0,0
0asoxdxj,3,fpbo2bu3,2,introduction,Introduction,1638350367,1,0,0
0asoxdxj,3,fpbo2bu3,8,dictator_robot,Instructions,1638350391,1,0,0
0asoxdxj,3,fpbo2bu3,9,dictator_robot,Decision,1638350410,1,0,0
0asoxdxj,3,fpbo2bu3,10,dictator_robot,Results,1638350413,1,0,0
0asoxdxj,3,fpbo2bu3,39,final_results,FinalResults,1638350419,1,0,0
0asoxdxj,3,fpbo2bu3,40,survey,Survey,1638350444,1,0,0
0asoxdxj,4,logoupg9,0,,InitializeParticipant,1638350452,1,0,0
0asoxdxj,4,logoupg9,1,introduction,ID,1638350455,1,0,0
0asoxdxj,4,logoupg9,2,introduction,Introduction,1638350466,1,0,0
0asoxdxj,4,logoupg9,8,dictator_robot,Instructions,1638350557,1,0,0
0asoxdxj,4,logoupg9,9,dictator_robot,Decision,1638350568,1,0,0
0asoxdxj,4,logoupg9,10,dictator_robot,Results,1638350569,1,0,0
0asoxdxj,4,logoupg9,39,final_results,FinalResults,1638350572,1,0,0
0asoxdxj,4,logoupg9,40,survey,Survey,1638350633,1,0,0
0asoxdxj,5,8a40tixt,0,,InitializeParticipant,1638350636,1,0,0
0asoxdxj,5,8a40tixt,1,introduction,ID,1638350640,1,0,0
0asoxdxj,5,8a40tixt,2,introduction,Introduction,1638350642,1,0,0
0asoxdxj,5,8a40tixt,8,dictator_robot,Instructions,1638350655,1,0,0
0asoxdxj,5,8a40tixt,9,dictator_robot,Decision,1638350664,1,0,0
0asoxdxj,5,8a40tixt,10,dictator_robot,Results,1638350666,1,0,0
0asoxdxj,5,8a40tixt,39,final_results,FinalResults,1638350670,1,0,0
0asoxdxj,5,8a40tixt,40,survey,Survey,1638350687,1,0,0
0asoxdxj,6,7yba6d2m,0,,InitializeParticipant,1638350690,1,0,0
0asoxdxj,6,7yba6d2m,1,introduction,ID,1638350694,1,0,0
0asoxdxj,6,7yba6d2m,2,introduction,Introduction,1638350700,1,0,0
0asoxdxj,6,7yba6d2m,8,dictator_robot,Instructions,1638350726,1,0,0
0asoxdxj,6,7yba6d2m,9,dictator_robot,Decision,1638350802,1,0,0
0asoxdxj,6,7yba6d2m,10,dictator_robot,Results,1638350804,1,0,0
0asoxdxj,6,7yba6d2m,39,final_results,FinalResults,1638350814,1,0,0
0asoxdxj,6,7yba6d2m,40,survey,Survey,1638350833,1,0,0
0asoxdxj,8,kmbjfnrf,0,,InitializeParticipant,1638350837,1,0,0
0asoxdxj,8,kmbjfnrf,1,introduction,ID,1638350842,1,0,0
0asoxdxj,8,kmbjfnrf,2,introduction,Introduction,1638350844,1,0,0
0asoxdxj,7,hzfnc8vm,0,,InitializeParticipant,1638350849,1,0,0
0asoxdxj,7,hzfnc8vm,1,introduction,ID,1638350853,1,0,0
0asoxdxj,7,hzfnc8vm,2,introduction,Introduction,1638350858,1,0,0
0asoxdxj,7,hzfnc8vm,11,trust_human_strategy,GroupWaitPage,1638350858,1,0,1
0asoxdxj,8,kmbjfnrf,11,trust_human_strategy,GroupWaitPage,1638350858,1,0,1
0asoxdxj,7,hzfnc8vm,12,trust_human_strategy,Instructions,1638351058,1,0,0
0asoxdxj,7,hzfnc8vm,13,trust_human_strategy,Send,1638351067,1,0,0
0asoxdxj,7,hzfnc8vm,14,trust_human_strategy,Belief,1638351128,1,0,0
0asoxdxj,8,kmbjfnrf,12,trust_human_strategy,Instructions,1638351151,1,0,0
0asoxdxj,8,kmbjfnrf,15,trust_human_strategy,SendBack,1638351176,1,0,0
0asoxdxj,7,hzfnc8vm,16,trust_human_strategy,ResultsWaitPage,1638351176,1,0,1
0asoxdxj,8,kmbjfnrf,16,trust_human_strategy,ResultsWaitPage,1638351176,1,0,1
0asoxdxj,8,kmbjfnrf,17,trust_human_strategy,Results,1638351178,1,0,0
0asoxdxj,8,kmbjfnrf,39,final_results,FinalResults,1638351184,1,0,0
0asoxdxj,9,78d79n7s,0,,InitializeParticipant,1638351188,1,0,0
0asoxdxj,9,78d79n7s,1,introduction,ID,1638351195,1,0,0
0asoxdxj,9,78d79n7s,2,introduction,Introduction,1638351199,1,0,0
0asoxdxj,9,78d79n7s,18,trust_robot_firstmover_strategy,Instructions,1638351245,1,0,0
0asoxdxj,9,78d79n7s,19,trust_robot_firstmover_strategy,SendBack,1638351267,1,0,0
0asoxdxj,9,78d79n7s,20,trust_robot_firstmover_strategy,Results,1638351269,1,0,0
0asoxdxj,9,78d79n7s,39,final_results,FinalResults,1638351271,1,0,0
0asoxdxj,10,qhga8zd3,0,,InitializeParticipant,1638351282,1,0,0
0asoxdxj,10,qhga8zd3,1,introduction,ID,1638351285,1,0,0
0asoxdxj,10,qhga8zd3,2,introduction,Introduction,1638351300,1,0,0
0asoxdxj,10,qhga8zd3,18,trust_robot_firstmover_strategy,Instructions,1638351314,1,0,0
0asoxdxj,10,qhga8zd3,19,trust_robot_firstmover_strategy,SendBack,1638351323,1,0,0
0asoxdxj,10,qhga8zd3,20,trust_robot_firstmover_strategy,Results,1638351330,1,0,0
0asoxdxj,10,qhga8zd3,39,final_results,FinalResults,1638351331,1,0,0
0asoxdxj,11,ajz8et33,0,,InitializeParticipant,1638351346,1,0,0
0asoxdxj,11,ajz8et33,1,introduction,ID,1638351350,1,0,0
0asoxdxj,11,ajz8et33,2,introduction,Introduction,1638351351,1,0,0
0asoxdxj,11,ajz8et33,18,trust_robot_firstmover_strategy,Instructions,1638351502,1,0,0
0asoxdxj,11,ajz8et33,19,trust_robot_firstmover_strategy,SendBack,1638351509,1,0,0
0asoxdxj,11,ajz8et33,20,trust_robot_firstmover_strategy,Results,1638351512,1,0,0
0asoxdxj,11,ajz8et33,39,final_results,FinalResults,1638351515,1,0,0
0asoxdxj,12,u14s1mw8,0,,InitializeParticipant,1638351519,1,0,0
0asoxdxj,12,u14s1mw8,1,introduction,ID,1638351522,1,0,0
0asoxdxj,12,u14s1mw8,2,introduction,Introduction,1638351527,1,0,0
0asoxdxj,12,u14s1mw8,18,trust_robot_firstmover_strategy,Instructions,1638351636,1,0,0
0asoxdxj,12,u14s1mw8,19,trust_robot_firstmover_strategy,SendBack,1638351643,1,0,0
0asoxdxj,12,u14s1mw8,20,trust_robot_firstmover_strategy,Results,1638351645,1,0,0
0asoxdxj,12,u14s1mw8,39,final_results,FinalResults,1638351646,1,0,0
0asoxdxj,12,u14s1mw8,40,survey,Survey,1638351658,1,0,0
0asoxdxj,14,5d9a6dxc,0,,InitializeParticipant,1638351664,1,0,0
0asoxdxj,14,5d9a6dxc,1,introduction,ID,1638351667,1,0,0
0asoxdxj,14,5d9a6dxc,2,introduction,Introduction,1638351671,1,0,0
0asoxdxj,14,5d9a6dxc,21,trust_robot_secondmover,Instructions,1638351733,1,0,0
0asoxdxj,14,5d9a6dxc,22,trust_robot_secondmover,Send,1638351744,1,0,0
0asoxdxj,14,5d9a6dxc,23,trust_robot_secondmover,Belief,1638351748,1,0,0
0asoxdxj,15,q14qzmy5,0,,InitializeParticipant,1638351754,1,0,0
0asoxdxj,15,q14qzmy5,1,introduction,ID,1638351757,1,0,0
0asoxdxj,15,q14qzmy5,2,introduction,Introduction,1638351759,1,0,0
0asoxdxj,15,q14qzmy5,21,trust_robot_secondmover,Instructions,1638351774,1,0,0
0asoxdxj,15,q14qzmy5,22,trust_robot_secondmover,Send,1638351780,1,0,0
0asoxdxj,15,q14qzmy5,23,trust_robot_secondmover,Belief,1638351782,1,0,0
0asoxdxj,15,q14qzmy5,24,trust_robot_secondmover,Results,1638351785,1,0,0
0asoxdxj,15,q14qzmy5,39,final_results,FinalResults,1638351787,1,0,0
0asoxdxj,16,vfq2gfgw,0,,InitializeParticipant,1638351802,1,0,0
0asoxdxj,16,vfq2gfgw,1,introduction,ID,1638351805,1,0,0
0asoxdxj,16,vfq2gfgw,2,introduction,Introduction,1638351807,1,0,0
0asoxdxj,16,vfq2gfgw,21,trust_robot_secondmover,Instructions,1638351823,1,0,0
0asoxdxj,16,vfq2gfgw,22,trust_robot_secondmover,Send,1638351829,1,0,0
0asoxdxj,16,vfq2gfgw,23,trust_robot_secondmover,Belief,1638351832,1,0,0
0asoxdxj,16,vfq2gfgw,24,trust_robot_secondmover,Results,1638351834,1,0,0
0asoxdxj,16,vfq2gfgw,39,final_results,FinalResults,1638351836,1,0,0
0asoxdxj,17,bnne1in8,0,,InitializeParticipant,1638351844,1,0,0
0asoxdxj,17,bnne1in8,1,introduction,ID,1638351846,1,0,0
0asoxdxj,17,bnne1in8,2,introduction,Introduction,1638351848,1,0,0
0asoxdxj,16,vfq2gfgw,40,survey,Survey,1638351876,1,0,0
0asoxdxj,17,bnne1in8,21,trust_robot_secondmover,Instructions,1638351914,1,0,0
0asoxdxj,17,bnne1in8,22,trust_robot_secondmover,Send,1638351916,1,0,0
0asoxdxj,17,bnne1in8,23,trust_robot_secondmover,Belief,1638351921,1,0,0
0asoxdxj,17,bnne1in8,24,trust_robot_secondmover,Results,1638351922,1,0,0
0asoxdxj,17,bnne1in8,39,final_results,FinalResults,1638351924,1,0,0
0asoxdxj,18,trap3sxs,0,,InitializeParticipant,1638351963,1,0,0
0asoxdxj,18,trap3sxs,1,introduction,ID,1638351965,1,0,0
0asoxdxj,18,trap3sxs,2,introduction,Introduction,1638351966,1,0,0
0asoxdxj,18,trap3sxs,21,trust_robot_secondmover,Instructions,1638351980,1,0,0
0asoxdxj,18,trap3sxs,22,trust_robot_secondmover,Send,1638351982,1,0,0
0asoxdxj,18,trap3sxs,23,trust_robot_secondmover,Belief,1638351985,1,0,0
0asoxdxj,18,trap3sxs,24,trust_robot_secondmover,Results,1638351987,1,0,0
0asoxdxj,18,trap3sxs,39,final_results,FinalResults,1638351988,1,0,0
0asoxdxj,19,r4sdxj5x,0,,InitializeParticipant,1638351993,1,0,0
0asoxdxj,19,r4sdxj5x,1,introduction,ID,1638351996,1,0,0
0asoxdxj,19,r4sdxj5x,2,introduction,Introduction,1638352000,1,0,0
0asoxdxj,20,hjq1yfn3,0,,InitializeParticipant,1638352004,1,0,0
0asoxdxj,2,v8hhmdyi,0,,InitializeParticipant,1638352031,1,0,0
0asoxdxj,2,v8hhmdyi,1,introduction,ID,1638352034,1,0,0
0asoxdxj,2,v8hhmdyi,2,introduction,Introduction,1638352035,1,0,0
xgegmh4v,1,elg8tof6,0,,InitializeParticipant,1638374063,1,0,0
66mhoetj,1,yx3cyysj,0,,InitializeParticipant,1638784400,1,0,0
66mhoetj,2,c8s98e6f,0,,InitializeParticipant,1638784403,1,0,0
66mhoetj,3,0u50yu2x,0,,InitializeParticipant,1638784405,1,0,0
66mhoetj,4,8iz13usi,0,,InitializeParticipant,1638784407,1,0,0
66mhoetj,1,yx3cyysj,1,introduction,ID,1638784410,1,0,0
66mhoetj,2,c8s98e6f,1,introduction,ID,1638784413,1,0,0
66mhoetj,3,0u50yu2x,1,introduction,ID,1638784416,1,0,0
66mhoetj,4,8iz13usi,1,introduction,ID,1638784419,1,0,0
66mhoetj,1,yx3cyysj,2,introduction,Introduction,1638784428,1,0,0
66mhoetj,2,c8s98e6f,2,introduction,Introduction,1638784431,1,0,0
66mhoetj,1,yx3cyysj,3,dictator_human,GroupWaitPage,1638784431,1,0,1
66mhoetj,2,c8s98e6f,3,dictator_human,GroupWaitPage,1638784431,1,0,1
66mhoetj,3,0u50yu2x,2,introduction,Introduction,1638784433,1,0,0
66mhoetj,4,8iz13usi,2,introduction,Introduction,1638784436,1,0,0
66mhoetj,1,yx3cyysj,4,dictator_human,Instructions,1638784447,1,0,0
66mhoetj,2,c8s98e6f,4,dictator_human,Instructions,1638784452,1,0,0
66mhoetj,2,c8s98e6f,5,dictator_human,Decision,1638784461,1,0,0
66mhoetj,2,c8s98e6f,6,dictator_human,ResultsWaitPage,1638784461,1,0,1
66mhoetj,1,yx3cyysj,6,dictator_human,ResultsWaitPage,1638784461,1,0,1
66mhoetj,5,c867xhjf,0,,InitializeParticipant,1638784468,1,0,0
66mhoetj,6,mnhz4ru1,0,,InitializeParticipant,1638784469,1,0,0
66mhoetj,7,hl235ijh,0,,InitializeParticipant,1638784470,1,0,0
66mhoetj,8,h2rk0ki5,0,,InitializeParticipant,1638784471,1,0,0
66mhoetj,9,kfrmyy9i,0,,InitializeParticipant,1638784472,1,0,0
66mhoetj,10,reaff9xt,0,,InitializeParticipant,1638784473,1,0,0
66mhoetj,11,rp4vqr7f,0,,InitializeParticipant,1638784474,1,0,0
66mhoetj,12,hc2qnmvs,0,,InitializeParticipant,1638784475,1,0,0
66mhoetj,13,rzafid47,0,,InitializeParticipant,1638784480,1,0,0
66mhoetj,14,y9x63o8u,0,,InitializeParticipant,1638784481,1,0,0
66mhoetj,15,04isstlq,0,,InitializeParticipant,1638784482,1,0,0
66mhoetj,16,id1odd1f,0,,InitializeParticipant,1638784483,1,0,0
66mhoetj,17,dj671621,0,,InitializeParticipant,1638784484,1,0,0
66mhoetj,18,i8sl93w2,0,,InitializeParticipant,1638784485,1,0,0
66mhoetj,19,48tmov3z,0,,InitializeParticipant,1638784486,1,0,0
66mhoetj,20,zc6vaer2,0,,InitializeParticipant,1638784487,1,0,0
66mhoetj,12,hc2qnmvs,1,introduction,ID,1638784490,1,0,0
66mhoetj,2,c8s98e6f,7,dictator_human,Results,1638784498,1,0,0
66mhoetj,2,c8s98e6f,39,final_results,FinalResults,1638784501,1,0,0
66mhoetj,1,yx3cyysj,7,dictator_human,Results,1638784507,1,0,0
66mhoetj,1,yx3cyysj,39,final_results,FinalResults,1638784509,1,0,0
66mhoetj,4,8iz13usi,8,dictator_robot,Instructions,1638784751,1,0,0
66mhoetj,4,8iz13usi,9,dictator_robot,Decision,1638784754,1,0,0
66mhoetj,4,8iz13usi,10,dictator_robot,Results,1638784756,1,0,0
66mhoetj,4,8iz13usi,39,final_results,FinalResults,1638784758,1,0,0
66mhoetj,3,0u50yu2x,8,dictator_robot,Instructions,1638784764,1,0,0
66mhoetj,3,0u50yu2x,9,dictator_robot,Decision,1638784770,1,0,0
66mhoetj,3,0u50yu2x,10,dictator_robot,Results,1638784771,1,0,0
66mhoetj,3,0u50yu2x,39,final_results,FinalResults,1638784773,1,0,0
66mhoetj,5,c867xhjf,1,introduction,ID,1638784778,1,0,0
66mhoetj,5,c867xhjf,2,introduction,Introduction,1638784781,1,0,0
66mhoetj,5,c867xhjf,8,dictator_robot,Instructions,1638784785,1,0,0
66mhoetj,5,c867xhjf,9,dictator_robot,Decision,1638784891,1,0,0
66mhoetj,5,c867xhjf,10,dictator_robot,Results,1638784893,1,0,0
66mhoetj,5,c867xhjf,39,final_results,FinalResults,1638784895,1,0,0
66mhoetj,6,mnhz4ru1,1,introduction,ID,1638784900,1,0,0
66mhoetj,6,mnhz4ru1,2,introduction,Introduction,1638784902,1,0,0
66mhoetj,6,mnhz4ru1,8,dictator_robot,Instructions,1638784940,1,0,0
66mhoetj,6,mnhz4ru1,9,dictator_robot,Decision,1638784943,1,0,0
66mhoetj,6,mnhz4ru1,10,dictator_robot,Results,1638784945,1,0,0
66mhoetj,6,mnhz4ru1,39,final_results,FinalResults,1638784946,1,0,0
66mhoetj,7,hl235ijh,1,introduction,ID,1638784951,1,0,0
66mhoetj,7,hl235ijh,2,introduction,Introduction,1638784953,1,0,0
66mhoetj,8,h2rk0ki5,1,introduction,ID,1638784958,1,0,0
66mhoetj,8,h2rk0ki5,2,introduction,Introduction,1638784961,1,0,0
66mhoetj,7,hl235ijh,11,trust_human_strategy,GroupWaitPage,1638784961,1,0,1
66mhoetj,8,h2rk0ki5,11,trust_human_strategy,GroupWaitPage,1638784961,1,0,1
66mhoetj,9,kfrmyy9i,1,introduction,ID,1638784978,1,0,0
66mhoetj,9,kfrmyy9i,2,introduction,Introduction,1638784980,1,0,0
66mhoetj,10,reaff9xt,1,introduction,ID,1638784991,1,0,0
66mhoetj,10,reaff9xt,2,introduction,Introduction,1638784993,1,0,0
66mhoetj,11,rp4vqr7f,1,introduction,ID,1638784999,1,0,0
66mhoetj,11,rp4vqr7f,2,introduction,Introduction,1638785000,1,0,0
66mhoetj,15,04isstlq,1,introduction,ID,1638785075,1,0,0
66mhoetj,15,04isstlq,2,introduction,Introduction,1638785076,1,0,0
66mhoetj,14,y9x63o8u,1,introduction,ID,1638785085,1,0,0
66mhoetj,14,y9x63o8u,2,introduction,Introduction,1638785087,1,0,0
66mhoetj,12,hc2qnmvs,2,introduction,Introduction,1638785092,1,0,0
66mhoetj,13,rzafid47,1,introduction,ID,1638785107,1,0,0
66mhoetj,13,rzafid47,2,introduction,Introduction,1638785109,1,0,0
66mhoetj,16,id1odd1f,1,introduction,ID,1638785117,1,0,0
66mhoetj,16,id1odd1f,2,introduction,Introduction,1638785119,1,0,0
66mhoetj,17,dj671621,1,introduction,ID,1638785122,1,0,0
66mhoetj,17,dj671621,2,introduction,Introduction,1638785125,1,0,0
66mhoetj,18,i8sl93w2,1,introduction,ID,1638785128,1,0,0
66mhoetj,18,i8sl93w2,2,introduction,Introduction,1638785130,1,0,0
66mhoetj,19,48tmov3z,1,introduction,ID,1638785134,1,0,0
66mhoetj,19,48tmov3z,2,introduction,Introduction,1638785136,1,0,0
66mhoetj,20,zc6vaer2,1,introduction,ID,1638785139,1,0,0
66mhoetj,20,zc6vaer2,2,introduction,Introduction,1638785142,1,0,0
66mhoetj,19,48tmov3z,25,ultimatum_human_strategy,GroupWaitPage,1638785142,1,0,1
66mhoetj,20,zc6vaer2,25,ultimatum_human_strategy,GroupWaitPage,1638785142,1,0,1
8ioe1l0k,1,9b8zyyns,0,,InitializeParticipant,1638787678,1,0,0
8ioe1l0k,2,wwf8citd,0,,InitializeParticipant,1638787682,1,0,0
8ioe1l0k,3,rkpr7al3,0,,InitializeParticipant,1638787688,1,0,0
8ioe1l0k,4,buy9zje6,0,,InitializeParticipant,1638787693,1,0,0
2bkjd489,1,p2acoxii,0,,InitializeParticipant,1638788146,1,0,0
7zfttg98,1,ila2zmfa,0,,InitializeParticipant,1638972248,1,0,0
7zfttg98,1,ila2zmfa,1,introduction,ID,1638972252,1,0,0
7zfttg98,1,ila2zmfa,2,introduction,Introduction,1638972259,1,0,0
7zfttg98,2,4bph94ae,0,,InitializeParticipant,1638973206,1,0,0
7zfttg98,3,ag0cpjow,0,,InitializeParticipant,1638973207,1,0,0
7zfttg98,4,k6werlsb,0,,InitializeParticipant,1638973208,1,0,0
7zfttg98,5,naegqvlh,0,,InitializeParticipant,1638973208,1,0,0
7zfttg98,6,vh0aqn43,0,,InitializeParticipant,1638973209,1,0,0
7zfttg98,2,4bph94ae,1,introduction,ID,1638973213,1,0,0
7zfttg98,3,ag0cpjow,1,introduction,ID,1638973215,1,0,0
7zfttg98,4,k6werlsb,1,introduction,ID,1638973224,1,0,0
7zfttg98,5,naegqvlh,1,introduction,ID,1638973226,1,0,0
7zfttg98,6,vh0aqn43,1,introduction,ID,1638973229,1,0,0
7zfttg98,2,4bph94ae,2,introduction,Introduction,1638973245,1,0,0
7zfttg98,1,ila2zmfa,3,dictator_human,GroupWaitPage,1638973245,1,0,1
7zfttg98,2,4bph94ae,3,dictator_human,GroupWaitPage,1638973245,1,0,1
7zfttg98,2,4bph94ae,4,dictator_human,Instructions,1638973258,1,0,0
7zfttg98,1,ila2zmfa,4,dictator_human,Instructions,1638973261,1,0,0
7zfttg98,1,ila2zmfa,5,dictator_human,Decision,1638973268,1,0,0
7zfttg98,1,ila2zmfa,6,dictator_human,ResultsWaitPage,1638973268,1,0,1
7zfttg98,2,4bph94ae,6,dictator_human,ResultsWaitPage,1638973268,1,0,1
7zfttg98,1,ila2zmfa,7,dictator_human,Results,1638973269,1,0,0
7zfttg98,1,ila2zmfa,22,final_results,FinalResults,1638973277,1,0,0
7zfttg98,2,4bph94ae,7,dictator_human,Results,1638973280,1,0,0
7zfttg98,2,4bph94ae,22,final_results,FinalResults,1638973283,1,0,0
7zfttg98,3,ag0cpjow,2,introduction,Introduction,1638973316,1,0,0
7zfttg98,4,k6werlsb,2,introduction,Introduction,1638973319,1,0,0
7zfttg98,3,ag0cpjow,8,trust_human_strategy,GroupWaitPage,1638973319,1,0,1
7zfttg98,4,k6werlsb,8,trust_human_strategy,GroupWaitPage,1638973319,1,0,1
7zfttg98,3,ag0cpjow,9,trust_human_strategy,Instructions,1638973584,1,0,0
7zfttg98,4,k6werlsb,9,trust_human_strategy,Instructions,1638973605,1,0,0
7zfttg98,3,ag0cpjow,10,trust_human_strategy,Send,1638973673,1,0,0
7zfttg98,3,ag0cpjow,11,trust_human_strategy,Belief,1638973697,1,0,0
7zfttg98,4,k6werlsb,12,trust_human_strategy,SendBack,1638973726,1,0,0
7zfttg98,3,ag0cpjow,13,trust_human_strategy,ResultsWaitPage,1638973726,1,0,1
7zfttg98,4,k6werlsb,13,trust_human_strategy,ResultsWaitPage,1638973726,1,0,1
7zfttg98,4,k6werlsb,14,trust_human_strategy,Results,1638973743,1,0,0
7zfttg98,4,k6werlsb,22,final_results,FinalResults,1638973746,1,0,0
7zfttg98,3,ag0cpjow,14,trust_human_strategy,Results,1638973762,1,0,0
7zfttg98,3,ag0cpjow,22,final_results,FinalResults,1638973764,1,0,0
7zfttg98,5,naegqvlh,2,introduction,Introduction,1638973770,1,0,0
7zfttg98,6,vh0aqn43,2,introduction,Introduction,1638973773,1,0,0
7zfttg98,5,naegqvlh,15,ultimatum_human_strategy,GroupWaitPage,1638973773,1,0,1
7zfttg98,6,vh0aqn43,15,ultimatum_human_strategy,GroupWaitPage,1638973773,1,0,1
7zfttg98,5,naegqvlh,16,ultimatum_human_strategy,Instructions,1638973783,1,0,0
7zfttg98,5,naegqvlh,17,ultimatum_human_strategy,Offer,1638973794,1,0,0
7zfttg98,5,naegqvlh,18,ultimatum_human_strategy,Belief,1638973806,1,0,0
7zfttg98,6,vh0aqn43,16,ultimatum_human_strategy,Instructions,1638973809,1,0,0
7zfttg98,6,vh0aqn43,19,ultimatum_human_strategy,Decision,1638973822,1,0,0
7zfttg98,5,naegqvlh,20,ultimatum_human_strategy,ResultsWaitPage,1638973822,1,0,1
7zfttg98,6,vh0aqn43,20,ultimatum_human_strategy,ResultsWaitPage,1638973822,1,0,1
7zfttg98,6,vh0aqn43,21,ultimatum_human_strategy,Results,1638973828,1,0,0
7zfttg98,6,vh0aqn43,22,final_results,FinalResults,1638973830,1,0,0
7zfttg98,5,naegqvlh,21,ultimatum_human_strategy,Results,1638973833,1,0,0
7zfttg98,5,naegqvlh,22,final_results,FinalResults,1638973835,1,0,0
gkw61aqi,1,8yoqf827,0,,InitializeParticipant,1638974145,1,0,0
gkw61aqi,2,jaj6abcl,0,,InitializeParticipant,1638974146,1,0,0
gkw61aqi,3,bn7g3tl8,0,,InitializeParticipant,1638974146,1,0,0
gkw61aqi,4,cntapgms,0,,InitializeParticipant,1638974147,1,0,0
gkw61aqi,5,qr4xhkrh,0,,InitializeParticipant,1638974148,1,0,0
gkw61aqi,6,chmn5xc0,0,,InitializeParticipant,1638974148,1,0,0
gkw61aqi,7,1herxjyb,0,,InitializeParticipant,1638974149,1,0,0
gkw61aqi,8,eao0zrs5,0,,InitializeParticipant,1638974149,1,0,0
gkw61aqi,9,yf6kotuy,0,,InitializeParticipant,1638974150,1,0,0
gkw61aqi,10,htnbisqb,0,,InitializeParticipant,1638974152,1,0,0
gkw61aqi,11,5u92sx08,0,,InitializeParticipant,1638974153,1,0,0
gkw61aqi,12,c6wgnxoa,0,,InitializeParticipant,1638974153,1,0,0
gkw61aqi,13,oxxuzcnu,0,,InitializeParticipant,1638974154,1,0,0
gkw61aqi,14,oqapj9z1,0,,InitializeParticipant,1638974155,1,0,0
gkw61aqi,15,9y0ljsio,0,,InitializeParticipant,1638974155,1,0,0
gkw61aqi,16,t13gzf7a,0,,InitializeParticipant,1638974156,1,0,0
gkw61aqi,17,r8uedamg,0,,InitializeParticipant,1638974158,1,0,0
gkw61aqi,18,jcxqi5ul,0,,InitializeParticipant,1638974159,1,0,0
gkw61aqi,19,80u1r4po,0,,InitializeParticipant,1638974159,1,0,0
gkw61aqi,20,oofimwaz,0,,InitializeParticipant,1638974160,1,0,0
gkw61aqi,21,bm8vw59k,0,,InitializeParticipant,1638974160,1,0,0
gkw61aqi,22,y78cgrku,0,,InitializeParticipant,1638974161,1,0,0
gkw61aqi,23,utytylc7,0,,InitializeParticipant,1638974162,1,0,0
gkw61aqi,24,byorm8jx,0,,InitializeParticipant,1638974163,1,0,0
gkw61aqi,1,8yoqf827,1,introduction,ID,1638974167,1,0,0
gkw61aqi,1,8yoqf827,2,introduction,Introduction,1638974169,1,0,0
gkw61aqi,1,8yoqf827,3,dictator_robot,Instructions,1638974174,1,0,0
gkw61aqi,1,8yoqf827,4,dictator_robot,Decision,1638974178,1,0,0
gkw61aqi,1,8yoqf827,5,dictator_robot,Results,1638974180,1,0,0
gkw61aqi,1,8yoqf827,20,final_results,FinalResults,1638974182,1,0,0
gkw61aqi,1,8yoqf827,21,survey,Survey,1638974202,1,0,0
gkw61aqi,2,jaj6abcl,1,introduction,ID,1638974228,1,0,0
gkw61aqi,2,jaj6abcl,2,introduction,Introduction,1638974229,1,0,0
gkw61aqi,2,jaj6abcl,3,dictator_robot,Instructions,1638974233,1,0,0
gkw61aqi,2,jaj6abcl,4,dictator_robot,Decision,1638974236,1,0,0
gkw61aqi,2,jaj6abcl,5,dictator_robot,Results,1638974238,1,0,0
gkw61aqi,2,jaj6abcl,20,final_results,FinalResults,1638974239,1,0,0
gkw61aqi,3,bn7g3tl8,1,introduction,ID,1638974242,1,0,0
gkw61aqi,3,bn7g3tl8,2,introduction,Introduction,1638974245,1,0,0
gkw61aqi,3,bn7g3tl8,3,dictator_robot,Instructions,1638974250,1,0,0
gkw61aqi,3,bn7g3tl8,4,dictator_robot,Decision,1638974253,1,0,0
gkw61aqi,3,bn7g3tl8,5,dictator_robot,Results,1638974256,1,0,0
gkw61aqi,3,bn7g3tl8,20,final_results,FinalResults,1638974257,1,0,0
gkw61aqi,4,cntapgms,1,introduction,ID,1638974266,1,0,0
gkw61aqi,4,cntapgms,2,introduction,Introduction,1638974277,1,0,0
gkw61aqi,4,cntapgms,3,dictator_robot,Instructions,1638974284,1,0,0
gkw61aqi,4,cntapgms,4,dictator_robot,Decision,1638974291,1,0,0
gkw61aqi,4,cntapgms,5,dictator_robot,Results,1638974292,1,0,0
gkw61aqi,4,cntapgms,20,final_results,FinalResults,1638974295,1,0,0
gkw61aqi,5,qr4xhkrh,1,introduction,ID,1638974299,1,0,0
gkw61aqi,5,qr4xhkrh,2,introduction,Introduction,1638974301,1,0,0
gkw61aqi,5,qr4xhkrh,6,trust_robot_firstmover_strategy,Instructions,1638974319,1,0,0
gkw61aqi,5,qr4xhkrh,7,trust_robot_firstmover_strategy,SendBack,1638974343,1,0,0
gkw61aqi,5,qr4xhkrh,8,trust_robot_firstmover_strategy,Results,1638974346,1,0,0
gkw61aqi,5,qr4xhkrh,20,final_results,FinalResults,1638974347,1,0,0
gkw61aqi,6,chmn5xc0,1,introduction,ID,1638974354,1,0,0
gkw61aqi,6,chmn5xc0,2,introduction,Introduction,1638974356,1,0,0
gkw61aqi,7,1herxjyb,1,introduction,ID,1638974375,1,0,0
gkw61aqi,7,1herxjyb,2,introduction,Introduction,1638974376,1,0,0
gkw61aqi,6,chmn5xc0,6,trust_robot_firstmover_strategy,Instructions,1638974384,1,0,0
gkw61aqi,6,chmn5xc0,7,trust_robot_firstmover_strategy,SendBack,1638974404,1,0,0
gkw61aqi,6,chmn5xc0,8,trust_robot_firstmover_strategy,Results,1638974408,1,0,0
gkw61aqi,6,chmn5xc0,20,final_results,FinalResults,1638974409,1,0,0
gkw61aqi,7,1herxjyb,6,trust_robot_firstmover_strategy,Instructions,1638974414,1,0,0
gkw61aqi,7,1herxjyb,7,trust_robot_firstmover_strategy,SendBack,1638974425,1,0,0
gkw61aqi,7,1herxjyb,8,trust_robot_firstmover_strategy,Results,1638974427,1,0,0
gkw61aqi,7,1herxjyb,20,final_results,FinalResults,1638974429,1,0,0
gkw61aqi,8,eao0zrs5,1,introduction,ID,1638974433,1,0,0
gkw61aqi,8,eao0zrs5,2,introduction,Introduction,1638974434,1,0,0
gkw61aqi,9,yf6kotuy,1,introduction,ID,1638974455,1,0,0
gkw61aqi,9,yf6kotuy,2,introduction,Introduction,1638974456,1,0,0
gkw61aqi,10,htnbisqb,1,introduction,ID,1638974460,1,0,0
gkw61aqi,10,htnbisqb,2,introduction,Introduction,1638974461,1,0,0
gkw61aqi,11,5u92sx08,1,introduction,ID,1638974464,1,0,0
gkw61aqi,11,5u92sx08,2,introduction,Introduction,1638974465,1,0,0
gkw61aqi,12,c6wgnxoa,1,introduction,ID,1638974471,1,0,0
gkw61aqi,12,c6wgnxoa,2,introduction,Introduction,1638974472,1,0,0
gkw61aqi,13,oxxuzcnu,1,introduction,ID,1638974478,1,0,0
gkw61aqi,13,oxxuzcnu,2,introduction,Introduction,1638974479,1,0,0
gkw61aqi,14,oqapj9z1,1,introduction,ID,1638974517,1,0,0
gkw61aqi,14,oqapj9z1,2,introduction,Introduction,1638974518,1,0,0
gkw61aqi,15,9y0ljsio,1,introduction,ID,1638974523,1,0,0
gkw61aqi,15,9y0ljsio,2,introduction,Introduction,1638974525,1,0,0
gkw61aqi,16,t13gzf7a,1,introduction,ID,1638974800,1,0,0
gkw61aqi,15,9y0ljsio,13,ultimatum_robot_proposer_strategy,Instructions,1638974806,1,0,0
gkw61aqi,15,9y0ljsio,14,ultimatum_robot_proposer_strategy,Decision,1638974935,1,0,0
gkw61aqi,15,9y0ljsio,15,ultimatum_robot_proposer_strategy,Results,1638974945,1,0,0
gkw61aqi,15,9y0ljsio,20,final_results,FinalResults,1638974949,1,0,0
gkw61aqi,16,t13gzf7a,2,introduction,Introduction,1638974952,1,0,0
gkw61aqi,16,t13gzf7a,13,ultimatum_robot_proposer_strategy,Instructions,1638974954,1,0,0
gkw61aqi,16,t13gzf7a,14,ultimatum_robot_proposer_strategy,Decision,1638974958,1,0,0
gkw61aqi,16,t13gzf7a,15,ultimatum_robot_proposer_strategy,Results,1638974960,1,0,0
gkw61aqi,16,t13gzf7a,20,final_results,FinalResults,1638974963,1,0,0
gkw61aqi,17,r8uedamg,1,introduction,ID,1638974968,1,0,0
gkw61aqi,17,r8uedamg,2,introduction,Introduction,1638974969,1,0,0
gkw61aqi,17,r8uedamg,13,ultimatum_robot_proposer_strategy,Instructions,1638974972,1,0,0
gkw61aqi,17,r8uedamg,14,ultimatum_robot_proposer_strategy,Decision,1638974976,1,0,0
gkw61aqi,17,r8uedamg,15,ultimatum_robot_proposer_strategy,Results,1638974979,1,0,0
gkw61aqi,17,r8uedamg,20,final_results,FinalResults,1638974981,1,0,0
gkw61aqi,18,jcxqi5ul,1,introduction,ID,1638974986,1,0,0
gkw61aqi,18,jcxqi5ul,2,introduction,Introduction,1638974989,1,0,0
gkw61aqi,18,jcxqi5ul,13,ultimatum_robot_proposer_strategy,Instructions,1638974993,1,0,0
gkw61aqi,18,jcxqi5ul,14,ultimatum_robot_proposer_strategy,Decision,1638975002,1,0,0
gkw61aqi,18,jcxqi5ul,15,ultimatum_robot_proposer_strategy,Results,1638975006,1,0,0
gkw61aqi,18,jcxqi5ul,20,final_results,FinalResults,1638975010,1,0,0
gkw61aqi,19,80u1r4po,1,introduction,ID,1638975016,1,0,0
gkw61aqi,19,80u1r4po,2,introduction,Introduction,1638975018,1,0,0
gkw61aqi,19,80u1r4po,13,ultimatum_robot_proposer_strategy,Instructions,1638975026,1,0,0
gkw61aqi,19,80u1r4po,14,ultimatum_robot_proposer_strategy,Decision,1638975044,1,0,0
gkw61aqi,19,80u1r4po,15,ultimatum_robot_proposer_strategy,Results,1638975049,1,0,0
gkw61aqi,19,80u1r4po,20,final_results,FinalResults,1638975052,1,0,0
gkw61aqi,20,oofimwaz,1,introduction,ID,1638975059,1,0,0
gkw61aqi,20,oofimwaz,2,introduction,Introduction,1638975061,1,0,0
gkw61aqi,20,oofimwaz,16,ultimatum_robot_responder_strategy,Instructions,1638975066,1,0,0
gkw61aqi,20,oofimwaz,17,ultimatum_robot_responder_strategy,Offer,1638975072,1,0,0
gkw61aqi,20,oofimwaz,18,ultimatum_robot_responder_strategy,Belief,1638975077,1,0,0
gkw61aqi,20,oofimwaz,19,ultimatum_robot_responder_strategy,Results,1638975093,1,0,0
gkw61aqi,20,oofimwaz,20,final_results,FinalResults,1638975095,1,0,0
gkw61aqi,21,bm8vw59k,1,introduction,ID,1638975102,1,0,0
gkw61aqi,21,bm8vw59k,2,introduction,Introduction,1638975104,1,0,0
gkw61aqi,21,bm8vw59k,16,ultimatum_robot_responder_strategy,Instructions,1638975115,1,0,0
gkw61aqi,21,bm8vw59k,17,ultimatum_robot_responder_strategy,Offer,1638975123,1,0,0
gkw61aqi,21,bm8vw59k,18,ultimatum_robot_responder_strategy,Belief,1638975129,1,0,0
gkw61aqi,21,bm8vw59k,19,ultimatum_robot_responder_strategy,Results,1638975140,1,0,0
gkw61aqi,21,bm8vw59k,20,final_results,FinalResults,1638975141,1,0,0
gkw61aqi,22,y78cgrku,1,introduction,ID,1638975145,1,0,0
gkw61aqi,22,y78cgrku,2,introduction,Introduction,1638975147,1,0,0
gkw61aqi,22,y78cgrku,16,ultimatum_robot_responder_strategy,Instructions,1638975149,1,0,0
gkw61aqi,22,y78cgrku,17,ultimatum_robot_responder_strategy,Offer,1638975154,1,0,0
gkw61aqi,22,y78cgrku,18,ultimatum_robot_responder_strategy,Belief,1638975160,1,0,0
gkw61aqi,22,y78cgrku,19,ultimatum_robot_responder_strategy,Results,1638975168,1,0,0
gkw61aqi,22,y78cgrku,20,final_results,FinalResults,1638975171,1,0,0
gkw61aqi,23,utytylc7,1,introduction,ID,1638975177,1,0,0
gkw61aqi,23,utytylc7,2,introduction,Introduction,1638975179,1,0,0
gkw61aqi,23,utytylc7,16,ultimatum_robot_responder_strategy,Instructions,1638975183,1,0,0
rufybnp4,1,xl63279p,0,,InitializeParticipant,1638977569,1,0,0
gg6um2sp,1,xqwn9x7o,0,,InitializeParticipant,1638977899,1,0,0
owjl0xho,1,hvfao4jx,0,,InitializeParticipant,1638996000,1,0,0
owjl0xho,1,hvfao4jx,1,introduction,ID,1638996006,1,0,0
owjl0xho,1,hvfao4jx,2,introduction,Introduction,1638996016,1,0,0
kxh15wt9,1,cal8ejtk,0,,InitializeParticipant,1638997011,1,0,0
kxh15wt9,1,cal8ejtk,1,introduction,ID,1638997021,1,0,0
kxh15wt9,1,cal8ejtk,2,introduction,Introduction,1638997028,1,0,0
kxh15wt9,2,4hnmlkj6,0,,InitializeParticipant,1638997194,1,0,0
kxh15wt9,2,4hnmlkj6,1,introduction,ID,1638997201,1,0,0
kxh15wt9,2,4hnmlkj6,2,introduction,Introduction,1638997204,1,0,0
kxh15wt9,1,cal8ejtk,3,dictator_human,GroupWaitPage,1638997204,1,0,1
kxh15wt9,2,4hnmlkj6,3,dictator_human,GroupWaitPage,1638997204,1,0,1
kxh15wt9,2,4hnmlkj6,4,dictator_human,Instructions,1638997211,1,0,0
kxh15wt9,1,cal8ejtk,4,dictator_human,Instructions,1638997243,1,0,0
kxh15wt9,1,cal8ejtk,5,dictator_human,Decision,1638997250,1,0,0
kxh15wt9,1,cal8ejtk,6,dictator_human,ResultsWaitPage,1638997250,1,0,1
kxh15wt9,2,4hnmlkj6,6,dictator_human,ResultsWaitPage,1638997250,1,0,1
kxh15wt9,1,cal8ejtk,7,dictator_human,Results,1638997253,1,0,0
kxh15wt9,2,4hnmlkj6,7,dictator_human,Results,1638997255,1,0,0
kxh15wt9,1,cal8ejtk,22,final_results,FinalResults,1638997257,1,0,0
kxh15wt9,2,4hnmlkj6,22,final_results,FinalResults,1638997262,1,0,0
kxh15wt9,1,cal8ejtk,23,survey,Survey,1638997294,1,0,0
kxh15wt9,2,4hnmlkj6,23,survey,Survey,1638997321,1,0,0
