participant.id_in_session,participant.code,participant.label,participant._is_bot,participant._index_in_pages,participant._max_page_index,participant._current_app_name,participant._current_page_name,participant.time_started_utc,participant.visited,participant.mturk_worker_id,participant.mturk_assignment_id,participant.payoff,player.id_in_group,player.role,player.payoff,player.what_happens_with_payoffs,player.age,player.gender,player.degree,player.field_of_study,player.employment,player.familiarity,player.confidence,group.id_in_subsession,subsession.round_number,session.code,session.label,session.mturk_HITId,session.mturk_HITGroupId,session.comment,session.is_demo
1,cxdpz02w,,0,23,24,survey,Survey,2021-11-29 16:41:49.122790,1,,,5.0,1,,0.0,,,,,,,,,1,1,vndoii7a,,,,,1
2,g34cawkb,,0,22,24,final_results,FinalResults,2021-11-29 16:41:49.787881,1,,,5.0,2,,0.0,,,,,,,,,1,1,vndoii7a,,,,,1
3,7pi85ql2,,0,0,24,,,,0,,,0.0,3,,0.0,,,,,,,,,1,1,vndoii7a,,,,,1
4,0as8527d,,0,0,24,,,,0,,,0.0,4,,0.0,,,,,,,,,1,1,vndoii7a,,,,,1
5,mlwltlo3,,0,21,24,ultimatum_human_strategy,Results,2021-11-29 16:42:20.463990,1,,,7.0,5,,0.0,,,,,,,,,1,1,vndoii7a,,,,,1
6,5me8jqsp,,0,23,24,survey,Survey,2021-11-29 16:42:21.175859,1,,,7.0,6,,0.0,,,,,,,,,1,1,vndoii7a,,,,,1
1,5zshyv48,,0,0,22,,,,0,,,0.0,1,,0.0,,,,,,,,,1,1,8o9gdlp3,,,,,1
2,1o4e4eqc,,0,0,22,,,,0,,,0.0,2,,0.0,,,,,,,,,1,1,8o9gdlp3,,,,,1
3,ople39m3,,0,0,22,,,,0,,,0.0,3,,0.0,,,,,,,,,1,1,8o9gdlp3,,,,,1
4,lgx9sfn2,,0,0,22,,,,0,,,0.0,4,,0.0,,,,,,,,,1,1,8o9gdlp3,,,,,1
5,8wx85xtw,,0,0,22,,,,0,,,0.0,5,,0.0,,,,,,,,,1,1,8o9gdlp3,,,,,1
6,b99p4tix,,0,7,22,trust_robot_firstmover_strategy,SendBack,2021-11-29 16:42:56.625311,1,,,0.0,6,,0.0,,,,,,,,,1,1,8o9gdlp3,,,,,1
7,ziu083g7,,0,0,22,,,,0,,,0.0,7,,0.0,,,,,,,,,1,1,8o9gdlp3,,,,,1
8,fph8z4aj,,0,0,22,,,,0,,,0.0,8,,0.0,,,,,,,,,1,1,8o9gdlp3,,,,,1
9,hl42u1aw,,0,0,22,,,,0,,,0.0,9,,0.0,,,,,,,,,1,1,8o9gdlp3,,,,,1
10,jcgjq424,,0,0,22,,,,0,,,0.0,10,,0.0,,,,,,,,,1,1,8o9gdlp3,,,,,1
11,1xi5zlp7,,0,0,22,,,,0,,,0.0,11,,0.0,,,,,,,,,1,1,8o9gdlp3,,,,,1
12,gs0vvk39,,0,0,22,,,,0,,,0.0,12,,0.0,,,,,,,,,1,1,8o9gdlp3,,,,,1
13,xgbnwu8o,,0,0,22,,,,0,,,0.0,13,,0.0,,,,,,,,,1,1,8o9gdlp3,,,,,1
14,kym052p3,,0,0,22,,,,0,,,0.0,14,,0.0,,,,,,,,,1,1,8o9gdlp3,,,,,1
15,6y8r0f92,,0,0,22,,,,0,,,0.0,15,,0.0,,,,,,,,,1,1,8o9gdlp3,,,,,1
16,xf2tpgfl,,0,15,22,ultimatum_robot_proposer_strategy,Results,2021-11-29 16:42:58.047399,1,,,6.0,16,,0.0,,,,,,,,,1,1,8o9gdlp3,,,,,1
17,zwg0y0y3,,0,0,22,,,,0,,,0.0,17,,0.0,,,,,,,,,1,1,8o9gdlp3,,,,,1
18,1y1rfpg3,,0,0,22,,,,0,,,0.0,18,,0.0,,,,,,,,,1,1,8o9gdlp3,,,,,1
19,jx2mcc1g,,0,0,22,,,,0,,,0.0,19,,0.0,,,,,,,,,1,1,8o9gdlp3,,,,,1
20,2ouhu9pq,,0,0,22,,,,0,,,0.0,20,,0.0,,,,,,,,,1,1,8o9gdlp3,,,,,1
1,n9m6od2y,,0,40,41,survey,Survey,2021-12-01 09:17:32.507824,1,,,8.0,1,,0.0,,,,,,,,,1,1,0asoxdxj,,,,,1
2,v8hhmdyi,,0,40,41,survey,Survey,2021-12-01 09:47:11.354339,1,,,2.0,2,,0.0,,,,,,,,,1,1,0asoxdxj,,,,,1
3,fpbo2bu3,,0,41,41,final_screen,EndOfExperiment,2021-12-01 09:18:33.914695,1,,,9.0,3,,0.0,askandfa ladnc,19,male,0,engineer,full,0,1,1,1,0asoxdxj,,,,,1
4,logoupg9,,0,41,41,final_screen,EndOfExperiment,2021-12-01 09:20:52.663266,1,,,10.0,4,,0.0,555,19,male,3,politics,no,0,2,1,1,0asoxdxj,,,,,1
5,8a40tixt,,0,41,41,final_screen,EndOfExperiment,2021-12-01 09:23:56.880178,1,,,7.0,5,,0.0,s,34,male,1,natural,no,4,2,1,1,0asoxdxj,,,,,1
6,7yba6d2m,,0,41,41,final_screen,EndOfExperiment,2021-12-01 09:24:50.243750,1,,,2.0,6,,0.0,3434,31,male,4,law,no,4,0,1,1,0asoxdxj,,,,,1
7,hzfnc8vm,,0,17,41,trust_human_strategy,Results,2021-12-01 09:27:29.998021,1,,,0.0,7,,0.0,,,,,,,,,1,1,0asoxdxj,,,,,1
8,kmbjfnrf,,0,40,41,survey,Survey,2021-12-01 09:27:17.359110,1,,,20.0,8,,0.0,,,,,,,,,1,1,0asoxdxj,,,,,1
9,78d79n7s,,0,40,41,survey,Survey,2021-12-01 09:33:08.875394,1,,,13.0,9,,0.0,,,,,,,,,1,1,0asoxdxj,,,,,1
10,qhga8zd3,,0,40,41,survey,Survey,2021-12-01 09:34:42.108726,1,,,16.0,10,,0.0,,,,,,,,,1,1,0asoxdxj,,,,,1
11,ajz8et33,,0,40,41,survey,Survey,2021-12-01 09:35:46.058794,1,,,13.0,11,,0.0,,,,,,,,,1,1,0asoxdxj,,,,,1
12,u14s1mw8,,0,41,41,final_screen,EndOfExperiment,2021-12-01 09:38:39.634520,1,,,13.0,12,,0.0,qw,23,female,4,law,full,1,1,1,1,0asoxdxj,,,,,1
13,zlwstspy,,0,0,41,,,,0,,,0.0,13,,0.0,,,,,,,,,1,1,0asoxdxj,,,,,1
14,5d9a6dxc,,0,24,41,trust_robot_secondmover,Results,2021-12-01 09:41:04.527973,1,,,19.0,14,,0.0,,,,,,,,,1,1,0asoxdxj,,,,,1
15,q14qzmy5,,0,40,41,survey,Survey,2021-12-01 09:42:34.806012,1,,,18.0,15,,0.0,,,,,,,,,1,1,0asoxdxj,,,,,1
16,vfq2gfgw,,0,41,41,final_screen,EndOfExperiment,2021-12-01 09:43:22.194708,1,,,15.0,16,,0.0,2323,23,female,0,na,part,0,4,1,1,0asoxdxj,,,,,1
17,bnne1in8,,0,40,41,survey,Survey,2021-12-01 09:44:04.238872,1,,,13.0,17,,0.0,,,,,,,,,1,1,0asoxdxj,,,,,1
18,trap3sxs,,0,40,41,survey,Survey,2021-12-01 09:46:03.046215,1,,,11.0,18,,0.0,,,,,,,,,1,1,0asoxdxj,,,,,1
19,r4sdxj5x,,0,31,41,ultimatum_human_strategy,Results,2021-12-01 09:46:33.708450,1,,,2.0,19,,0.0,,,,,,,,,1,1,0asoxdxj,,,,,1
20,hjq1yfn3,,0,31,41,ultimatum_human_strategy,Results,2021-12-01 09:46:44.744868,1,,,10.0,20,,0.0,,,,,,,,,1,1,0asoxdxj,,,,,1
1,elg8tof6,,0,1,1,survey,Survey,2021-12-01 15:54:23.414829,1,,,0.0,1,,0.0,,,,,,,,,1,1,xgegmh4v,,,,,1
1,yx3cyysj,,0,40,41,survey,Survey,2021-12-06 09:53:20.992977,1,,,4.0,1,,0.0,,,,,,,,,1,1,66mhoetj,,,,,1
2,c8s98e6f,,0,40,41,survey,Survey,2021-12-06 09:53:23.806039,1,,,6.0,2,,0.0,,,,,,,,,1,1,66mhoetj,,,,,1
3,0u50yu2x,,0,40,41,survey,Survey,2021-12-06 09:53:25.632304,1,,,3.0,3,,0.0,,,,,,,,,1,1,66mhoetj,,,,,1
4,8iz13usi,,0,40,41,survey,Survey,2021-12-06 09:53:27.177482,1,,,7.0,4,,0.0,,,,,,,,,1,1,66mhoetj,,,,,1
5,c867xhjf,,0,40,41,survey,Survey,2021-12-06 09:54:28.576072,1,,,7.0,5,,0.0,,,,,,,,,1,1,66mhoetj,,,,,1
6,mnhz4ru1,,0,40,41,survey,Survey,2021-12-06 09:54:29.522105,1,,,2.0,6,,0.0,,,,,,,,,1,1,66mhoetj,,,,,1
7,hl235ijh,,0,12,41,trust_human_strategy,Instructions,2021-12-06 09:54:30.532041,1,,,0.0,7,,0.0,,,,,,,,,1,1,66mhoetj,,,,,1
8,h2rk0ki5,,0,12,41,trust_human_strategy,Instructions,2021-12-06 09:54:31.590854,1,,,0.0,8,,0.0,,,,,,,,,1,1,66mhoetj,,,,,1
9,kfrmyy9i,,0,18,41,trust_robot_firstmover_strategy,Instructions,2021-12-06 09:54:32.933277,1,,,0.0,9,,0.0,,,,,,,,,1,1,66mhoetj,,,,,1
10,reaff9xt,,0,18,41,trust_robot_firstmover_strategy,Instructions,2021-12-06 09:54:33.803587,1,,,0.0,10,,0.0,,,,,,,,,1,1,66mhoetj,,,,,1
11,rp4vqr7f,,0,18,41,trust_robot_firstmover_strategy,Instructions,2021-12-06 09:54:34.711735,1,,,0.0,11,,0.0,,,,,,,,,1,1,66mhoetj,,,,,1
12,hc2qnmvs,,0,18,41,trust_robot_firstmover_strategy,Instructions,2021-12-06 09:54:35.526820,1,,,0.0,12,,0.0,,,,,,,,,1,1,66mhoetj,,,,,1
13,rzafid47,,0,18,41,trust_robot_firstmover_strategy,Instructions,2021-12-06 09:54:40.303642,1,,,0.0,13,,0.0,,,,,,,,,1,1,66mhoetj,,,,,1
14,y9x63o8u,,0,21,41,trust_robot_secondmover,Instructions,2021-12-06 09:54:41.279090,1,,,0.0,14,,0.0,,,,,,,,,1,1,66mhoetj,,,,,1
15,04isstlq,,0,21,41,trust_robot_secondmover,Instructions,2021-12-06 09:54:42.203898,1,,,0.0,15,,0.0,,,,,,,,,1,1,66mhoetj,,,,,1
16,id1odd1f,,0,21,41,trust_robot_secondmover,Instructions,2021-12-06 09:54:43.154138,1,,,0.0,16,,0.0,,,,,,,,,1,1,66mhoetj,,,,,1
17,dj671621,,0,21,41,trust_robot_secondmover,Instructions,2021-12-06 09:54:44.092743,1,,,0.0,17,,0.0,,,,,,,,,1,1,66mhoetj,,,,,1
18,i8sl93w2,,0,21,41,trust_robot_secondmover,Instructions,2021-12-06 09:54:45.180754,1,,,0.0,18,,0.0,,,,,,,,,1,1,66mhoetj,,,,,1
19,48tmov3z,,0,26,41,ultimatum_human_strategy,Instructions,2021-12-06 09:54:46.114310,1,,,0.0,19,,0.0,,,,,,,,,1,1,66mhoetj,,,,,1
20,zc6vaer2,,0,26,41,ultimatum_human_strategy,Instructions,2021-12-06 09:54:47.125284,1,,,0.0,20,,0.0,,,,,,,,,1,1,66mhoetj,,,,,1
1,1tao2bo8,,0,0,24,,,,0,,,0.0,1,,0.0,,,,,,,,,1,1,9r04duon,,,,,1
2,pij43n3x,,0,0,24,,,,0,,,0.0,2,,0.0,,,,,,,,,1,1,9r04duon,,,,,1
3,n7qqfgkd,,0,0,24,,,,0,,,0.0,3,,0.0,,,,,,,,,1,1,9r04duon,,,,,1
4,e3bbmzrx,,0,0,24,,,,0,,,0.0,4,,0.0,,,,,,,,,1,1,9r04duon,,,,,1
5,gadglw8j,,0,0,24,,,,0,,,0.0,5,,0.0,,,,,,,,,1,1,9r04duon,,,,,1
6,hk53ar8p,,0,0,24,,,,0,,,0.0,6,,0.0,,,,,,,,,1,1,9r04duon,,,,,1
1,xl63279p,,0,22,22,final_screen,EndOfExperiment,2021-12-08 15:32:49.683776,1,,,8.0,1,,0.0,bhnm,20,other,1,law,part,1,1,1,1,rufybnp4,,,,,1
2,boyfr3qf,,0,0,22,,,,0,,,0.0,2,,0.0,,,,,,,,,1,1,rufybnp4,,,,,1
3,1vuty71v,,0,0,22,,,,0,,,0.0,3,,0.0,,,,,,,,,1,1,rufybnp4,,,,,1
4,f770n4wz,,0,0,22,,,,0,,,0.0,4,,0.0,,,,,,,,,1,1,rufybnp4,,,,,1
5,3u0x7hd7,,0,0,22,,,,0,,,0.0,5,,0.0,,,,,,,,,1,1,rufybnp4,,,,,1
6,ogt7agoj,,0,0,22,,,,0,,,0.0,6,,0.0,,,,,,,,,1,1,rufybnp4,,,,,1
7,ypaj3v50,,0,0,22,,,,0,,,0.0,7,,0.0,,,,,,,,,1,1,rufybnp4,,,,,1
8,1ra6o87j,,0,0,22,,,,0,,,0.0,8,,0.0,,,,,,,,,1,1,rufybnp4,,,,,1
9,kunstuol,,0,0,22,,,,0,,,0.0,9,,0.0,,,,,,,,,1,1,rufybnp4,,,,,1
10,x23b4e2k,,0,0,22,,,,0,,,0.0,10,,0.0,,,,,,,,,1,1,rufybnp4,,,,,1
11,ypr92x6l,,0,0,22,,,,0,,,0.0,11,,0.0,,,,,,,,,1,1,rufybnp4,,,,,1
12,58jh3d8y,,0,0,22,,,,0,,,0.0,12,,0.0,,,,,,,,,1,1,rufybnp4,,,,,1
13,0bhad401,,0,0,22,,,,0,,,0.0,13,,0.0,,,,,,,,,1,1,rufybnp4,,,,,1
14,57ei9rsr,,0,0,22,,,,0,,,0.0,14,,0.0,,,,,,,,,1,1,rufybnp4,,,,,1
15,o3p0p8bb,,0,0,22,,,,0,,,0.0,15,,0.0,,,,,,,,,1,1,rufybnp4,,,,,1
16,irdlens6,,0,0,22,,,,0,,,0.0,16,,0.0,,,,,,,,,1,1,rufybnp4,,,,,1
17,7am0unvz,,0,0,22,,,,0,,,0.0,17,,0.0,,,,,,,,,1,1,rufybnp4,,,,,1
18,zs1xgrom,,0,0,22,,,,0,,,0.0,18,,0.0,,,,,,,,,1,1,rufybnp4,,,,,1
19,xcmxxkdn,,0,0,22,,,,0,,,0.0,19,,0.0,,,,,,,,,1,1,rufybnp4,,,,,1
20,xb3yv2sb,,0,0,22,,,,0,,,0.0,20,,0.0,,,,,,,,,1,1,rufybnp4,,,,,1
1,xqwn9x7o,,0,22,22,final_screen,EndOfExperiment,2021-12-08 15:38:19.705306,1,,,9.0,1,,0.0,"jhbklm,",33,male,2,econ,full,1,1,1,1,gg6um2sp,,,,,1
2,k5ne6s36,,0,0,22,,,,0,,,0.0,2,,0.0,,,,,,,,,1,1,gg6um2sp,,,,,1
3,d26jl8de,,0,0,22,,,,0,,,0.0,3,,0.0,,,,,,,,,1,1,gg6um2sp,,,,,1
4,jn5z69h4,,0,0,22,,,,0,,,0.0,4,,0.0,,,,,,,,,1,1,gg6um2sp,,,,,1
5,ugpedxap,,0,0,22,,,,0,,,0.0,5,,0.0,,,,,,,,,1,1,gg6um2sp,,,,,1
6,llv8ws6z,,0,0,22,,,,0,,,0.0,6,,0.0,,,,,,,,,1,1,gg6um2sp,,,,,1
7,xi1jysmw,,0,0,22,,,,0,,,0.0,7,,0.0,,,,,,,,,1,1,gg6um2sp,,,,,1
8,bbq0q64u,,0,0,22,,,,0,,,0.0,8,,0.0,,,,,,,,,1,1,gg6um2sp,,,,,1
9,vm6oo731,,0,0,22,,,,0,,,0.0,9,,0.0,,,,,,,,,1,1,gg6um2sp,,,,,1
10,aqljzqj3,,0,0,22,,,,0,,,0.0,10,,0.0,,,,,,,,,1,1,gg6um2sp,,,,,1
11,b2xdla3n,,0,0,22,,,,0,,,0.0,11,,0.0,,,,,,,,,1,1,gg6um2sp,,,,,1
12,t4hlxa3d,,0,0,22,,,,0,,,0.0,12,,0.0,,,,,,,,,1,1,gg6um2sp,,,,,1
13,17p0gspa,,0,0,22,,,,0,,,0.0,13,,0.0,,,,,,,,,1,1,gg6um2sp,,,,,1
14,p9hb6lr9,,0,0,22,,,,0,,,0.0,14,,0.0,,,,,,,,,1,1,gg6um2sp,,,,,1
15,i1mvn0to,,0,0,22,,,,0,,,0.0,15,,0.0,,,,,,,,,1,1,gg6um2sp,,,,,1
16,wtwnuc4r,,0,0,22,,,,0,,,0.0,16,,0.0,,,,,,,,,1,1,gg6um2sp,,,,,1
17,yjbkc8lc,,0,0,22,,,,0,,,0.0,17,,0.0,,,,,,,,,1,1,gg6um2sp,,,,,1
18,ll12paje,,0,0,22,,,,0,,,0.0,18,,0.0,,,,,,,,,1,1,gg6um2sp,,,,,1
19,7rsrmkzc,,0,0,22,,,,0,,,0.0,19,,0.0,,,,,,,,,1,1,gg6um2sp,,,,,1
20,29sobza0,,0,0,22,,,,0,,,0.0,20,,0.0,,,,,,,,,1,1,gg6um2sp,,,,,1
1,hvfao4jx,610999f68d373b548447abfe,0,3,24,dictator_human,GroupWaitPage,2021-12-08 20:40:00.407087,1,,,0.0,1,,0.0,,,,,,,,,1,1,owjl0xho,,,,,0
2,5nj6u26z,,0,0,24,,,,0,,,0.0,2,,0.0,,,,,,,,,1,1,owjl0xho,,,,,0
3,zmgx3ua8,,0,0,24,,,,0,,,0.0,3,,0.0,,,,,,,,,1,1,owjl0xho,,,,,0
4,1g2eylg5,,0,0,24,,,,0,,,0.0,4,,0.0,,,,,,,,,1,1,owjl0xho,,,,,0
5,jz7kstji,,0,0,24,,,,0,,,0.0,5,,0.0,,,,,,,,,1,1,owjl0xho,,,,,0
6,ijmxxq8a,,0,0,24,,,,0,,,0.0,6,,0.0,,,,,,,,,1,1,owjl0xho,,,,,0
7,j5rd420r,,0,0,24,,,,0,,,0.0,7,,0.0,,,,,,,,,1,1,owjl0xho,,,,,0
8,slxi7mvi,,0,0,24,,,,0,,,0.0,8,,0.0,,,,,,,,,1,1,owjl0xho,,,,,0
9,p8h7scvc,,0,0,24,,,,0,,,0.0,9,,0.0,,,,,,,,,1,1,owjl0xho,,,,,0
10,wovplsbl,,0,0,24,,,,0,,,0.0,10,,0.0,,,,,,,,,1,1,owjl0xho,,,,,0
11,gqug1v10,,0,0,24,,,,0,,,0.0,11,,0.0,,,,,,,,,1,1,owjl0xho,,,,,0
12,rnrjst6n,,0,0,24,,,,0,,,0.0,12,,0.0,,,,,,,,,1,1,owjl0xho,,,,,0
13,yj4t2gck,,0,0,24,,,,0,,,0.0,13,,0.0,,,,,,,,,1,1,owjl0xho,,,,,0
14,gx14d26m,,0,0,24,,,,0,,,0.0,14,,0.0,,,,,,,,,1,1,owjl0xho,,,,,0
15,cm71cal5,,0,0,24,,,,0,,,0.0,15,,0.0,,,,,,,,,1,1,owjl0xho,,,,,0
16,hytzklec,,0,0,24,,,,0,,,0.0,16,,0.0,,,,,,,,,1,1,owjl0xho,,,,,0
17,5hzh2ijp,,0,0,24,,,,0,,,0.0,17,,0.0,,,,,,,,,1,1,owjl0xho,,,,,0
18,qhk6hm6v,,0,0,24,,,,0,,,0.0,18,,0.0,,,,,,,,,1,1,owjl0xho,,,,,0
19,k64pa9ya,,0,0,24,,,,0,,,0.0,19,,0.0,,,,,,,,,1,1,owjl0xho,,,,,0
20,axdjzyzw,,0,0,24,,,,0,,,0.0,20,,0.0,,,,,,,,,1,1,owjl0xho,,,,,0
21,958t2qv5,,0,0,24,,,,0,,,0.0,21,,0.0,,,,,,,,,1,1,owjl0xho,,,,,0
22,c3ko0tlc,,0,0,24,,,,0,,,0.0,22,,0.0,,,,,,,,,1,1,owjl0xho,,,,,0
23,g1o2hum4,,0,0,24,,,,0,,,0.0,23,,0.0,,,,,,,,,1,1,owjl0xho,,,,,0
24,g6wfhgii,,0,0,24,,,,0,,,0.0,24,,0.0,,,,,,,,,1,1,owjl0xho,,,,,0
25,3d8cb8k2,,0,0,24,,,,0,,,0.0,25,,0.0,,,,,,,,,1,1,owjl0xho,,,,,0
26,muhb0wfs,,0,0,24,,,,0,,,0.0,26,,0.0,,,,,,,,,1,1,owjl0xho,,,,,0
27,0y3zt756,,0,0,24,,,,0,,,0.0,27,,0.0,,,,,,,,,1,1,owjl0xho,,,,,0
28,t1zi2dk9,,0,0,24,,,,0,,,0.0,28,,0.0,,,,,,,,,1,1,owjl0xho,,,,,0
29,fr4b5u7g,,0,0,24,,,,0,,,0.0,29,,0.0,,,,,,,,,1,1,owjl0xho,,,,,0
30,7y9oaq0r,,0,0,24,,,,0,,,0.0,30,,0.0,,,,,,,,,1,1,owjl0xho,,,,,0
31,7iv06ycp,,0,0,24,,,,0,,,0.0,31,,0.0,,,,,,,,,1,1,owjl0xho,,,,,0
32,7ovg846q,,0,0,24,,,,0,,,0.0,32,,0.0,,,,,,,,,1,1,owjl0xho,,,,,0
33,ffsfzrkv,,0,0,24,,,,0,,,0.0,33,,0.0,,,,,,,,,1,1,owjl0xho,,,,,0
34,11mvmc4t,,0,0,24,,,,0,,,0.0,34,,0.0,,,,,,,,,1,1,owjl0xho,,,,,0
35,1h6zjy1c,,0,0,24,,,,0,,,0.0,35,,0.0,,,,,,,,,1,1,owjl0xho,,,,,0
36,1vrd9ggt,,0,0,24,,,,0,,,0.0,36,,0.0,,,,,,,,,1,1,owjl0xho,,,,,0
37,29haogpj,,0,0,24,,,,0,,,0.0,37,,0.0,,,,,,,,,1,1,owjl0xho,,,,,0
38,ccuvghw6,,0,0,24,,,,0,,,0.0,38,,0.0,,,,,,,,,1,1,owjl0xho,,,,,0
39,e961k6w1,,0,0,24,,,,0,,,0.0,39,,0.0,,,,,,,,,1,1,owjl0xho,,,,,0
40,xlq3ybfq,,0,0,24,,,,0,,,0.0,40,,0.0,,,,,,,,,1,1,owjl0xho,,,,,0
41,rnl7rcvv,,0,0,24,,,,0,,,0.0,41,,0.0,,,,,,,,,1,1,owjl0xho,,,,,0
42,01tmwpzf,,0,0,24,,,,0,,,0.0,42,,0.0,,,,,,,,,1,1,owjl0xho,,,,,0
43,8kxwww2f,,0,0,24,,,,0,,,0.0,43,,0.0,,,,,,,,,1,1,owjl0xho,,,,,0
44,7g8jn223,,0,0,24,,,,0,,,0.0,44,,0.0,,,,,,,,,1,1,owjl0xho,,,,,0
45,idfo8il1,,0,0,24,,,,0,,,0.0,45,,0.0,,,,,,,,,1,1,owjl0xho,,,,,0
46,0sde3c5r,,0,0,24,,,,0,,,0.0,46,,0.0,,,,,,,,,1,1,owjl0xho,,,,,0
47,1qsv4tt7,,0,0,24,,,,0,,,0.0,47,,0.0,,,,,,,,,1,1,owjl0xho,,,,,0
48,do4wmgpu,,0,0,24,,,,0,,,0.0,48,,0.0,,,,,,,,,1,1,owjl0xho,,,,,0
49,pkjklvhc,,0,0,24,,,,0,,,0.0,49,,0.0,,,,,,,,,1,1,owjl0xho,,,,,0
50,ep5lxj9g,,0,0,24,,,,0,,,0.0,50,,0.0,,,,,,,,,1,1,owjl0xho,,,,,0
51,oraa8qhu,,0,0,24,,,,0,,,0.0,51,,0.0,,,,,,,,,1,1,owjl0xho,,,,,0
52,1k7co5xr,,0,0,24,,,,0,,,0.0,52,,0.0,,,,,,,,,1,1,owjl0xho,,,,,0
53,qzwzxop4,,0,0,24,,,,0,,,0.0,53,,0.0,,,,,,,,,1,1,owjl0xho,,,,,0
54,s0yn0fca,,0,0,24,,,,0,,,0.0,54,,0.0,,,,,,,,,1,1,owjl0xho,,,,,0
55,rg1qcypb,,0,0,24,,,,0,,,0.0,55,,0.0,,,,,,,,,1,1,owjl0xho,,,,,0
56,pnyhhsir,,0,0,24,,,,0,,,0.0,56,,0.0,,,,,,,,,1,1,owjl0xho,,,,,0
57,9efkyxh5,,0,0,24,,,,0,,,0.0,57,,0.0,,,,,,,,,1,1,owjl0xho,,,,,0
58,yo1imq4i,,0,0,24,,,,0,,,0.0,58,,0.0,,,,,,,,,1,1,owjl0xho,,,,,0
59,kum8hh76,,0,0,24,,,,0,,,0.0,59,,0.0,,,,,,,,,1,1,owjl0xho,,,,,0
60,vx8fu8i8,,0,0,24,,,,0,,,0.0,60,,0.0,,,,,,,,,1,1,owjl0xho,,,,,0
61,oz5kv8o9,,0,0,24,,,,0,,,0.0,61,,0.0,,,,,,,,,1,1,owjl0xho,,,,,0
62,4ht2socs,,0,0,24,,,,0,,,0.0,62,,0.0,,,,,,,,,1,1,owjl0xho,,,,,0
63,38cjcvrp,,0,0,24,,,,0,,,0.0,63,,0.0,,,,,,,,,1,1,owjl0xho,,,,,0
64,42f2wjxo,,0,0,24,,,,0,,,0.0,64,,0.0,,,,,,,,,1,1,owjl0xho,,,,,0
65,054t5y0b,,0,0,24,,,,0,,,0.0,65,,0.0,,,,,,,,,1,1,owjl0xho,,,,,0
66,6f0jpcaq,,0,0,24,,,,0,,,0.0,66,,0.0,,,,,,,,,1,1,owjl0xho,,,,,0
67,v48lf3ku,,0,0,24,,,,0,,,0.0,67,,0.0,,,,,,,,,1,1,owjl0xho,,,,,0
68,lnku297i,,0,0,24,,,,0,,,0.0,68,,0.0,,,,,,,,,1,1,owjl0xho,,,,,0
69,rdv7ysb7,,0,0,24,,,,0,,,0.0,69,,0.0,,,,,,,,,1,1,owjl0xho,,,,,0
70,mlo4uma2,,0,0,24,,,,0,,,0.0,70,,0.0,,,,,,,,,1,1,owjl0xho,,,,,0
71,zuwh5imt,,0,0,24,,,,0,,,0.0,71,,0.0,,,,,,,,,1,1,owjl0xho,,,,,0
72,q4po5kyd,,0,0,24,,,,0,,,0.0,72,,0.0,,,,,,,,,1,1,owjl0xho,,,,,0
73,eq58sb3t,,0,0,24,,,,0,,,0.0,73,,0.0,,,,,,,,,1,1,owjl0xho,,,,,0
74,9cza92tb,,0,0,24,,,,0,,,0.0,74,,0.0,,,,,,,,,1,1,owjl0xho,,,,,0
75,6z24y06q,,0,0,24,,,,0,,,0.0,75,,0.0,,,,,,,,,1,1,owjl0xho,,,,,0
76,cm7bnhlf,,0,0,24,,,,0,,,0.0,76,,0.0,,,,,,,,,1,1,owjl0xho,,,,,0
77,xivny6k5,,0,0,24,,,,0,,,0.0,77,,0.0,,,,,,,,,1,1,owjl0xho,,,,,0
78,i1198u2t,,0,0,24,,,,0,,,0.0,78,,0.0,,,,,,,,,1,1,owjl0xho,,,,,0
79,2efoob9k,,0,0,24,,,,0,,,0.0,79,,0.0,,,,,,,,,1,1,owjl0xho,,,,,0
80,mh2o6u5y,,0,0,24,,,,0,,,0.0,80,,0.0,,,,,,,,,1,1,owjl0xho,,,,,0
81,cmjjt4jh,,0,0,24,,,,0,,,0.0,81,,0.0,,,,,,,,,1,1,owjl0xho,,,,,0
82,83s8z3u8,,0,0,24,,,,0,,,0.0,82,,0.0,,,,,,,,,1,1,owjl0xho,,,,,0
83,xrsk1vln,,0,0,24,,,,0,,,0.0,83,,0.0,,,,,,,,,1,1,owjl0xho,,,,,0
84,04ydus38,,0,0,24,,,,0,,,0.0,84,,0.0,,,,,,,,,1,1,owjl0xho,,,,,0
85,yb9tlgj3,,0,0,24,,,,0,,,0.0,85,,0.0,,,,,,,,,1,1,owjl0xho,,,,,0
86,shdh6ttg,,0,0,24,,,,0,,,0.0,86,,0.0,,,,,,,,,1,1,owjl0xho,,,,,0
87,4w8o147j,,0,0,24,,,,0,,,0.0,87,,0.0,,,,,,,,,1,1,owjl0xho,,,,,0
88,p232za0k,,0,0,24,,,,0,,,0.0,88,,0.0,,,,,,,,,1,1,owjl0xho,,,,,0
89,1xrx95cr,,0,0,24,,,,0,,,0.0,89,,0.0,,,,,,,,,1,1,owjl0xho,,,,,0
90,0v9c1vwd,,0,0,24,,,,0,,,0.0,90,,0.0,,,,,,,,,1,1,owjl0xho,,,,,0
91,wgh0zkxe,,0,0,24,,,,0,,,0.0,91,,0.0,,,,,,,,,1,1,owjl0xho,,,,,0
92,pyml9glx,,0,0,24,,,,0,,,0.0,92,,0.0,,,,,,,,,1,1,owjl0xho,,,,,0
93,8p6e5kna,,0,0,24,,,,0,,,0.0,93,,0.0,,,,,,,,,1,1,owjl0xho,,,,,0
94,k6y9oc6s,,0,0,24,,,,0,,,0.0,94,,0.0,,,,,,,,,1,1,owjl0xho,,,,,0
95,np5s0xwz,,0,0,24,,,,0,,,0.0,95,,0.0,,,,,,,,,1,1,owjl0xho,,,,,0
96,sal2i5it,,0,0,24,,,,0,,,0.0,96,,0.0,,,,,,,,,1,1,owjl0xho,,,,,0
97,cldoktka,,0,0,24,,,,0,,,0.0,97,,0.0,,,,,,,,,1,1,owjl0xho,,,,,0
98,y7g7k36a,,0,0,24,,,,0,,,0.0,98,,0.0,,,,,,,,,1,1,owjl0xho,,,,,0
99,cc1gwz1u,,0,0,24,,,,0,,,0.0,99,,0.0,,,,,,,,,1,1,owjl0xho,,,,,0
100,ytc6yj9n,,0,0,24,,,,0,,,0.0,100,,0.0,,,,,,,,,1,1,owjl0xho,,,,,0
101,2t3lnb5f,,0,0,24,,,,0,,,0.0,101,,0.0,,,,,,,,,1,1,owjl0xho,,,,,0
102,k3vd77eh,,0,0,24,,,,0,,,0.0,102,,0.0,,,,,,,,,1,1,owjl0xho,,,,,0
103,4fevh7jw,,0,0,24,,,,0,,,0.0,103,,0.0,,,,,,,,,1,1,owjl0xho,,,,,0
104,xuk5x1uh,,0,0,24,,,,0,,,0.0,104,,0.0,,,,,,,,,1,1,owjl0xho,,,,,0
105,1xqs8f1n,,0,0,24,,,,0,,,0.0,105,,0.0,,,,,,,,,1,1,owjl0xho,,,,,0
106,y4p9ja3q,,0,0,24,,,,0,,,0.0,106,,0.0,,,,,,,,,1,1,owjl0xho,,,,,0
107,70pp80sd,,0,0,24,,,,0,,,0.0,107,,0.0,,,,,,,,,1,1,owjl0xho,,,,,0
108,u98xxqjm,,0,0,24,,,,0,,,0.0,108,,0.0,,,,,,,,,1,1,owjl0xho,,,,,0
109,8nzop3y5,,0,0,24,,,,0,,,0.0,109,,0.0,,,,,,,,,1,1,owjl0xho,,,,,0
110,inmxx64i,,0,0,24,,,,0,,,0.0,110,,0.0,,,,,,,,,1,1,owjl0xho,,,,,0
111,bt2sh4cf,,0,0,24,,,,0,,,0.0,111,,0.0,,,,,,,,,1,1,owjl0xho,,,,,0
112,zzd8bzkk,,0,0,24,,,,0,,,0.0,112,,0.0,,,,,,,,,1,1,owjl0xho,,,,,0
113,s8iu6dt2,,0,0,24,,,,0,,,0.0,113,,0.0,,,,,,,,,1,1,owjl0xho,,,,,0
114,xukrrs7j,,0,0,24,,,,0,,,0.0,114,,0.0,,,,,,,,,1,1,owjl0xho,,,,,0
115,4e5i5f8j,,0,0,24,,,,0,,,0.0,115,,0.0,,,,,,,,,1,1,owjl0xho,,,,,0
116,28vz2uur,,0,0,24,,,,0,,,0.0,116,,0.0,,,,,,,,,1,1,owjl0xho,,,,,0
117,plw385bw,,0,0,24,,,,0,,,0.0,117,,0.0,,,,,,,,,1,1,owjl0xho,,,,,0
118,yps8fn0d,,0,0,24,,,,0,,,0.0,118,,0.0,,,,,,,,,1,1,owjl0xho,,,,,0
119,wf1vg0zx,,0,0,24,,,,0,,,0.0,119,,0.0,,,,,,,,,1,1,owjl0xho,,,,,0
120,wfqurpr9,,0,0,24,,,,0,,,0.0,120,,0.0,,,,,,,,,1,1,owjl0xho,,,,,0
121,s7vg3t1e,,0,0,24,,,,0,,,0.0,121,,0.0,,,,,,,,,1,1,owjl0xho,,,,,0
122,ccyvs0up,,0,0,24,,,,0,,,0.0,122,,0.0,,,,,,,,,1,1,owjl0xho,,,,,0
123,60c4j912,,0,0,24,,,,0,,,0.0,123,,0.0,,,,,,,,,1,1,owjl0xho,,,,,0
124,u25q2xbi,,0,0,24,,,,0,,,0.0,124,,0.0,,,,,,,,,1,1,owjl0xho,,,,,0
125,mvainmvc,,0,0,24,,,,0,,,0.0,125,,0.0,,,,,,,,,1,1,owjl0xho,,,,,0
126,2u4lhwx1,,0,0,24,,,,0,,,0.0,126,,0.0,,,,,,,,,1,1,owjl0xho,,,,,0
127,x9wdews5,,0,0,24,,,,0,,,0.0,127,,0.0,,,,,,,,,1,1,owjl0xho,,,,,0
128,wnx8yo0i,,0,0,24,,,,0,,,0.0,128,,0.0,,,,,,,,,1,1,owjl0xho,,,,,0
129,3ztydfdk,,0,0,24,,,,0,,,0.0,129,,0.0,,,,,,,,,1,1,owjl0xho,,,,,0
130,anjly4ol,,0,0,24,,,,0,,,0.0,130,,0.0,,,,,,,,,1,1,owjl0xho,,,,,0
131,k81lagsp,,0,0,24,,,,0,,,0.0,131,,0.0,,,,,,,,,1,1,owjl0xho,,,,,0
132,sfrgbz1x,,0,0,24,,,,0,,,0.0,132,,0.0,,,,,,,,,1,1,owjl0xho,,,,,0
133,y5jhl2g9,,0,0,24,,,,0,,,0.0,133,,0.0,,,,,,,,,1,1,owjl0xho,,,,,0
134,5e94m92a,,0,0,24,,,,0,,,0.0,134,,0.0,,,,,,,,,1,1,owjl0xho,,,,,0
135,68ni460k,,0,0,24,,,,0,,,0.0,135,,0.0,,,,,,,,,1,1,owjl0xho,,,,,0
136,mvy4pnie,,0,0,24,,,,0,,,0.0,136,,0.0,,,,,,,,,1,1,owjl0xho,,,,,0
137,guch3u0o,,0,0,24,,,,0,,,0.0,137,,0.0,,,,,,,,,1,1,owjl0xho,,,,,0
138,tzt26l0q,,0,0,24,,,,0,,,0.0,138,,0.0,,,,,,,,,1,1,owjl0xho,,,,,0
139,4gn2lja0,,0,0,24,,,,0,,,0.0,139,,0.0,,,,,,,,,1,1,owjl0xho,,,,,0
140,17f0wiol,,0,0,24,,,,0,,,0.0,140,,0.0,,,,,,,,,1,1,owjl0xho,,,,,0
141,o4jvdj4p,,0,0,24,,,,0,,,0.0,141,,0.0,,,,,,,,,1,1,owjl0xho,,,,,0
142,otmeepfr,,0,0,24,,,,0,,,0.0,142,,0.0,,,,,,,,,1,1,owjl0xho,,,,,0
143,6n2tnxm4,,0,0,24,,,,0,,,0.0,143,,0.0,,,,,,,,,1,1,owjl0xho,,,,,0
144,o4rdgdcy,,0,0,24,,,,0,,,0.0,144,,0.0,,,,,,,,,1,1,owjl0xho,,,,,0
145,ta60kcfy,,0,0,24,,,,0,,,0.0,145,,0.0,,,,,,,,,1,1,owjl0xho,,,,,0
146,gpbly107,,0,0,24,,,,0,,,0.0,146,,0.0,,,,,,,,,1,1,owjl0xho,,,,,0
147,y55q0ku7,,0,0,24,,,,0,,,0.0,147,,0.0,,,,,,,,,1,1,owjl0xho,,,,,0
148,znz5jrap,,0,0,24,,,,0,,,0.0,148,,0.0,,,,,,,,,1,1,owjl0xho,,,,,0
149,04ytrldn,,0,0,24,,,,0,,,0.0,149,,0.0,,,,,,,,,1,1,owjl0xho,,,,,0
150,walk4pvn,,0,0,24,,,,0,,,0.0,150,,0.0,,,,,,,,,1,1,owjl0xho,,,,,0
151,p0f6m9zx,,0,0,24,,,,0,,,0.0,151,,0.0,,,,,,,,,1,1,owjl0xho,,,,,0
152,ov71t62f,,0,0,24,,,,0,,,0.0,152,,0.0,,,,,,,,,1,1,owjl0xho,,,,,0
153,5nofajxw,,0,0,24,,,,0,,,0.0,153,,0.0,,,,,,,,,1,1,owjl0xho,,,,,0
154,vz9sd0w9,,0,0,24,,,,0,,,0.0,154,,0.0,,,,,,,,,1,1,owjl0xho,,,,,0
155,j7ibost3,,0,0,24,,,,0,,,0.0,155,,0.0,,,,,,,,,1,1,owjl0xho,,,,,0
156,8m5iqjxd,,0,0,24,,,,0,,,0.0,156,,0.0,,,,,,,,,1,1,owjl0xho,,,,,0
157,1cjm9jzz,,0,0,24,,,,0,,,0.0,157,,0.0,,,,,,,,,1,1,owjl0xho,,,,,0
158,h8zcwlve,,0,0,24,,,,0,,,0.0,158,,0.0,,,,,,,,,1,1,owjl0xho,,,,,0
159,thkrlj49,,0,0,24,,,,0,,,0.0,159,,0.0,,,,,,,,,1,1,owjl0xho,,,,,0
160,ha9goa7y,,0,0,24,,,,0,,,0.0,160,,0.0,,,,,,,,,1,1,owjl0xho,,,,,0
161,w78meixj,,0,0,24,,,,0,,,0.0,161,,0.0,,,,,,,,,1,1,owjl0xho,,,,,0
162,2b3x1ghp,,0,0,24,,,,0,,,0.0,162,,0.0,,,,,,,,,1,1,owjl0xho,,,,,0
163,8alvi70z,,0,0,24,,,,0,,,0.0,163,,0.0,,,,,,,,,1,1,owjl0xho,,,,,0
164,8jt230de,,0,0,24,,,,0,,,0.0,164,,0.0,,,,,,,,,1,1,owjl0xho,,,,,0
165,0s14e9a0,,0,0,24,,,,0,,,0.0,165,,0.0,,,,,,,,,1,1,owjl0xho,,,,,0
166,9kg0phad,,0,0,24,,,,0,,,0.0,166,,0.0,,,,,,,,,1,1,owjl0xho,,,,,0
167,8wqujkck,,0,0,24,,,,0,,,0.0,167,,0.0,,,,,,,,,1,1,owjl0xho,,,,,0
168,0j0k3jpe,,0,0,24,,,,0,,,0.0,168,,0.0,,,,,,,,,1,1,owjl0xho,,,,,0
169,np1z3fqc,,0,0,24,,,,0,,,0.0,169,,0.0,,,,,,,,,1,1,owjl0xho,,,,,0
170,mbu6iipa,,0,0,24,,,,0,,,0.0,170,,0.0,,,,,,,,,1,1,owjl0xho,,,,,0
171,eykd64qi,,0,0,24,,,,0,,,0.0,171,,0.0,,,,,,,,,1,1,owjl0xho,,,,,0
172,hf7jbr55,,0,0,24,,,,0,,,0.0,172,,0.0,,,,,,,,,1,1,owjl0xho,,,,,0
173,ar1v90pa,,0,0,24,,,,0,,,0.0,173,,0.0,,,,,,,,,1,1,owjl0xho,,,,,0
174,akci4f1q,,0,0,24,,,,0,,,0.0,174,,0.0,,,,,,,,,1,1,owjl0xho,,,,,0
175,h3s6zbpc,,0,0,24,,,,0,,,0.0,175,,0.0,,,,,,,,,1,1,owjl0xho,,,,,0
176,nu9x7o37,,0,0,24,,,,0,,,0.0,176,,0.0,,,,,,,,,1,1,owjl0xho,,,,,0
177,939825ic,,0,0,24,,,,0,,,0.0,177,,0.0,,,,,,,,,1,1,owjl0xho,,,,,0
178,pgg2dcma,,0,0,24,,,,0,,,0.0,178,,0.0,,,,,,,,,1,1,owjl0xho,,,,,0
179,54qyxfyz,,0,0,24,,,,0,,,0.0,179,,0.0,,,,,,,,,1,1,owjl0xho,,,,,0
180,1xz8udl7,,0,0,24,,,,0,,,0.0,180,,0.0,,,,,,,,,1,1,owjl0xho,,,,,0
181,oz8bxcun,,0,0,24,,,,0,,,0.0,181,,0.0,,,,,,,,,1,1,owjl0xho,,,,,0
182,cclyv2a7,,0,0,24,,,,0,,,0.0,182,,0.0,,,,,,,,,1,1,owjl0xho,,,,,0
183,b16rxwnp,,0,0,24,,,,0,,,0.0,183,,0.0,,,,,,,,,1,1,owjl0xho,,,,,0
184,hsznf3gd,,0,0,24,,,,0,,,0.0,184,,0.0,,,,,,,,,1,1,owjl0xho,,,,,0
185,j51blxyc,,0,0,24,,,,0,,,0.0,185,,0.0,,,,,,,,,1,1,owjl0xho,,,,,0
186,cffxtbe6,,0,0,24,,,,0,,,0.0,186,,0.0,,,,,,,,,1,1,owjl0xho,,,,,0
187,8i69mw4q,,0,0,24,,,,0,,,0.0,187,,0.0,,,,,,,,,1,1,owjl0xho,,,,,0
188,ju4w2kdk,,0,0,24,,,,0,,,0.0,188,,0.0,,,,,,,,,1,1,owjl0xho,,,,,0
189,pwxwlg0l,,0,0,24,,,,0,,,0.0,189,,0.0,,,,,,,,,1,1,owjl0xho,,,,,0
190,tk7c1gmt,,0,0,24,,,,0,,,0.0,190,,0.0,,,,,,,,,1,1,owjl0xho,,,,,0
191,8kn0ffli,,0,0,24,,,,0,,,0.0,191,,0.0,,,,,,,,,1,1,owjl0xho,,,,,0
192,18mrofvq,,0,0,24,,,,0,,,0.0,192,,0.0,,,,,,,,,1,1,owjl0xho,,,,,0
193,2l1wi7bn,,0,0,24,,,,0,,,0.0,193,,0.0,,,,,,,,,1,1,owjl0xho,,,,,0
194,ktpwos9v,,0,0,24,,,,0,,,0.0,194,,0.0,,,,,,,,,1,1,owjl0xho,,,,,0
195,fvr3oyg9,,0,0,24,,,,0,,,0.0,195,,0.0,,,,,,,,,1,1,owjl0xho,,,,,0
196,479l4gpo,,0,0,24,,,,0,,,0.0,196,,0.0,,,,,,,,,1,1,owjl0xho,,,,,0
197,7tsm3bok,,0,0,24,,,,0,,,0.0,197,,0.0,,,,,,,,,1,1,owjl0xho,,,,,0
198,se7obfq5,,0,0,24,,,,0,,,0.0,198,,0.0,,,,,,,,,1,1,owjl0xho,,,,,0
199,bo8qebxg,,0,0,24,,,,0,,,0.0,199,,0.0,,,,,,,,,1,1,owjl0xho,,,,,0
200,ou2zydp1,,0,0,24,,,,0,,,0.0,200,,0.0,,,,,,,,,1,1,owjl0xho,,,,,0
201,pxlmyx3e,,0,0,24,,,,0,,,0.0,201,,0.0,,,,,,,,,1,1,owjl0xho,,,,,0
202,ubkv311o,,0,0,24,,,,0,,,0.0,202,,0.0,,,,,,,,,1,1,owjl0xho,,,,,0
203,cwupyrxo,,0,0,24,,,,0,,,0.0,203,,0.0,,,,,,,,,1,1,owjl0xho,,,,,0
204,ycijzbfv,,0,0,24,,,,0,,,0.0,204,,0.0,,,,,,,,,1,1,owjl0xho,,,,,0
205,8kbezhd5,,0,0,24,,,,0,,,0.0,205,,0.0,,,,,,,,,1,1,owjl0xho,,,,,0
206,wjg92vy7,,0,0,24,,,,0,,,0.0,206,,0.0,,,,,,,,,1,1,owjl0xho,,,,,0
207,xxd5whag,,0,0,24,,,,0,,,0.0,207,,0.0,,,,,,,,,1,1,owjl0xho,,,,,0
208,3isyvhv5,,0,0,24,,,,0,,,0.0,208,,0.0,,,,,,,,,1,1,owjl0xho,,,,,0
209,iw7063cw,,0,0,24,,,,0,,,0.0,209,,0.0,,,,,,,,,1,1,owjl0xho,,,,,0
210,acfp4605,,0,0,24,,,,0,,,0.0,210,,0.0,,,,,,,,,1,1,owjl0xho,,,,,0
211,x5dmtjzd,,0,0,24,,,,0,,,0.0,211,,0.0,,,,,,,,,1,1,owjl0xho,,,,,0
212,iyhh4rs7,,0,0,24,,,,0,,,0.0,212,,0.0,,,,,,,,,1,1,owjl0xho,,,,,0
213,kdjhgguu,,0,0,24,,,,0,,,0.0,213,,0.0,,,,,,,,,1,1,owjl0xho,,,,,0
214,l8fsgoek,,0,0,24,,,,0,,,0.0,214,,0.0,,,,,,,,,1,1,owjl0xho,,,,,0
215,yw4sr5ka,,0,0,24,,,,0,,,0.0,215,,0.0,,,,,,,,,1,1,owjl0xho,,,,,0
216,imqbxzgz,,0,0,24,,,,0,,,0.0,216,,0.0,,,,,,,,,1,1,owjl0xho,,,,,0
217,5zefctsy,,0,0,24,,,,0,,,0.0,217,,0.0,,,,,,,,,1,1,owjl0xho,,,,,0
218,d4v0cgy5,,0,0,24,,,,0,,,0.0,218,,0.0,,,,,,,,,1,1,owjl0xho,,,,,0
219,vnrxy6fw,,0,0,24,,,,0,,,0.0,219,,0.0,,,,,,,,,1,1,owjl0xho,,,,,0
220,4qxj813a,,0,0,24,,,,0,,,0.0,220,,0.0,,,,,,,,,1,1,owjl0xho,,,,,0
221,u9gtqink,,0,0,24,,,,0,,,0.0,221,,0.0,,,,,,,,,1,1,owjl0xho,,,,,0
222,sx8dq6bd,,0,0,24,,,,0,,,0.0,222,,0.0,,,,,,,,,1,1,owjl0xho,,,,,0
223,ao6q6v2m,,0,0,24,,,,0,,,0.0,223,,0.0,,,,,,,,,1,1,owjl0xho,,,,,0
224,llh51i9r,,0,0,24,,,,0,,,0.0,224,,0.0,,,,,,,,,1,1,owjl0xho,,,,,0
225,n46axpxt,,0,0,24,,,,0,,,0.0,225,,0.0,,,,,,,,,1,1,owjl0xho,,,,,0
226,aclhpqry,,0,0,24,,,,0,,,0.0,226,,0.0,,,,,,,,,1,1,owjl0xho,,,,,0
227,iwzmpkr0,,0,0,24,,,,0,,,0.0,227,,0.0,,,,,,,,,1,1,owjl0xho,,,,,0
228,wtq8pnhp,,0,0,24,,,,0,,,0.0,228,,0.0,,,,,,,,,1,1,owjl0xho,,,,,0
229,0ywacb6p,,0,0,24,,,,0,,,0.0,229,,0.0,,,,,,,,,1,1,owjl0xho,,,,,0
230,hba4l5lx,,0,0,24,,,,0,,,0.0,230,,0.0,,,,,,,,,1,1,owjl0xho,,,,,0
231,knc08cyw,,0,0,24,,,,0,,,0.0,231,,0.0,,,,,,,,,1,1,owjl0xho,,,,,0
232,j5t6nxas,,0,0,24,,,,0,,,0.0,232,,0.0,,,,,,,,,1,1,owjl0xho,,,,,0
233,3e6yv8lw,,0,0,24,,,,0,,,0.0,233,,0.0,,,,,,,,,1,1,owjl0xho,,,,,0
234,gnr3et5j,,0,0,24,,,,0,,,0.0,234,,0.0,,,,,,,,,1,1,owjl0xho,,,,,0
235,v6uqskbd,,0,0,24,,,,0,,,0.0,235,,0.0,,,,,,,,,1,1,owjl0xho,,,,,0
236,d285m4ja,,0,0,24,,,,0,,,0.0,236,,0.0,,,,,,,,,1,1,owjl0xho,,,,,0
237,kehx7lrj,,0,0,24,,,,0,,,0.0,237,,0.0,,,,,,,,,1,1,owjl0xho,,,,,0
238,ucl8k2wg,,0,0,24,,,,0,,,0.0,238,,0.0,,,,,,,,,1,1,owjl0xho,,,,,0
239,7qlfp26i,,0,0,24,,,,0,,,0.0,239,,0.0,,,,,,,,,1,1,owjl0xho,,,,,0
240,ch9mlq42,,0,0,24,,,,0,,,0.0,240,,0.0,,,,,,,,,1,1,owjl0xho,,,,,0
241,ojbayio9,,0,0,24,,,,0,,,0.0,241,,0.0,,,,,,,,,1,1,owjl0xho,,,,,0
242,ll63fkea,,0,0,24,,,,0,,,0.0,242,,0.0,,,,,,,,,1,1,owjl0xho,,,,,0
243,x0rukse7,,0,0,24,,,,0,,,0.0,243,,0.0,,,,,,,,,1,1,owjl0xho,,,,,0
244,uc6ciieh,,0,0,24,,,,0,,,0.0,244,,0.0,,,,,,,,,1,1,owjl0xho,,,,,0
245,cu4gedyr,,0,0,24,,,,0,,,0.0,245,,0.0,,,,,,,,,1,1,owjl0xho,,,,,0
246,26l4n64q,,0,0,24,,,,0,,,0.0,246,,0.0,,,,,,,,,1,1,owjl0xho,,,,,0
247,hqbolsk4,,0,0,24,,,,0,,,0.0,247,,0.0,,,,,,,,,1,1,owjl0xho,,,,,0
248,hb8j8noj,,0,0,24,,,,0,,,0.0,248,,0.0,,,,,,,,,1,1,owjl0xho,,,,,0
249,5jh6rn6i,,0,0,24,,,,0,,,0.0,249,,0.0,,,,,,,,,1,1,owjl0xho,,,,,0
250,csgai7ib,,0,0,24,,,,0,,,0.0,250,,0.0,,,,,,,,,1,1,owjl0xho,,,,,0
251,z9f2ka1e,,0,0,24,,,,0,,,0.0,251,,0.0,,,,,,,,,1,1,owjl0xho,,,,,0
252,gjlotz9d,,0,0,24,,,,0,,,0.0,252,,0.0,,,,,,,,,1,1,owjl0xho,,,,,0
253,5tlqnjhr,,0,0,24,,,,0,,,0.0,253,,0.0,,,,,,,,,1,1,owjl0xho,,,,,0
254,jcpn02yv,,0,0,24,,,,0,,,0.0,254,,0.0,,,,,,,,,1,1,owjl0xho,,,,,0
255,eodx0q20,,0,0,24,,,,0,,,0.0,255,,0.0,,,,,,,,,1,1,owjl0xho,,,,,0
256,ffca07nk,,0,0,24,,,,0,,,0.0,256,,0.0,,,,,,,,,1,1,owjl0xho,,,,,0
257,z65b2o20,,0,0,24,,,,0,,,0.0,257,,0.0,,,,,,,,,1,1,owjl0xho,,,,,0
258,uei6nfmi,,0,0,24,,,,0,,,0.0,258,,0.0,,,,,,,,,1,1,owjl0xho,,,,,0
259,t4ee63y6,,0,0,24,,,,0,,,0.0,259,,0.0,,,,,,,,,1,1,owjl0xho,,,,,0
260,5htk9uld,,0,0,24,,,,0,,,0.0,260,,0.0,,,,,,,,,1,1,owjl0xho,,,,,0
261,dmju8chq,,0,0,24,,,,0,,,0.0,261,,0.0,,,,,,,,,1,1,owjl0xho,,,,,0
262,fmgujc7n,,0,0,24,,,,0,,,0.0,262,,0.0,,,,,,,,,1,1,owjl0xho,,,,,0
263,p7j0f3xz,,0,0,24,,,,0,,,0.0,263,,0.0,,,,,,,,,1,1,owjl0xho,,,,,0
264,yn62km6r,,0,0,24,,,,0,,,0.0,264,,0.0,,,,,,,,,1,1,owjl0xho,,,,,0
265,53q8rr9o,,0,0,24,,,,0,,,0.0,265,,0.0,,,,,,,,,1,1,owjl0xho,,,,,0
266,jp06qtvy,,0,0,24,,,,0,,,0.0,266,,0.0,,,,,,,,,1,1,owjl0xho,,,,,0
267,agcshub5,,0,0,24,,,,0,,,0.0,267,,0.0,,,,,,,,,1,1,owjl0xho,,,,,0
268,18ihu9sk,,0,0,24,,,,0,,,0.0,268,,0.0,,,,,,,,,1,1,owjl0xho,,,,,0
269,am4ix81h,,0,0,24,,,,0,,,0.0,269,,0.0,,,,,,,,,1,1,owjl0xho,,,,,0
270,5j8t1b6t,,0,0,24,,,,0,,,0.0,270,,0.0,,,,,,,,,1,1,owjl0xho,,,,,0
271,74qzky1a,,0,0,24,,,,0,,,0.0,271,,0.0,,,,,,,,,1,1,owjl0xho,,,,,0
272,pz6yg1so,,0,0,24,,,,0,,,0.0,272,,0.0,,,,,,,,,1,1,owjl0xho,,,,,0
273,ocjcaww1,,0,0,24,,,,0,,,0.0,273,,0.0,,,,,,,,,1,1,owjl0xho,,,,,0
274,qvgcbry0,,0,0,24,,,,0,,,0.0,274,,0.0,,,,,,,,,1,1,owjl0xho,,,,,0
275,2ulo8wtm,,0,0,24,,,,0,,,0.0,275,,0.0,,,,,,,,,1,1,owjl0xho,,,,,0
276,s90mmog4,,0,0,24,,,,0,,,0.0,276,,0.0,,,,,,,,,1,1,owjl0xho,,,,,0
277,kbwesi2s,,0,0,24,,,,0,,,0.0,277,,0.0,,,,,,,,,1,1,owjl0xho,,,,,0
278,8w9dtilj,,0,0,24,,,,0,,,0.0,278,,0.0,,,,,,,,,1,1,owjl0xho,,,,,0
279,cquwizar,,0,0,24,,,,0,,,0.0,279,,0.0,,,,,,,,,1,1,owjl0xho,,,,,0
280,9v1rk8w8,,0,0,24,,,,0,,,0.0,280,,0.0,,,,,,,,,1,1,owjl0xho,,,,,0
281,6bxqzeom,,0,0,24,,,,0,,,0.0,281,,0.0,,,,,,,,,1,1,owjl0xho,,,,,0
282,n837gs0t,,0,0,24,,,,0,,,0.0,282,,0.0,,,,,,,,,1,1,owjl0xho,,,,,0
283,tdintl0l,,0,0,24,,,,0,,,0.0,283,,0.0,,,,,,,,,1,1,owjl0xho,,,,,0
284,7ob0hqnc,,0,0,24,,,,0,,,0.0,284,,0.0,,,,,,,,,1,1,owjl0xho,,,,,0
285,84kanae2,,0,0,24,,,,0,,,0.0,285,,0.0,,,,,,,,,1,1,owjl0xho,,,,,0
286,4imql7w6,,0,0,24,,,,0,,,0.0,286,,0.0,,,,,,,,,1,1,owjl0xho,,,,,0
287,tuj4ogaf,,0,0,24,,,,0,,,0.0,287,,0.0,,,,,,,,,1,1,owjl0xho,,,,,0
288,vdpcoppa,,0,0,24,,,,0,,,0.0,288,,0.0,,,,,,,,,1,1,owjl0xho,,,,,0
289,ahdflsjp,,0,0,24,,,,0,,,0.0,289,,0.0,,,,,,,,,1,1,owjl0xho,,,,,0
290,0zltozha,,0,0,24,,,,0,,,0.0,290,,0.0,,,,,,,,,1,1,owjl0xho,,,,,0
291,ojsr7jqv,,0,0,24,,,,0,,,0.0,291,,0.0,,,,,,,,,1,1,owjl0xho,,,,,0
292,916pc3gg,,0,0,24,,,,0,,,0.0,292,,0.0,,,,,,,,,1,1,owjl0xho,,,,,0
293,3ru7hbl2,,0,0,24,,,,0,,,0.0,293,,0.0,,,,,,,,,1,1,owjl0xho,,,,,0
294,0068rt2l,,0,0,24,,,,0,,,0.0,294,,0.0,,,,,,,,,1,1,owjl0xho,,,,,0
295,uk8oieik,,0,0,24,,,,0,,,0.0,295,,0.0,,,,,,,,,1,1,owjl0xho,,,,,0
296,m3pueaze,,0,0,24,,,,0,,,0.0,296,,0.0,,,,,,,,,1,1,owjl0xho,,,,,0
297,dss7dn6a,,0,0,24,,,,0,,,0.0,297,,0.0,,,,,,,,,1,1,owjl0xho,,,,,0
298,iv83d58a,,0,0,24,,,,0,,,0.0,298,,0.0,,,,,,,,,1,1,owjl0xho,,,,,0
299,wvjh9qbx,,0,0,24,,,,0,,,0.0,299,,0.0,,,,,,,,,1,1,owjl0xho,,,,,0
300,suar6aq0,,0,0,24,,,,0,,,0.0,300,,0.0,,,,,,,,,1,1,owjl0xho,,,,,0
1,cal8ejtk,5b6cb3049ee1a50001c5ef0f,0,24,24,final_screen,EndOfExperiment,2021-12-08 20:56:51.750680,1,,,5.0,1,,0.0,They get them?,42,female,3,other,part,3,3,1,1,kxh15wt9,,,,,0
2,4hnmlkj6,6109a51e7eb495edfdbd140b,0,24,24,final_screen,EndOfExperiment,2021-12-08 20:59:54.548939,1,,,5.0,2,,0.0,The earnings get spread out.,34,female,2,med,part,3,2,1,1,kxh15wt9,,,,,0
3,quh1uafc,,0,0,24,,,,0,,,0.0,3,,0.0,,,,,,,,,1,1,kxh15wt9,,,,,0
4,9utlrzv8,,0,0,24,,,,0,,,0.0,4,,0.0,,,,,,,,,1,1,kxh15wt9,,,,,0
5,ewgh7hxe,,0,0,24,,,,0,,,0.0,5,,0.0,,,,,,,,,1,1,kxh15wt9,,,,,0
6,ib0qkrb5,,0,0,24,,,,0,,,0.0,6,,0.0,,,,,,,,,1,1,kxh15wt9,,,,,0
7,mg5i2rl4,,0,0,24,,,,0,,,0.0,7,,0.0,,,,,,,,,1,1,kxh15wt9,,,,,0
8,4qrp843s,,0,0,24,,,,0,,,0.0,8,,0.0,,,,,,,,,1,1,kxh15wt9,,,,,0
9,oyf0jhs7,,0,0,24,,,,0,,,0.0,9,,0.0,,,,,,,,,1,1,kxh15wt9,,,,,0
10,i9v123x3,,0,0,24,,,,0,,,0.0,10,,0.0,,,,,,,,,1,1,kxh15wt9,,,,,0
11,vjoduvkm,,0,0,24,,,,0,,,0.0,11,,0.0,,,,,,,,,1,1,kxh15wt9,,,,,0
12,qvi877oi,,0,0,24,,,,0,,,0.0,12,,0.0,,,,,,,,,1,1,kxh15wt9,,,,,0
13,c2ktru3u,,0,0,24,,,,0,,,0.0,13,,0.0,,,,,,,,,1,1,kxh15wt9,,,,,0
14,g1w5gxv5,,0,0,24,,,,0,,,0.0,14,,0.0,,,,,,,,,1,1,kxh15wt9,,,,,0
15,hmgeib0s,,0,0,24,,,,0,,,0.0,15,,0.0,,,,,,,,,1,1,kxh15wt9,,,,,0
16,vu5yv9pv,,0,0,24,,,,0,,,0.0,16,,0.0,,,,,,,,,1,1,kxh15wt9,,,,,0
17,spy9cfte,,0,0,24,,,,0,,,0.0,17,,0.0,,,,,,,,,1,1,kxh15wt9,,,,,0
18,6x9sa7r8,,0,0,24,,,,0,,,0.0,18,,0.0,,,,,,,,,1,1,kxh15wt9,,,,,0
19,kc43xzro,,0,0,24,,,,0,,,0.0,19,,0.0,,,,,,,,,1,1,kxh15wt9,,,,,0
20,gbqa8dhz,,0,0,24,,,,0,,,0.0,20,,0.0,,,,,,,,,1,1,kxh15wt9,,,,,0
21,h4um5s0z,,0,0,24,,,,0,,,0.0,21,,0.0,,,,,,,,,1,1,kxh15wt9,,,,,0
22,muaoryab,,0,0,24,,,,0,,,0.0,22,,0.0,,,,,,,,,1,1,kxh15wt9,,,,,0
23,mzxg4in1,,0,0,24,,,,0,,,0.0,23,,0.0,,,,,,,,,1,1,kxh15wt9,,,,,0
24,xuultdem,,0,0,24,,,,0,,,0.0,24,,0.0,,,,,,,,,1,1,kxh15wt9,,,,,0
25,kpeih7c6,,0,0,24,,,,0,,,0.0,25,,0.0,,,,,,,,,1,1,kxh15wt9,,,,,0
26,3pseyhd8,,0,0,24,,,,0,,,0.0,26,,0.0,,,,,,,,,1,1,kxh15wt9,,,,,0
27,zj1bbde1,,0,0,24,,,,0,,,0.0,27,,0.0,,,,,,,,,1,1,kxh15wt9,,,,,0
28,bsig5pb1,,0,0,24,,,,0,,,0.0,28,,0.0,,,,,,,,,1,1,kxh15wt9,,,,,0
29,egglfbg1,,0,0,24,,,,0,,,0.0,29,,0.0,,,,,,,,,1,1,kxh15wt9,,,,,0
30,cephbore,,0,0,24,,,,0,,,0.0,30,,0.0,,,,,,,,,1,1,kxh15wt9,,,,,0
31,zi5qcfv6,,0,0,24,,,,0,,,0.0,31,,0.0,,,,,,,,,1,1,kxh15wt9,,,,,0
32,hqsgzrlo,,0,0,24,,,,0,,,0.0,32,,0.0,,,,,,,,,1,1,kxh15wt9,,,,,0
33,65bpncbd,,0,0,24,,,,0,,,0.0,33,,0.0,,,,,,,,,1,1,kxh15wt9,,,,,0
34,kz6o8urk,,0,0,24,,,,0,,,0.0,34,,0.0,,,,,,,,,1,1,kxh15wt9,,,,,0
35,7rs5xcuy,,0,0,24,,,,0,,,0.0,35,,0.0,,,,,,,,,1,1,kxh15wt9,,,,,0
36,zc6ks3dy,,0,0,24,,,,0,,,0.0,36,,0.0,,,,,,,,,1,1,kxh15wt9,,,,,0
37,yg2yc6nn,,0,0,24,,,,0,,,0.0,37,,0.0,,,,,,,,,1,1,kxh15wt9,,,,,0
38,rhxpa9en,,0,0,24,,,,0,,,0.0,38,,0.0,,,,,,,,,1,1,kxh15wt9,,,,,0
39,lfhiu528,,0,0,24,,,,0,,,0.0,39,,0.0,,,,,,,,,1,1,kxh15wt9,,,,,0
40,0z9hb3k9,,0,0,24,,,,0,,,0.0,40,,0.0,,,,,,,,,1,1,kxh15wt9,,,,,0
41,pee8bzcp,,0,0,24,,,,0,,,0.0,41,,0.0,,,,,,,,,1,1,kxh15wt9,,,,,0
42,q641h768,,0,0,24,,,,0,,,0.0,42,,0.0,,,,,,,,,1,1,kxh15wt9,,,,,0
43,hf6ln9wn,,0,0,24,,,,0,,,0.0,43,,0.0,,,,,,,,,1,1,kxh15wt9,,,,,0
44,ayyv03ek,,0,0,24,,,,0,,,0.0,44,,0.0,,,,,,,,,1,1,kxh15wt9,,,,,0
45,69lou5pc,,0,0,24,,,,0,,,0.0,45,,0.0,,,,,,,,,1,1,kxh15wt9,,,,,0
46,i4adk6z4,,0,0,24,,,,0,,,0.0,46,,0.0,,,,,,,,,1,1,kxh15wt9,,,,,0
47,43ajyxn2,,0,0,24,,,,0,,,0.0,47,,0.0,,,,,,,,,1,1,kxh15wt9,,,,,0
48,kl8ykq4r,,0,0,24,,,,0,,,0.0,48,,0.0,,,,,,,,,1,1,kxh15wt9,,,,,0
49,2unoiw5t,,0,0,24,,,,0,,,0.0,49,,0.0,,,,,,,,,1,1,kxh15wt9,,,,,0
50,yaj3syoc,,0,0,24,,,,0,,,0.0,50,,0.0,,,,,,,,,1,1,kxh15wt9,,,,,0
51,51kf70bw,,0,0,24,,,,0,,,0.0,51,,0.0,,,,,,,,,1,1,kxh15wt9,,,,,0
52,yr7wwtvz,,0,0,24,,,,0,,,0.0,52,,0.0,,,,,,,,,1,1,kxh15wt9,,,,,0
53,xy199mgq,,0,0,24,,,,0,,,0.0,53,,0.0,,,,,,,,,1,1,kxh15wt9,,,,,0
54,m4s72x06,,0,0,24,,,,0,,,0.0,54,,0.0,,,,,,,,,1,1,kxh15wt9,,,,,0
55,98vlo6op,,0,0,24,,,,0,,,0.0,55,,0.0,,,,,,,,,1,1,kxh15wt9,,,,,0
56,zuc4id8i,,0,0,24,,,,0,,,0.0,56,,0.0,,,,,,,,,1,1,kxh15wt9,,,,,0
57,hw5ux4jw,,0,0,24,,,,0,,,0.0,57,,0.0,,,,,,,,,1,1,kxh15wt9,,,,,0
58,bgu8fobl,,0,0,24,,,,0,,,0.0,58,,0.0,,,,,,,,,1,1,kxh15wt9,,,,,0
59,c44epvia,,0,0,24,,,,0,,,0.0,59,,0.0,,,,,,,,,1,1,kxh15wt9,,,,,0
60,slkyyneb,,0,0,24,,,,0,,,0.0,60,,0.0,,,,,,,,,1,1,kxh15wt9,,,,,0
61,tc16fe2o,,0,0,24,,,,0,,,0.0,61,,0.0,,,,,,,,,1,1,kxh15wt9,,,,,0
62,zfm90xvf,,0,0,24,,,,0,,,0.0,62,,0.0,,,,,,,,,1,1,kxh15wt9,,,,,0
63,lgu0dabw,,0,0,24,,,,0,,,0.0,63,,0.0,,,,,,,,,1,1,kxh15wt9,,,,,0
64,vmcsjsyz,,0,0,24,,,,0,,,0.0,64,,0.0,,,,,,,,,1,1,kxh15wt9,,,,,0
65,5z319ri1,,0,0,24,,,,0,,,0.0,65,,0.0,,,,,,,,,1,1,kxh15wt9,,,,,0
66,ag72bpzk,,0,0,24,,,,0,,,0.0,66,,0.0,,,,,,,,,1,1,kxh15wt9,,,,,0
67,esibppqb,,0,0,24,,,,0,,,0.0,67,,0.0,,,,,,,,,1,1,kxh15wt9,,,,,0
68,zeju25q0,,0,0,24,,,,0,,,0.0,68,,0.0,,,,,,,,,1,1,kxh15wt9,,,,,0
69,c2d9y0rh,,0,0,24,,,,0,,,0.0,69,,0.0,,,,,,,,,1,1,kxh15wt9,,,,,0
70,2e9p9r70,,0,0,24,,,,0,,,0.0,70,,0.0,,,,,,,,,1,1,kxh15wt9,,,,,0
71,l0p6r16b,,0,0,24,,,,0,,,0.0,71,,0.0,,,,,,,,,1,1,kxh15wt9,,,,,0
72,msu5cbvo,,0,0,24,,,,0,,,0.0,72,,0.0,,,,,,,,,1,1,kxh15wt9,,,,,0
73,cyx9gysv,,0,0,24,,,,0,,,0.0,73,,0.0,,,,,,,,,1,1,kxh15wt9,,,,,0
74,3w18bqmb,,0,0,24,,,,0,,,0.0,74,,0.0,,,,,,,,,1,1,kxh15wt9,,,,,0
75,2y7p7b27,,0,0,24,,,,0,,,0.0,75,,0.0,,,,,,,,,1,1,kxh15wt9,,,,,0
76,57xq2igo,,0,0,24,,,,0,,,0.0,76,,0.0,,,,,,,,,1,1,kxh15wt9,,,,,0
77,2220dycp,,0,0,24,,,,0,,,0.0,77,,0.0,,,,,,,,,1,1,kxh15wt9,,,,,0
78,ospsna2e,,0,0,24,,,,0,,,0.0,78,,0.0,,,,,,,,,1,1,kxh15wt9,,,,,0
79,uxzezpc9,,0,0,24,,,,0,,,0.0,79,,0.0,,,,,,,,,1,1,kxh15wt9,,,,,0
80,8zjucybu,,0,0,24,,,,0,,,0.0,80,,0.0,,,,,,,,,1,1,kxh15wt9,,,,,0
81,7okw1in1,,0,0,24,,,,0,,,0.0,81,,0.0,,,,,,,,,1,1,kxh15wt9,,,,,0
82,zkp8tgm1,,0,0,24,,,,0,,,0.0,82,,0.0,,,,,,,,,1,1,kxh15wt9,,,,,0
83,jatym4t0,,0,0,24,,,,0,,,0.0,83,,0.0,,,,,,,,,1,1,kxh15wt9,,,,,0
84,4no3ju5x,,0,0,24,,,,0,,,0.0,84,,0.0,,,,,,,,,1,1,kxh15wt9,,,,,0
85,i8jit354,,0,0,24,,,,0,,,0.0,85,,0.0,,,,,,,,,1,1,kxh15wt9,,,,,0
86,j1a4ingm,,0,0,24,,,,0,,,0.0,86,,0.0,,,,,,,,,1,1,kxh15wt9,,,,,0
87,6x04zbd5,,0,0,24,,,,0,,,0.0,87,,0.0,,,,,,,,,1,1,kxh15wt9,,,,,0
88,qcon2k5m,,0,0,24,,,,0,,,0.0,88,,0.0,,,,,,,,,1,1,kxh15wt9,,,,,0
89,l0i5sddk,,0,0,24,,,,0,,,0.0,89,,0.0,,,,,,,,,1,1,kxh15wt9,,,,,0
90,qswmapn7,,0,0,24,,,,0,,,0.0,90,,0.0,,,,,,,,,1,1,kxh15wt9,,,,,0
91,nsq6ciim,,0,0,24,,,,0,,,0.0,91,,0.0,,,,,,,,,1,1,kxh15wt9,,,,,0
92,a64kjupd,,0,0,24,,,,0,,,0.0,92,,0.0,,,,,,,,,1,1,kxh15wt9,,,,,0
93,1vd27ah1,,0,0,24,,,,0,,,0.0,93,,0.0,,,,,,,,,1,1,kxh15wt9,,,,,0
94,5bcpkyqj,,0,0,24,,,,0,,,0.0,94,,0.0,,,,,,,,,1,1,kxh15wt9,,,,,0
95,w4lmhyct,,0,0,24,,,,0,,,0.0,95,,0.0,,,,,,,,,1,1,kxh15wt9,,,,,0
96,jwt2gh7z,,0,0,24,,,,0,,,0.0,96,,0.0,,,,,,,,,1,1,kxh15wt9,,,,,0
97,xcfl0p4q,,0,0,24,,,,0,,,0.0,97,,0.0,,,,,,,,,1,1,kxh15wt9,,,,,0
98,7lublbg9,,0,0,24,,,,0,,,0.0,98,,0.0,,,,,,,,,1,1,kxh15wt9,,,,,0
99,aafdenpl,,0,0,24,,,,0,,,0.0,99,,0.0,,,,,,,,,1,1,kxh15wt9,,,,,0
100,ixbkqc31,,0,0,24,,,,0,,,0.0,100,,0.0,,,,,,,,,1,1,kxh15wt9,,,,,0
101,1pk9hpaq,,0,0,24,,,,0,,,0.0,101,,0.0,,,,,,,,,1,1,kxh15wt9,,,,,0
102,j0ixsz4u,,0,0,24,,,,0,,,0.0,102,,0.0,,,,,,,,,1,1,kxh15wt9,,,,,0
103,sy2qhym3,,0,0,24,,,,0,,,0.0,103,,0.0,,,,,,,,,1,1,kxh15wt9,,,,,0
104,zt9ivy89,,0,0,24,,,,0,,,0.0,104,,0.0,,,,,,,,,1,1,kxh15wt9,,,,,0
105,hl0tujjn,,0,0,24,,,,0,,,0.0,105,,0.0,,,,,,,,,1,1,kxh15wt9,,,,,0
106,evm6kh80,,0,0,24,,,,0,,,0.0,106,,0.0,,,,,,,,,1,1,kxh15wt9,,,,,0
107,qz61nhhn,,0,0,24,,,,0,,,0.0,107,,0.0,,,,,,,,,1,1,kxh15wt9,,,,,0
108,6xyq449a,,0,0,24,,,,0,,,0.0,108,,0.0,,,,,,,,,1,1,kxh15wt9,,,,,0
109,jxb63g3q,,0,0,24,,,,0,,,0.0,109,,0.0,,,,,,,,,1,1,kxh15wt9,,,,,0
110,ano771ry,,0,0,24,,,,0,,,0.0,110,,0.0,,,,,,,,,1,1,kxh15wt9,,,,,0
111,7vxmxrz7,,0,0,24,,,,0,,,0.0,111,,0.0,,,,,,,,,1,1,kxh15wt9,,,,,0
112,uzakkkst,,0,0,24,,,,0,,,0.0,112,,0.0,,,,,,,,,1,1,kxh15wt9,,,,,0
113,yg5jyh6r,,0,0,24,,,,0,,,0.0,113,,0.0,,,,,,,,,1,1,kxh15wt9,,,,,0
114,2lylm2q2,,0,0,24,,,,0,,,0.0,114,,0.0,,,,,,,,,1,1,kxh15wt9,,,,,0
115,j5ccz03a,,0,0,24,,,,0,,,0.0,115,,0.0,,,,,,,,,1,1,kxh15wt9,,,,,0
116,9yfcparb,,0,0,24,,,,0,,,0.0,116,,0.0,,,,,,,,,1,1,kxh15wt9,,,,,0
117,tc77x09e,,0,0,24,,,,0,,,0.0,117,,0.0,,,,,,,,,1,1,kxh15wt9,,,,,0
118,4xn48ere,,0,0,24,,,,0,,,0.0,118,,0.0,,,,,,,,,1,1,kxh15wt9,,,,,0
119,s2fj5urd,,0,0,24,,,,0,,,0.0,119,,0.0,,,,,,,,,1,1,kxh15wt9,,,,,0
120,o4be9orp,,0,0,24,,,,0,,,0.0,120,,0.0,,,,,,,,,1,1,kxh15wt9,,,,,0
121,f3wvti8s,,0,0,24,,,,0,,,0.0,121,,0.0,,,,,,,,,1,1,kxh15wt9,,,,,0
122,ypwav9sz,,0,0,24,,,,0,,,0.0,122,,0.0,,,,,,,,,1,1,kxh15wt9,,,,,0
123,9r0u8ciz,,0,0,24,,,,0,,,0.0,123,,0.0,,,,,,,,,1,1,kxh15wt9,,,,,0
124,0cb9xiuc,,0,0,24,,,,0,,,0.0,124,,0.0,,,,,,,,,1,1,kxh15wt9,,,,,0
125,74fsadrv,,0,0,24,,,,0,,,0.0,125,,0.0,,,,,,,,,1,1,kxh15wt9,,,,,0
126,ytal8p6o,,0,0,24,,,,0,,,0.0,126,,0.0,,,,,,,,,1,1,kxh15wt9,,,,,0
127,unowbj7f,,0,0,24,,,,0,,,0.0,127,,0.0,,,,,,,,,1,1,kxh15wt9,,,,,0
128,ybhkunjb,,0,0,24,,,,0,,,0.0,128,,0.0,,,,,,,,,1,1,kxh15wt9,,,,,0
129,kj7em0y2,,0,0,24,,,,0,,,0.0,129,,0.0,,,,,,,,,1,1,kxh15wt9,,,,,0
130,wp0gtwol,,0,0,24,,,,0,,,0.0,130,,0.0,,,,,,,,,1,1,kxh15wt9,,,,,0
131,6dyi21g2,,0,0,24,,,,0,,,0.0,131,,0.0,,,,,,,,,1,1,kxh15wt9,,,,,0
132,8ixvz1b7,,0,0,24,,,,0,,,0.0,132,,0.0,,,,,,,,,1,1,kxh15wt9,,,,,0
133,5z0r514c,,0,0,24,,,,0,,,0.0,133,,0.0,,,,,,,,,1,1,kxh15wt9,,,,,0
134,8b8btqde,,0,0,24,,,,0,,,0.0,134,,0.0,,,,,,,,,1,1,kxh15wt9,,,,,0
135,vx5dtzwf,,0,0,24,,,,0,,,0.0,135,,0.0,,,,,,,,,1,1,kxh15wt9,,,,,0
136,6eiwelg7,,0,0,24,,,,0,,,0.0,136,,0.0,,,,,,,,,1,1,kxh15wt9,,,,,0
137,n1h5p8o3,,0,0,24,,,,0,,,0.0,137,,0.0,,,,,,,,,1,1,kxh15wt9,,,,,0
138,4x1xclbj,,0,0,24,,,,0,,,0.0,138,,0.0,,,,,,,,,1,1,kxh15wt9,,,,,0
139,38367i36,,0,0,24,,,,0,,,0.0,139,,0.0,,,,,,,,,1,1,kxh15wt9,,,,,0
140,l4kal2vh,,0,0,24,,,,0,,,0.0,140,,0.0,,,,,,,,,1,1,kxh15wt9,,,,,0
141,ivt6ro14,,0,0,24,,,,0,,,0.0,141,,0.0,,,,,,,,,1,1,kxh15wt9,,,,,0
142,k61odd28,,0,0,24,,,,0,,,0.0,142,,0.0,,,,,,,,,1,1,kxh15wt9,,,,,0
143,sl54s8m5,,0,0,24,,,,0,,,0.0,143,,0.0,,,,,,,,,1,1,kxh15wt9,,,,,0
144,kzg280io,,0,0,24,,,,0,,,0.0,144,,0.0,,,,,,,,,1,1,kxh15wt9,,,,,0
145,pwsdt5th,,0,0,24,,,,0,,,0.0,145,,0.0,,,,,,,,,1,1,kxh15wt9,,,,,0
146,ecq2szz1,,0,0,24,,,,0,,,0.0,146,,0.0,,,,,,,,,1,1,kxh15wt9,,,,,0
147,mg26xpie,,0,0,24,,,,0,,,0.0,147,,0.0,,,,,,,,,1,1,kxh15wt9,,,,,0
148,cfr8cn4p,,0,0,24,,,,0,,,0.0,148,,0.0,,,,,,,,,1,1,kxh15wt9,,,,,0
149,oiyenj38,,0,0,24,,,,0,,,0.0,149,,0.0,,,,,,,,,1,1,kxh15wt9,,,,,0
150,yv9jg6gj,,0,0,24,,,,0,,,0.0,150,,0.0,,,,,,,,,1,1,kxh15wt9,,,,,0
151,nsn9vx3v,,0,0,24,,,,0,,,0.0,151,,0.0,,,,,,,,,1,1,kxh15wt9,,,,,0
152,lxwcnobf,,0,0,24,,,,0,,,0.0,152,,0.0,,,,,,,,,1,1,kxh15wt9,,,,,0
153,9dq6dp91,,0,0,24,,,,0,,,0.0,153,,0.0,,,,,,,,,1,1,kxh15wt9,,,,,0
154,p384ihot,,0,0,24,,,,0,,,0.0,154,,0.0,,,,,,,,,1,1,kxh15wt9,,,,,0
155,qwfp0ocl,,0,0,24,,,,0,,,0.0,155,,0.0,,,,,,,,,1,1,kxh15wt9,,,,,0
156,k7xjmzqy,,0,0,24,,,,0,,,0.0,156,,0.0,,,,,,,,,1,1,kxh15wt9,,,,,0
157,j7s57ghd,,0,0,24,,,,0,,,0.0,157,,0.0,,,,,,,,,1,1,kxh15wt9,,,,,0
158,kuwxkfdq,,0,0,24,,,,0,,,0.0,158,,0.0,,,,,,,,,1,1,kxh15wt9,,,,,0
159,7b6kculd,,0,0,24,,,,0,,,0.0,159,,0.0,,,,,,,,,1,1,kxh15wt9,,,,,0
160,i2xlfzwy,,0,0,24,,,,0,,,0.0,160,,0.0,,,,,,,,,1,1,kxh15wt9,,,,,0
161,l8snxcbk,,0,0,24,,,,0,,,0.0,161,,0.0,,,,,,,,,1,1,kxh15wt9,,,,,0
162,48afn9xl,,0,0,24,,,,0,,,0.0,162,,0.0,,,,,,,,,1,1,kxh15wt9,,,,,0
163,jcdl1txt,,0,0,24,,,,0,,,0.0,163,,0.0,,,,,,,,,1,1,kxh15wt9,,,,,0
164,yita3pg9,,0,0,24,,,,0,,,0.0,164,,0.0,,,,,,,,,1,1,kxh15wt9,,,,,0
165,3k321svg,,0,0,24,,,,0,,,0.0,165,,0.0,,,,,,,,,1,1,kxh15wt9,,,,,0
166,70tbayj6,,0,0,24,,,,0,,,0.0,166,,0.0,,,,,,,,,1,1,kxh15wt9,,,,,0
167,3nv3dpxz,,0,0,24,,,,0,,,0.0,167,,0.0,,,,,,,,,1,1,kxh15wt9,,,,,0
168,zlx6agah,,0,0,24,,,,0,,,0.0,168,,0.0,,,,,,,,,1,1,kxh15wt9,,,,,0
169,hqcqgrmm,,0,0,24,,,,0,,,0.0,169,,0.0,,,,,,,,,1,1,kxh15wt9,,,,,0
170,uy6pn6w4,,0,0,24,,,,0,,,0.0,170,,0.0,,,,,,,,,1,1,kxh15wt9,,,,,0
171,0ctzgn78,,0,0,24,,,,0,,,0.0,171,,0.0,,,,,,,,,1,1,kxh15wt9,,,,,0
172,1053l9fh,,0,0,24,,,,0,,,0.0,172,,0.0,,,,,,,,,1,1,kxh15wt9,,,,,0
173,1qxw2va8,,0,0,24,,,,0,,,0.0,173,,0.0,,,,,,,,,1,1,kxh15wt9,,,,,0
174,tlwopcpe,,0,0,24,,,,0,,,0.0,174,,0.0,,,,,,,,,1,1,kxh15wt9,,,,,0
175,uut39hf6,,0,0,24,,,,0,,,0.0,175,,0.0,,,,,,,,,1,1,kxh15wt9,,,,,0
176,wsl0ax8a,,0,0,24,,,,0,,,0.0,176,,0.0,,,,,,,,,1,1,kxh15wt9,,,,,0
177,gksvnfra,,0,0,24,,,,0,,,0.0,177,,0.0,,,,,,,,,1,1,kxh15wt9,,,,,0
178,od9xlh4i,,0,0,24,,,,0,,,0.0,178,,0.0,,,,,,,,,1,1,kxh15wt9,,,,,0
179,sprwutbk,,0,0,24,,,,0,,,0.0,179,,0.0,,,,,,,,,1,1,kxh15wt9,,,,,0
180,rchmhili,,0,0,24,,,,0,,,0.0,180,,0.0,,,,,,,,,1,1,kxh15wt9,,,,,0
181,oobnjivj,,0,0,24,,,,0,,,0.0,181,,0.0,,,,,,,,,1,1,kxh15wt9,,,,,0
182,wflhyb96,,0,0,24,,,,0,,,0.0,182,,0.0,,,,,,,,,1,1,kxh15wt9,,,,,0
183,wc1amo1t,,0,0,24,,,,0,,,0.0,183,,0.0,,,,,,,,,1,1,kxh15wt9,,,,,0
184,lrv40573,,0,0,24,,,,0,,,0.0,184,,0.0,,,,,,,,,1,1,kxh15wt9,,,,,0
185,jqm6z91z,,0,0,24,,,,0,,,0.0,185,,0.0,,,,,,,,,1,1,kxh15wt9,,,,,0
186,llx91fyq,,0,0,24,,,,0,,,0.0,186,,0.0,,,,,,,,,1,1,kxh15wt9,,,,,0
187,98y4f9ow,,0,0,24,,,,0,,,0.0,187,,0.0,,,,,,,,,1,1,kxh15wt9,,,,,0
188,nx9munbo,,0,0,24,,,,0,,,0.0,188,,0.0,,,,,,,,,1,1,kxh15wt9,,,,,0
189,2t426n8a,,0,0,24,,,,0,,,0.0,189,,0.0,,,,,,,,,1,1,kxh15wt9,,,,,0
190,4zzgq1gg,,0,0,24,,,,0,,,0.0,190,,0.0,,,,,,,,,1,1,kxh15wt9,,,,,0
191,5bxjtxnk,,0,0,24,,,,0,,,0.0,191,,0.0,,,,,,,,,1,1,kxh15wt9,,,,,0
192,kcovz94v,,0,0,24,,,,0,,,0.0,192,,0.0,,,,,,,,,1,1,kxh15wt9,,,,,0
193,4hhb37os,,0,0,24,,,,0,,,0.0,193,,0.0,,,,,,,,,1,1,kxh15wt9,,,,,0
194,jihj658a,,0,0,24,,,,0,,,0.0,194,,0.0,,,,,,,,,1,1,kxh15wt9,,,,,0
195,828pweb4,,0,0,24,,,,0,,,0.0,195,,0.0,,,,,,,,,1,1,kxh15wt9,,,,,0
196,4voxtdxp,,0,0,24,,,,0,,,0.0,196,,0.0,,,,,,,,,1,1,kxh15wt9,,,,,0
197,6ai9j0lr,,0,0,24,,,,0,,,0.0,197,,0.0,,,,,,,,,1,1,kxh15wt9,,,,,0
198,qi6oacrn,,0,0,24,,,,0,,,0.0,198,,0.0,,,,,,,,,1,1,kxh15wt9,,,,,0
199,1a1akjoe,,0,0,24,,,,0,,,0.0,199,,0.0,,,,,,,,,1,1,kxh15wt9,,,,,0
200,o8mwkgz5,,0,0,24,,,,0,,,0.0,200,,0.0,,,,,,,,,1,1,kxh15wt9,,,,,0
201,1any2kzj,,0,0,24,,,,0,,,0.0,201,,0.0,,,,,,,,,1,1,kxh15wt9,,,,,0
202,wol5w3z4,,0,0,24,,,,0,,,0.0,202,,0.0,,,,,,,,,1,1,kxh15wt9,,,,,0
203,o2u73n0r,,0,0,24,,,,0,,,0.0,203,,0.0,,,,,,,,,1,1,kxh15wt9,,,,,0
204,6lufzvju,,0,0,24,,,,0,,,0.0,204,,0.0,,,,,,,,,1,1,kxh15wt9,,,,,0
205,f3zri23u,,0,0,24,,,,0,,,0.0,205,,0.0,,,,,,,,,1,1,kxh15wt9,,,,,0
206,la01n57o,,0,0,24,,,,0,,,0.0,206,,0.0,,,,,,,,,1,1,kxh15wt9,,,,,0
207,epcz4w4p,,0,0,24,,,,0,,,0.0,207,,0.0,,,,,,,,,1,1,kxh15wt9,,,,,0
208,7dcz5veg,,0,0,24,,,,0,,,0.0,208,,0.0,,,,,,,,,1,1,kxh15wt9,,,,,0
209,qbzg8cis,,0,0,24,,,,0,,,0.0,209,,0.0,,,,,,,,,1,1,kxh15wt9,,,,,0
210,vbzio7oh,,0,0,24,,,,0,,,0.0,210,,0.0,,,,,,,,,1,1,kxh15wt9,,,,,0
211,taoe7w5r,,0,0,24,,,,0,,,0.0,211,,0.0,,,,,,,,,1,1,kxh15wt9,,,,,0
212,vx8jd7jj,,0,0,24,,,,0,,,0.0,212,,0.0,,,,,,,,,1,1,kxh15wt9,,,,,0
213,vykcmsmb,,0,0,24,,,,0,,,0.0,213,,0.0,,,,,,,,,1,1,kxh15wt9,,,,,0
214,hucl7sxz,,0,0,24,,,,0,,,0.0,214,,0.0,,,,,,,,,1,1,kxh15wt9,,,,,0
215,sr5ktgic,,0,0,24,,,,0,,,0.0,215,,0.0,,,,,,,,,1,1,kxh15wt9,,,,,0
216,wez3hil2,,0,0,24,,,,0,,,0.0,216,,0.0,,,,,,,,,1,1,kxh15wt9,,,,,0
217,yjv9s32c,,0,0,24,,,,0,,,0.0,217,,0.0,,,,,,,,,1,1,kxh15wt9,,,,,0
218,w8neeaeu,,0,0,24,,,,0,,,0.0,218,,0.0,,,,,,,,,1,1,kxh15wt9,,,,,0
219,74eswl4e,,0,0,24,,,,0,,,0.0,219,,0.0,,,,,,,,,1,1,kxh15wt9,,,,,0
220,jmva3e0j,,0,0,24,,,,0,,,0.0,220,,0.0,,,,,,,,,1,1,kxh15wt9,,,,,0
221,y0f04giv,,0,0,24,,,,0,,,0.0,221,,0.0,,,,,,,,,1,1,kxh15wt9,,,,,0
222,zmfqg3ex,,0,0,24,,,,0,,,0.0,222,,0.0,,,,,,,,,1,1,kxh15wt9,,,,,0
223,lm35bfvq,,0,0,24,,,,0,,,0.0,223,,0.0,,,,,,,,,1,1,kxh15wt9,,,,,0
224,li9meskf,,0,0,24,,,,0,,,0.0,224,,0.0,,,,,,,,,1,1,kxh15wt9,,,,,0
225,w2lcipws,,0,0,24,,,,0,,,0.0,225,,0.0,,,,,,,,,1,1,kxh15wt9,,,,,0
226,tm4vatcn,,0,0,24,,,,0,,,0.0,226,,0.0,,,,,,,,,1,1,kxh15wt9,,,,,0
227,lwr3axst,,0,0,24,,,,0,,,0.0,227,,0.0,,,,,,,,,1,1,kxh15wt9,,,,,0
228,81d6z3qj,,0,0,24,,,,0,,,0.0,228,,0.0,,,,,,,,,1,1,kxh15wt9,,,,,0
229,4m8f6jdy,,0,0,24,,,,0,,,0.0,229,,0.0,,,,,,,,,1,1,kxh15wt9,,,,,0
230,ign2hq15,,0,0,24,,,,0,,,0.0,230,,0.0,,,,,,,,,1,1,kxh15wt9,,,,,0
231,43lyyf12,,0,0,24,,,,0,,,0.0,231,,0.0,,,,,,,,,1,1,kxh15wt9,,,,,0
232,wu0vpgwi,,0,0,24,,,,0,,,0.0,232,,0.0,,,,,,,,,1,1,kxh15wt9,,,,,0
233,cugelqkp,,0,0,24,,,,0,,,0.0,233,,0.0,,,,,,,,,1,1,kxh15wt9,,,,,0
234,cdf4f7zo,,0,0,24,,,,0,,,0.0,234,,0.0,,,,,,,,,1,1,kxh15wt9,,,,,0
235,abzia25g,,0,0,24,,,,0,,,0.0,235,,0.0,,,,,,,,,1,1,kxh15wt9,,,,,0
236,ag0afyot,,0,0,24,,,,0,,,0.0,236,,0.0,,,,,,,,,1,1,kxh15wt9,,,,,0
237,ndqkn3o2,,0,0,24,,,,0,,,0.0,237,,0.0,,,,,,,,,1,1,kxh15wt9,,,,,0
238,sunmp868,,0,0,24,,,,0,,,0.0,238,,0.0,,,,,,,,,1,1,kxh15wt9,,,,,0
239,g2yk0flg,,0,0,24,,,,0,,,0.0,239,,0.0,,,,,,,,,1,1,kxh15wt9,,,,,0
240,lcksp27k,,0,0,24,,,,0,,,0.0,240,,0.0,,,,,,,,,1,1,kxh15wt9,,,,,0
241,tb9vz5nm,,0,0,24,,,,0,,,0.0,241,,0.0,,,,,,,,,1,1,kxh15wt9,,,,,0
242,eym33d33,,0,0,24,,,,0,,,0.0,242,,0.0,,,,,,,,,1,1,kxh15wt9,,,,,0
243,nzg296k7,,0,0,24,,,,0,,,0.0,243,,0.0,,,,,,,,,1,1,kxh15wt9,,,,,0
244,ehdby38a,,0,0,24,,,,0,,,0.0,244,,0.0,,,,,,,,,1,1,kxh15wt9,,,,,0
245,1urrtdjf,,0,0,24,,,,0,,,0.0,245,,0.0,,,,,,,,,1,1,kxh15wt9,,,,,0
246,w0aodrvp,,0,0,24,,,,0,,,0.0,246,,0.0,,,,,,,,,1,1,kxh15wt9,,,,,0
247,vn1gipi5,,0,0,24,,,,0,,,0.0,247,,0.0,,,,,,,,,1,1,kxh15wt9,,,,,0
248,fq6caq7z,,0,0,24,,,,0,,,0.0,248,,0.0,,,,,,,,,1,1,kxh15wt9,,,,,0
249,uj8hr6e6,,0,0,24,,,,0,,,0.0,249,,0.0,,,,,,,,,1,1,kxh15wt9,,,,,0
250,ptugj1s8,,0,0,24,,,,0,,,0.0,250,,0.0,,,,,,,,,1,1,kxh15wt9,,,,,0
251,z041czvl,,0,0,24,,,,0,,,0.0,251,,0.0,,,,,,,,,1,1,kxh15wt9,,,,,0
252,2w4inr00,,0,0,24,,,,0,,,0.0,252,,0.0,,,,,,,,,1,1,kxh15wt9,,,,,0
253,5ivjdqdf,,0,0,24,,,,0,,,0.0,253,,0.0,,,,,,,,,1,1,kxh15wt9,,,,,0
254,0qfxd39r,,0,0,24,,,,0,,,0.0,254,,0.0,,,,,,,,,1,1,kxh15wt9,,,,,0
255,vbxn6r7r,,0,0,24,,,,0,,,0.0,255,,0.0,,,,,,,,,1,1,kxh15wt9,,,,,0
256,wh431yp7,,0,0,24,,,,0,,,0.0,256,,0.0,,,,,,,,,1,1,kxh15wt9,,,,,0
257,tnvap34z,,0,0,24,,,,0,,,0.0,257,,0.0,,,,,,,,,1,1,kxh15wt9,,,,,0
258,5zbwn706,,0,0,24,,,,0,,,0.0,258,,0.0,,,,,,,,,1,1,kxh15wt9,,,,,0
259,ttyjtcok,,0,0,24,,,,0,,,0.0,259,,0.0,,,,,,,,,1,1,kxh15wt9,,,,,0
260,cug58acc,,0,0,24,,,,0,,,0.0,260,,0.0,,,,,,,,,1,1,kxh15wt9,,,,,0
261,thuc69rh,,0,0,24,,,,0,,,0.0,261,,0.0,,,,,,,,,1,1,kxh15wt9,,,,,0
262,66eihtdv,,0,0,24,,,,0,,,0.0,262,,0.0,,,,,,,,,1,1,kxh15wt9,,,,,0
263,5ko7t4wb,,0,0,24,,,,0,,,0.0,263,,0.0,,,,,,,,,1,1,kxh15wt9,,,,,0
264,z6vwy4er,,0,0,24,,,,0,,,0.0,264,,0.0,,,,,,,,,1,1,kxh15wt9,,,,,0
265,w33gj8fl,,0,0,24,,,,0,,,0.0,265,,0.0,,,,,,,,,1,1,kxh15wt9,,,,,0
266,dk6n3mnb,,0,0,24,,,,0,,,0.0,266,,0.0,,,,,,,,,1,1,kxh15wt9,,,,,0
267,5dqupmjy,,0,0,24,,,,0,,,0.0,267,,0.0,,,,,,,,,1,1,kxh15wt9,,,,,0
268,5wxrq7zj,,0,0,24,,,,0,,,0.0,268,,0.0,,,,,,,,,1,1,kxh15wt9,,,,,0
269,j08gl0f5,,0,0,24,,,,0,,,0.0,269,,0.0,,,,,,,,,1,1,kxh15wt9,,,,,0
270,mmstfarl,,0,0,24,,,,0,,,0.0,270,,0.0,,,,,,,,,1,1,kxh15wt9,,,,,0
271,cad29eps,,0,0,24,,,,0,,,0.0,271,,0.0,,,,,,,,,1,1,kxh15wt9,,,,,0
272,6h3xmtm3,,0,0,24,,,,0,,,0.0,272,,0.0,,,,,,,,,1,1,kxh15wt9,,,,,0
273,x17np9r0,,0,0,24,,,,0,,,0.0,273,,0.0,,,,,,,,,1,1,kxh15wt9,,,,,0
274,naak7jdm,,0,0,24,,,,0,,,0.0,274,,0.0,,,,,,,,,1,1,kxh15wt9,,,,,0
275,sk2zruw4,,0,0,24,,,,0,,,0.0,275,,0.0,,,,,,,,,1,1,kxh15wt9,,,,,0
276,1v32tmbs,,0,0,24,,,,0,,,0.0,276,,0.0,,,,,,,,,1,1,kxh15wt9,,,,,0
277,439dnghu,,0,0,24,,,,0,,,0.0,277,,0.0,,,,,,,,,1,1,kxh15wt9,,,,,0
278,gsqi6daa,,0,0,24,,,,0,,,0.0,278,,0.0,,,,,,,,,1,1,kxh15wt9,,,,,0
279,6u0wr15m,,0,0,24,,,,0,,,0.0,279,,0.0,,,,,,,,,1,1,kxh15wt9,,,,,0
280,p2nkmnwq,,0,0,24,,,,0,,,0.0,280,,0.0,,,,,,,,,1,1,kxh15wt9,,,,,0
281,k13aw4d7,,0,0,24,,,,0,,,0.0,281,,0.0,,,,,,,,,1,1,kxh15wt9,,,,,0
282,byn8u2l3,,0,0,24,,,,0,,,0.0,282,,0.0,,,,,,,,,1,1,kxh15wt9,,,,,0
283,pho9ogzb,,0,0,24,,,,0,,,0.0,283,,0.0,,,,,,,,,1,1,kxh15wt9,,,,,0
284,iwyo4aal,,0,0,24,,,,0,,,0.0,284,,0.0,,,,,,,,,1,1,kxh15wt9,,,,,0
285,nefc5p6x,,0,0,24,,,,0,,,0.0,285,,0.0,,,,,,,,,1,1,kxh15wt9,,,,,0
286,f84kjwnq,,0,0,24,,,,0,,,0.0,286,,0.0,,,,,,,,,1,1,kxh15wt9,,,,,0
287,mgmejmgg,,0,0,24,,,,0,,,0.0,287,,0.0,,,,,,,,,1,1,kxh15wt9,,,,,0
288,i3sweno0,,0,0,24,,,,0,,,0.0,288,,0.0,,,,,,,,,1,1,kxh15wt9,,,,,0
289,0vq3hnpu,,0,0,24,,,,0,,,0.0,289,,0.0,,,,,,,,,1,1,kxh15wt9,,,,,0
290,94opt2ri,,0,0,24,,,,0,,,0.0,290,,0.0,,,,,,,,,1,1,kxh15wt9,,,,,0
291,x7j4fdp2,,0,0,24,,,,0,,,0.0,291,,0.0,,,,,,,,,1,1,kxh15wt9,,,,,0
292,lu8pkyya,,0,0,24,,,,0,,,0.0,292,,0.0,,,,,,,,,1,1,kxh15wt9,,,,,0
293,ji9vaia7,,0,0,24,,,,0,,,0.0,293,,0.0,,,,,,,,,1,1,kxh15wt9,,,,,0
294,czftz0by,,0,0,24,,,,0,,,0.0,294,,0.0,,,,,,,,,1,1,kxh15wt9,,,,,0
295,gs55z42v,,0,0,24,,,,0,,,0.0,295,,0.0,,,,,,,,,1,1,kxh15wt9,,,,,0
296,f85m23fp,,0,0,24,,,,0,,,0.0,296,,0.0,,,,,,,,,1,1,kxh15wt9,,,,,0
297,qq21jlph,,0,0,24,,,,0,,,0.0,297,,0.0,,,,,,,,,1,1,kxh15wt9,,,,,0
298,x9r7eqxa,,0,0,24,,,,0,,,0.0,298,,0.0,,,,,,,,,1,1,kxh15wt9,,,,,0
299,k62hv1lw,,0,0,24,,,,0,,,0.0,299,,0.0,,,,,,,,,1,1,kxh15wt9,,,,,0
300,r8upf3kd,,0,0,24,,,,0,,,0.0,300,,0.0,,,,,,,,,1,1,kxh15wt9,,,,,0
