participant.id_in_session,participant.code,participant.label,participant._is_bot,participant._index_in_pages,participant._max_page_index,participant._current_app_name,participant._current_page_name,participant.time_started_utc,participant.visited,participant.mturk_worker_id,participant.mturk_assignment_id,participant.payoff,session.code,session.label,session.mturk_HITId,session.mturk_HITGroupId,session.comment,session.is_demo,session.config.name,session.config.participation_fee,session.config.treatments_human,session.config.treatments_robot,session.config.use_browser_bots,session.config.real_world_currency_per_point,session.config.test,introduction.1.player.id_in_group,introduction.1.player.role,introduction.1.player.payoff,introduction.1.player.prolific_ID,introduction.1.group.id_in_subsession,introduction.1.subsession.round_number,dictator_human.1.player.id_in_group,dictator_human.1.player.role,dictator_human.1.player.payoff,dictator_human.1.group.id_in_subsession,dictator_human.1.group.kept,dictator_human.1.subsession.round_number,trust_human_strategy.1.player.id_in_group,trust_human_strategy.1.player.role,trust_human_strategy.1.player.payoff,trust_human_strategy.1.player.sent_back0,trust_human_strategy.1.player.sent_back1,trust_human_strategy.1.player.sent_back2,trust_human_strategy.1.player.sent_back3,trust_human_strategy.1.player.sent_back4,trust_human_strategy.1.player.sent_back5,trust_human_strategy.1.group.id_in_subsession,trust_human_strategy.1.group.treatment,trust_human_strategy.1.group.sent_amount,trust_human_strategy.1.group.send_back_belief,trust_human_strategy.1.group.sent_back_amount,trust_human_strategy.1.subsession.round_number,ultimatum_human_strategy.1.player.id_in_group,ultimatum_human_strategy.1.player.role,ultimatum_human_strategy.1.player.payoff,ultimatum_human_strategy.1.group.id_in_subsession,ultimatum_human_strategy.1.group.treatment,ultimatum_human_strategy.1.group.offer,ultimatum_human_strategy.1.group.belief_minimum,ultimatum_human_strategy.1.group.accept_minimum,ultimatum_human_strategy.1.group.accept,ultimatum_human_strategy.1.subsession.round_number,final_results.1.player.id_in_group,final_results.1.player.role,final_results.1.player.payoff,final_results.1.group.id_in_subsession,final_results.1.subsession.round_number,survey.1.player.id_in_group,survey.1.player.role,survey.1.player.payoff,survey.1.player.what_happens_with_payoffs,survey.1.player.age,survey.1.player.gender,survey.1.player.degree,survey.1.player.field_of_study,survey.1.player.employment,survey.1.player.familiarity,survey.1.player.confidence,survey.1.group.id_in_subsession,survey.1.subsession.round_number,final_screen.1.player.id_in_group,final_screen.1.player.role,final_screen.1.player.payoff,final_screen.1.group.id_in_subsession,final_screen.1.subsession.round_number
1,u55bqbgq,5ed559e5afbd830e2117ed55,0,24,24,final_screen,EndOfExperiment,2021-12-13 18:04:56.213573,1,,,10.0,qd0ydl2t,,,,,0,complete_human,0.5,1,0,0,0.1,0,1,,0.0,5ed559e5afbd830e2117ed55,1,1,1,,10.0,3,10.0,1,1,,0.0,,,,,,,1,,,,,1,1,,0.0,1,,,,,,1,1,,0.0,1,1,1,,0.0,I think the payoffs earned by the other participant are just kept by the researchers.,60,male,3,engineer,full,2,3,1,1,1,,0.0,1,1
2,2mxr8wk1,5607080ed7def20012b733c3,0,24,24,final_screen,EndOfExperiment,2021-12-13 18:05:00.273677,1,,,5.0,qd0ydl2t,,,,,0,complete_human,0.5,1,0,0,0.1,0,2,,0.0,5607080ed7def20012b733c3,1,1,1,,5.0,2,5.0,1,2,,0.0,,,,,,,1,,,,,1,2,,0.0,1,,,,,,1,2,,0.0,1,1,2,,0.0,they will earn what I gave them which is 5,27,female,2,natural,part,0,0,1,1,2,,0.0,1,1
3,88kiqr9x,56e130548b1c33000a388671,0,24,24,final_screen,EndOfExperiment,2021-12-13 18:05:03.622286,1,,,9.0,qd0ydl2t,,,,,0,complete_human,0.5,1,0,0,0.1,0,3,,0.0,56e130548b1c33000a388671,1,1,3,,0.0,1,,1,1,,9.0,,,,,,,2,,3.0,3.0,3.0,1,3,,0.0,1,,,,,,1,3,,0.0,1,1,3,,0.0,I assume that it's calculated by the scoring system and just distributed like the rules stated.,28,male,1,na,full,3,3,1,1,3,,0.0,1,1
4,4xdn9uid,614e0825d40616c90ebc1d49,0,24,24,final_screen,EndOfExperiment,2021-12-13 18:05:04.749777,1,,,14.0,qd0ydl2t,,,,,0,complete_human,0.5,1,0,0,0.1,0,4,,0.0,614e0825d40616c90ebc1d49,1,1,4,,0.0,1,,1,1,,14.0,,,,,,,3,,5.0,10.0,10.0,1,4,,0.0,1,,,,,,1,4,,0.0,1,1,4,,0.0,"I don't know why, with the instructions it seemed to be mutually beneficial to send the maximum and then split evenly. There must have been an incentive to keep extra for yourself.",33,male,2,other,full,3,4,1,1,4,,0.0,1,1
5,obx7d1nb,5ac4c721e1099600016a823b,0,24,24,final_screen,EndOfExperiment,2021-12-13 18:05:05.829690,1,,,7.0,qd0ydl2t,,,,,0,complete_human,0.5,1,0,0,0.1,0,5,,0.0,5ac4c721e1099600016a823b,1,1,5,,0.0,1,,1,5,,0.0,,,,,,,1,,,,,1,1,,7.0,3,,5.0,5.0,4.0,1,1,5,,0.0,1,1,5,,0.0,They get that amount paid as a bonus.,50,male,2,other,full,4,4,1,1,5,,0.0,1,1
6,b6ert0e3,5dc592c6aa431440aa755d5b,0,24,24,final_screen,EndOfExperiment,2021-12-13 18:05:07.596210,1,,,5.0,qd0ydl2t,,,,,0,complete_human,0.5,1,0,0,0.1,0,6,,0.0,5dc592c6aa431440aa755d5b,1,1,6,,0.0,1,,1,6,,0.0,,,,,,,1,,,,,1,1,,5.0,2,,5.0,3.0,5.0,1,1,6,,0.0,1,1,6,,0.0,I have no clue,23,female,1,na,no,3,2,1,1,6,,0.0,1,1
7,u8ixqpqg,5bd0d9bf25db7b0001786a5b,0,24,24,final_screen,EndOfExperiment,2021-12-13 18:05:07.846099,1,,,0.0,qd0ydl2t,,,,,0,complete_human,0.5,1,0,0,0.1,0,7,,0.0,5bd0d9bf25db7b0001786a5b,1,1,2,,0.0,3,10.0,1,7,,0.0,,,,,,,1,,,,,1,7,,0.0,1,,,,,,1,7,,0.0,1,1,7,,0.0,"They keep them, I'd guess",46,male,2,engineer,full,3,3,1,1,7,,0.0,1,1
8,q42c5yh6,5f77b0c71436cf1d275d79d0,0,24,24,final_screen,EndOfExperiment,2021-12-13 18:05:08.211954,1,,,5.0,qd0ydl2t,,,,,0,complete_human,0.5,1,0,0,0.1,0,8,,0.0,5f77b0c71436cf1d275d79d0,1,1,2,,5.0,2,5.0,1,8,,0.0,,,,,,,1,,,,,1,8,,0.0,1,,,,,,1,8,,0.0,1,1,8,,0.0,I think the other participant is a computer so will not get the payoffs.,31,female,4,psych,full,2,2,1,1,8,,0.0,1,1
9,9ryxnrou,60712d937752fb8780e89951,0,24,24,final_screen,EndOfExperiment,2021-12-13 18:05:09.077226,1,,,11.0,qd0ydl2t,,,,,0,complete_human,0.5,1,0,0,0.1,0,9,,0.0,60712d937752fb8780e89951,1,1,9,,0.0,1,,1,2,,11.0,0.0,1.0,2.0,3.0,3.0,4.0,2,,3.0,3.0,3.0,1,9,,0.0,1,,,,,,1,9,,0.0,1,1,9,,0.0,I think they get whatever I sent back,33,male,3,other,full,4,3,1,1,9,,0.0,1,1
10,ftalyn53,6111234ac8cfa49e38acbfb4,0,24,24,final_screen,EndOfExperiment,2021-12-13 18:05:09.987261,1,,,10.0,qd0ydl2t,,,,,0,complete_human,0.5,1,0,0,0.1,0,10,,0.0,6111234ac8cfa49e38acbfb4,1,1,10,,0.0,1,,1,2,,10.0,0.0,2.0,4.0,7.0,8.0,10.0,3,,5.0,10.0,10.0,1,10,,0.0,1,,,,,,1,10,,0.0,1,1,10,,0.0,They continue to send it to other 2nd participants ,22,female,2,other,full,2,2,1,1,10,,0.0,1,1
11,chd3ixpk,60e657938cf62fc6336423bb,0,24,24,final_screen,EndOfExperiment,2021-12-13 18:05:12.011412,1,,,5.0,qd0ydl2t,,,,,0,complete_human,0.5,1,0,0,0.1,0,11,,0.0,60e657938cf62fc6336423bb,1,1,11,,0.0,1,,1,11,,0.0,,,,,,,1,,,,,1,2,,5.0,2,,5.0,3.0,5.0,1,1,11,,0.0,1,1,11,,0.0,The participant will also get an equal/fair amount.,38,female,2,other,full,2,2,1,1,11,,0.0,1,1
12,yqg8vbsw,606ccdcf683538f9d9419171,0,24,24,final_screen,EndOfExperiment,2021-12-13 18:05:12.082678,1,,,5.0,qd0ydl2t,,,,,0,complete_human,0.5,1,0,0,0.1,0,12,,0.0,606ccdcf683538f9d9419171,1,1,12,,0.0,1,,1,12,,0.0,,,,,,,1,,,,,1,1,,5.0,4,,5.0,5.0,1.0,1,1,12,,0.0,1,1,12,,0.0,"If there was a Participant 2, they would get the payoff agreed upon.  ",41,female,2,psych,full,0,2,1,1,12,,0.0,1,1
13,2zkoy2m9,614f3f044ab295ed97809caa,0,24,24,final_screen,EndOfExperiment,2021-12-13 18:05:12.627660,1,,,5.0,qd0ydl2t,,,,,0,complete_human,0.5,1,0,0,0.1,0,13,,0.0,614f3f044ab295ed97809caa,1,1,1,,5.0,5,5.0,1,13,,0.0,,,,,,,1,,,,,1,13,,0.0,1,,,,,,1,13,,0.0,1,1,13,,0.0,They should get the payoff in my opinion,38,male,3,engineer,full,4,3,1,1,13,,0.0,1,1
14,3dumg7cv,5f4912fc3c25512e73761c48,0,24,24,final_screen,EndOfExperiment,2021-12-13 18:05:12.936008,1,,,5.0,qd0ydl2t,,,,,0,complete_human,0.5,1,0,0,0.1,0,14,,0.0,5f4912fc3c25512e73761c48,1,1,1,,5.0,4,5.0,1,14,,0.0,,,,,,,1,,,,,1,14,,0.0,1,,,,,,1,14,,0.0,1,1,14,,0.0,"I'm not sure what you mean. What happens to them is they get sent out to them? Or how did they decide? If they were #2, they didn't decide, I thought. ",37,male,2,politics,full,3,3,1,1,14,,0.0,1,1
15,91ezcz1i,61366a0250ad37452b08b9a3,0,24,24,final_screen,EndOfExperiment,2021-12-13 18:05:13.818630,1,,,7.0,qd0ydl2t,,,,,0,complete_human,0.5,1,0,0,0.1,0,15,,0.0,61366a0250ad37452b08b9a3,1,1,15,,0.0,1,,1,1,,7.0,,,,,,,4,,2.0,1.0,2.0,1,15,,0.0,1,,,,,,1,15,,0.0,1,1,15,,0.0,The participant gets to keep their points.,18,female,1,law,part,1,2,1,1,15,,0.0,1,1
16,oxvwr0kc,56bfba439f7a1e000afdcba9,0,24,24,final_screen,EndOfExperiment,2021-12-13 18:05:13.974126,1,,,9.0,qd0ydl2t,,,,,0,complete_human,0.5,1,0,0,0.1,0,16,,0.0,56bfba439f7a1e000afdcba9,1,1,16,,0.0,1,,1,2,,9.0,0.0,1.0,2.0,3.0,4.0,5.0,4,,2.0,1.0,2.0,1,16,,0.0,1,,,,,,1,16,,0.0,1,1,16,,0.0,I think they are given a bonus based on the number of points they end up with,31,female,3,natural,full,0,2,1,1,16,,0.0,1,1
17,kkwvut20,13gEOT731E6m9Z975LqnnOS7,0,1,24,introduction,ID,2021-12-13 18:05:16.312017,1,,,0.0,qd0ydl2t,,,,,0,complete_human,0.5,1,0,0,0.1,0,17,,0.0,,1,1,17,,0.0,1,,1,17,,0.0,,,,,,,1,,,,,1,17,,0.0,1,,,,,,1,17,,0.0,1,1,17,,0.0,,,,,,,,,1,1,17,,0.0,1,1
18,w6ey8iay,5f08891e392f740a659bbc7d,0,24,24,final_screen,EndOfExperiment,2021-12-13 18:05:16.366014,1,,,5.0,qd0ydl2t,,,,,0,complete_human,0.5,1,0,0,0.1,0,18,,0.0,5f08891e392f740a659bbc7d,1,1,18,,0.0,1,,1,18,,0.0,,,,,,,1,,,,,1,2,,5.0,3,,5.0,5.0,4.0,1,1,18,,0.0,1,1,18,,0.0,They get the money?  I'm not sure I understand the question.,38,male,2,natural,full,3,1,1,1,18,,0.0,1,1
19,93hm68l5,611688156f6d22853511ffb3,0,24,24,final_screen,EndOfExperiment,2021-12-13 18:05:17.129840,1,,,5.0,qd0ydl2t,,,,,0,complete_human,0.5,1,0,0,0.1,0,19,,0.0,611688156f6d22853511ffb3,1,1,1,,5.0,6,5.0,1,19,,0.0,,,,,,,1,,,,,1,19,,0.0,1,,,,,,1,19,,0.0,1,1,19,,0.0,they get it as a bonus,20,male,1,na,part,2,3,1,1,19,,0.0,1,1
20,3g62b71b,6168a697ae9f4d8dcfada29b,0,24,24,final_screen,EndOfExperiment,2021-12-13 18:05:19.203515,1,,,5.0,qd0ydl2t,,,,,0,complete_human,0.5,1,0,0,0.1,0,20,,0.0,6168a697ae9f4d8dcfada29b,1,1,2,,5.0,4,5.0,1,20,,0.0,,,,,,,1,,,,,1,20,,0.0,1,,,,,,1,20,,0.0,1,1,20,,0.0,"I think they will get $0.50 as payment for completing the study, and $0.50 as a bonus according to their actions.",29,female,3,other,full,3,2,1,1,20,,0.0,1,1
21,mww9m1kw,55b424e1fdf99b526efcf8d0,0,24,24,final_screen,EndOfExperiment,2021-12-13 18:05:19.580758,1,,,9.0,qd0ydl2t,,,,,0,complete_human,0.5,1,0,0,0.1,0,21,,0.0,55b424e1fdf99b526efcf8d0,1,1,21,,0.0,1,,1,1,,9.0,,,,,,,5,,0.0,0.0,0.0,1,21,,0.0,1,,,,,,1,21,,0.0,1,1,21,,0.0,"They will be sent as a bonus payment in the same way as myself, at which point they will cash them out to spend. ",39,male,1,na,no,3,3,1,1,21,,0.0,1,1
22,kvsgoivs,614f24a17833e1e4b7184fae,0,24,24,final_screen,EndOfExperiment,2021-12-13 18:05:20.992190,1,,,5.0,qd0ydl2t,,,,,0,complete_human,0.5,1,0,0,0.1,0,22,,0.0,614f24a17833e1e4b7184fae,1,1,22,,0.0,1,,1,2,,5.0,0.0,2.0,4.0,6.0,6.0,6.0,5,,0.0,0.0,0.0,1,22,,0.0,1,,,,,,1,22,,0.0,1,1,22,,0.0,The payoffs are put into a pot to be distributed to the sweepstakes winner,26,female,2,psych,full,3,2,1,1,22,,0.0,1,1
23,uabtjl8z,57f2da5c6c19420001438d19,0,24,24,final_screen,EndOfExperiment,2021-12-13 18:05:21.862715,1,,,5.0,qd0ydl2t,,,,,0,complete_human,0.5,1,0,0,0.1,0,23,,0.0,57f2da5c6c19420001438d19,1,1,23,,0.0,1,,1,23,,0.0,,,,,,,1,,,,,1,2,,5.0,4,,5.0,5.0,1.0,1,1,23,,0.0,1,1,23,,0.0,They will receive that amount in a bonus payment.,45,female,1,na,no,1,2,1,1,23,,0.0,1,1
24,8ejqe502,60ebd106ca635af4d76098cd,0,15,24,ultimatum_human_strategy,GroupWaitPage,2021-12-13 18:05:23.202446,1,,,0.0,qd0ydl2t,,,,,0,complete_human,0.5,1,0,0,0.1,0,24,,0.0,60ebd106ca635af4d76098cd,1,1,24,,0.0,1,,1,24,,0.0,,,,,,,1,,,,,1,24,,0.0,1,,,,,,1,24,,0.0,1,1,24,,0.0,,,,,,,,,1,1,24,,0.0,1,1
25,96rtfup6,5f5452df72345118f58d187b,0,24,24,final_screen,EndOfExperiment,2021-12-13 18:05:34.896799,1,,,5.0,qd0ydl2t,,,,,0,complete_human,0.5,1,0,0,0.1,0,25,,0.0,5f5452df72345118f58d187b,1,1,2,,5.0,5,5.0,1,25,,0.0,,,,,,,1,,,,,1,25,,0.0,1,,,,,,1,25,,0.0,1,1,25,,0.0,He will keep his portion.,57,male,1,na,no,3,4,1,1,25,,0.0,1,1
26,lqltbv1w,60fd7cb83d3fd9e74b6c9d43,0,24,24,final_screen,EndOfExperiment,2021-12-13 18:05:50.840576,1,,,5.0,qd0ydl2t,,,,,0,complete_human,0.5,1,0,0,0.1,0,26,,0.0,60fd7cb83d3fd9e74b6c9d43,1,1,2,,5.0,6,5.0,1,26,,0.0,,,,,,,1,,,,,1,26,,0.0,1,,,,,,1,26,,0.0,1,1,26,,0.0,"I believe the other participants are given an option to give either themselves all of the points, both of us a smaller amount of points, or me all of the points available.",19,male,1,natural,no,3,4,1,1,26,,0.0,1,1
27,for23wln,5d42486206811e001ada5b4b,0,24,24,final_screen,EndOfExperiment,2021-12-13 18:06:15.164171,1,,,8.0,qd0ydl2t,,,,,0,complete_human,0.5,1,0,0,0.1,0,27,,0.0,5d42486206811e001ada5b4b,1,1,27,,0.0,1,,1,1,,8.0,,,,,,,6,,3.0,2.0,6.0,1,27,,0.0,1,,,,,,1,27,,0.0,1,1,27,,0.0,i think they will earn a bonus for the additional amount ,45,male,1,na,full,3,4,1,1,27,,0.0,1,1
28,64zpakgo,5e3adfc595ff562fbdd130fa,0,24,24,final_screen,EndOfExperiment,2021-12-13 18:06:58.690707,1,,,8.0,qd0ydl2t,,,,,0,complete_human,0.5,1,0,0,0.1,0,28,,0.0,5e3adfc595ff562fbdd130fa,1,1,28,,0.0,1,,1,2,,8.0,0.0,2.0,3.0,6.0,8.0,10.0,6,,3.0,2.0,6.0,1,28,,0.0,1,,,,,,1,28,,0.0,1,1,28,,0.0,I would guess that they would be turned into a bonus for them as well.,34,male,1,na,part,1,2,1,1,28,,0.0,1,1
29,2d7yb6gn,60f19f3b96865df57e8444ce,0,24,24,final_screen,EndOfExperiment,2021-12-13 18:07:04.279554,1,,,7.0,qd0ydl2t,,,,,0,complete_human,0.5,1,0,0,0.1,0,29,,0.0,60f19f3b96865df57e8444ce,1,1,29,,0.0,1,,1,29,,0.0,,,,,,,1,,,,,1,1,,7.0,9,,5.0,4.0,3.0,1,1,29,,0.0,1,1,29,,0.0,I think they get the right payoff.,36,male,3,engineer,full,4,4,1,1,29,,0.0,1,1
30,kay5osy6,5f919a881f37510203a7a638,0,24,24,final_screen,EndOfExperiment,2021-12-13 18:07:35.711395,1,,,9.0,qd0ydl2t,,,,,0,complete_human,0.5,1,0,0,0.1,0,30,,0.0,5f919a881f37510203a7a638,1,1,30,,0.0,1,,1,30,,0.0,,,,,,,1,,,,,1,1,,9.0,5,,5.0,5.0,5.0,1,1,30,,0.0,1,1,30,,0.0,I think the payoffs earned by the other participant might be put into another pool to play another round. ,26,female,3,econ,full,3,2,1,1,30,,0.0,1,1
31,ephpbfz3,615ddab1e4f013092538b6c5,0,24,24,final_screen,EndOfExperiment,2021-12-13 18:08:03.028642,1,,,10.0,qd0ydl2t,,,,,0,complete_human,0.5,1,0,0,0.1,0,31,,0.0,615ddab1e4f013092538b6c5,1,1,1,,10.0,7,10.0,1,31,,0.0,,,,,,,1,,,,,1,31,,0.0,1,,,,,,1,31,,0.0,1,1,31,,0.0,No clue,58,male,3,engineer,no,2,3,1,1,31,,0.0,1,1
32,oaty9y89,5d612ae16512d700159face7,0,24,24,final_screen,EndOfExperiment,2021-12-13 18:08:05.255222,1,,,5.0,qd0ydl2t,,,,,0,complete_human,0.5,1,0,0,0.1,0,32,,0.0,5d612ae16512d700159face7,1,1,1,,5.0,8,5.0,1,32,,0.0,,,,,,,1,,,,,1,32,,0.0,1,,,,,,1,32,,0.0,1,1,32,,0.0,They should be tripled as well,35,female,3,other,full,3,4,1,1,32,,0.0,1,1
33,zhrfysu3,5d1d073e2741ce0019113c67,0,24,24,final_screen,EndOfExperiment,2021-12-13 18:08:07.800655,1,,,14.0,qd0ydl2t,,,,,0,complete_human,0.5,1,0,0,0.1,0,33,,0.0,5d1d073e2741ce0019113c67,1,1,33,,0.0,1,,1,1,,14.0,,,,,,,7,,5.0,10.0,10.0,1,33,,0.0,1,,,,,,1,33,,0.0,1,1,33,,0.0,I don't know,27,female,2,other,full,2,2,1,1,33,,0.0,1,1
34,o0i89mcf,59dc458f77860e000151240e,0,24,24,final_screen,EndOfExperiment,2021-12-13 18:08:09.537713,1,,,10.0,qd0ydl2t,,,,,0,complete_human,0.5,1,0,0,0.1,0,34,,0.0,59dc458f77860e000151240e,1,1,34,,0.0,1,,1,2,,10.0,3.0,4.0,6.0,7.0,9.0,10.0,7,,5.0,10.0,10.0,1,34,,0.0,1,,,,,,1,34,,0.0,1,1,34,,0.0,I think the other person receives the payoffs as a bonus as well.,38,male,1,psych,part,3,4,1,1,34,,0.0,1,1
35,o37ez5sz,5be6e664d86075000145bf44,0,24,24,final_screen,EndOfExperiment,2021-12-13 18:08:11.379382,1,,,5.0,qd0ydl2t,,,,,0,complete_human,0.5,1,0,0,0.1,0,35,,0.0,5be6e664d86075000145bf44,1,1,35,,0.0,1,,1,35,,0.0,,,,,,,1,,,,,1,1,,5.0,6,,5.0,5.0,1.0,1,1,35,,0.0,1,1,35,,0.0,i honestly dont really understand the question,24,male,0,na,no,3,3,1,1,35,,0.0,1,1
36,hrevkl7n,5dc9a8c72e81ea87179e0f55,0,24,24,final_screen,EndOfExperiment,2021-12-13 18:08:12.135017,1,,,5.0,qd0ydl2t,,,,,0,complete_human,0.5,1,0,0,0.1,0,36,,0.0,5dc9a8c72e81ea87179e0f55,1,1,36,,0.0,1,,1,36,,0.0,,,,,,,1,,,,,1,2,,5.0,6,,5.0,5.0,1.0,1,1,36,,0.0,1,1,36,,0.0,I think the other participant is awarded a bonus based on their points.,36,female,1,na,no,2,3,1,1,36,,0.0,1,1
37,6tas2bg4,5e14d563c4e155ae93907ae1,0,24,24,final_screen,EndOfExperiment,2021-12-13 18:08:12.719027,1,,,5.0,qd0ydl2t,,,,,0,complete_human,0.5,1,0,0,0.1,0,37,,0.0,5e14d563c4e155ae93907ae1,1,1,2,,5.0,8,5.0,1,37,,0.0,,,,,,,1,,,,,1,37,,0.0,1,,,,,,1,37,,0.0,1,1,37,,0.0,They receive it as a 0.10/pt bonus like I did. ?,46,male,3,engineer,part,4,3,1,1,37,,0.0,1,1
38,5rc6hefk,5f4a7a00dc1bde60ab8f7ac5,0,24,24,final_screen,EndOfExperiment,2021-12-13 18:08:13.641402,1,,,0.0,qd0ydl2t,,,,,0,complete_human,0.5,1,0,0,0.1,0,38,,0.0,5f4a7a00dc1bde60ab8f7ac5,1,1,2,,0.0,7,10.0,1,38,,0.0,,,,,,,1,,,,,1,38,,0.0,1,,,,,,1,38,,0.0,1,1,38,,0.0,It's increased for each point they keep.,27,male,2,other,part,4,4,1,1,38,,0.0,1,1
39,c46txdt2,60fcd7c233a5e135b4965e06,0,24,24,final_screen,EndOfExperiment,2021-12-13 18:08:14.466887,1,,,8.0,qd0ydl2t,,,,,0,complete_human,0.5,1,0,0,0.1,0,39,,0.0,60fcd7c233a5e135b4965e06,1,1,39,,0.0,1,,1,1,,8.0,,,,,,,8,,2.0,2.0,4.0,1,39,,0.0,1,,,,,,1,39,,0.0,1,1,39,,0.0,the same that happened to me,20,female,1,other,no,0,0,1,1,39,,0.0,1,1
40,nfyp9en3,5fe76396a4feb05bf1629a6c,0,24,24,final_screen,EndOfExperiment,2021-12-13 18:08:15.905195,1,,,7.0,qd0ydl2t,,,,,0,complete_human,0.5,1,0,0,0.1,0,40,,0.0,5fe76396a4feb05bf1629a6c,1,1,40,,0.0,1,,1,2,,7.0,0.0,2.0,4.0,6.0,8.0,10.0,8,,2.0,2.0,4.0,1,40,,0.0,1,,,,,,1,40,,0.0,1,1,40,,0.0,I don't think there's an actual other participant.,27,male,1,na,no,0,0,1,1,40,,0.0,1,1
41,h3c2ynv3,5c5aecc774a76f0001a25ced,0,24,24,final_screen,EndOfExperiment,2021-12-13 18:08:16.507112,1,,,9.0,qd0ydl2t,,,,,0,complete_human,0.5,1,0,0,0.1,0,41,,0.0,5c5aecc774a76f0001a25ced,1,1,41,,0.0,1,,1,41,,0.0,,,,,,,1,,,,,1,1,,9.0,8,,5.0,5.0,5.0,1,1,41,,0.0,1,1,41,,0.0,They get to keep the payoffs as a bonus.,34,male,1,natural,part,1,2,1,1,41,,0.0,1,1
42,68sjnjx9,60ff82f49fbecec33107d890,0,24,24,final_screen,EndOfExperiment,2021-12-13 18:08:16.805187,1,,,9.0,qd0ydl2t,,,,,0,complete_human,0.5,1,0,0,0.1,0,42,,0.0,60ff82f49fbecec33107d890,1,1,42,,0.0,1,,1,42,,0.0,,,,,,,1,,,,,1,1,,9.0,7,,5.0,4.0,4.0,1,1,42,,0.0,1,1,42,,0.0,I believe the payoffs are given to the other participant.,27,female,1,na,no,0,2,1,1,42,,0.0,1,1
43,89c50ntb,56bb6812bf2129000b53ce26,0,24,24,final_screen,EndOfExperiment,2021-12-13 18:08:17.640983,1,,,5.0,qd0ydl2t,,,,,0,complete_human,0.5,1,0,0,0.1,0,43,,0.0,56bb6812bf2129000b53ce26,1,1,1,,5.0,14,5.0,1,43,,0.0,,,,,,,1,,,,,1,43,,0.0,1,,,,,,1,43,,0.0,1,1,43,,0.0,The other participant gets the other amount that I gave if indeed there is another participant,45,female,2,other,full,3,3,1,1,43,,0.0,1,1
44,0hd8scwh,6074b929f753216d88c77e88,0,24,24,final_screen,EndOfExperiment,2021-12-13 18:08:20.088134,1,,,10.0,qd0ydl2t,,,,,0,complete_human,0.5,1,0,0,0.1,0,44,,0.0,6074b929f753216d88c77e88,1,1,1,,10.0,10,10.0,1,44,,0.0,,,,,,,1,,,,,1,44,,0.0,1,,,,,,1,44,,0.0,1,1,44,,0.0,The other participant will receive the base pay for the experiment and no bonus payment because I decided to distribute all the points to myself instead of sharing them with the other participant.,30,male,1,med,full,3,3,1,1,44,,0.0,1,1
45,6vadzsod,5d5f07cdca10e90016bc0103,0,24,24,final_screen,EndOfExperiment,2021-12-13 18:08:20.720658,1,,,14.0,qd0ydl2t,,,,,0,complete_human,0.5,1,0,0,0.1,0,45,,0.0,5d5f07cdca10e90016bc0103,1,1,45,,0.0,1,,1,1,,14.0,,,,,,,10,,5.0,10.0,10.0,1,45,,0.0,1,,,,,,1,45,,0.0,1,1,45,,0.0,What happens to their payoffs? Well I'd hope it goes to their bank/prolific account...,34,male,3,econ,full,3,3,1,1,45,,0.0,1,1
46,uwodntza,6108649840bf2b927ef3905c,0,24,24,final_screen,EndOfExperiment,2021-12-13 18:08:21.618188,1,,,5.0,qd0ydl2t,,,,,0,complete_human,0.5,1,0,0,0.1,0,46,,0.0,6108649840bf2b927ef3905c,1,1,46,,0.0,1,,1,1,,5.0,,,,,,,9,,3.0,6.0,3.0,1,46,,0.0,1,,,,,,1,46,,0.0,1,1,46,,0.0,They would still get the same amount i got ,33,male,3,engineer,full,4,4,1,1,46,,0.0,1,1
47,ne8pi757,60ff33eea57872b7188f12e2,0,24,24,final_screen,EndOfExperiment,2021-12-13 18:08:22.418779,1,,,5.0,qd0ydl2t,,,,,0,complete_human,0.5,1,0,0,0.1,0,47,,0.0,60ff33eea57872b7188f12e2,1,1,47,,0.0,1,,1,47,,0.0,,,,,,,1,,,,,1,2,,5.0,5,,5.0,5.0,5.0,1,1,47,,0.0,1,1,47,,0.0,It goes into his prolific account.,29,female,2,other,full,0,0,1,1,47,,0.0,1,1
48,gnuvi24w,604fe822b095421e07e3f93e,0,24,24,final_screen,EndOfExperiment,2021-12-13 18:08:24.189549,1,,,5.0,qd0ydl2t,,,,,0,complete_human,0.5,1,0,0,0.1,0,48,,0.0,604fe822b095421e07e3f93e,1,1,48,,0.0,1,,1,48,,0.0,,,,,,,1,,,,,1,2,,5.0,7,,5.0,4.0,4.0,1,1,48,,0.0,1,1,48,,0.0,They receive the payoffs as described and are told if the offers were accepted or rejected.,29,male,3,engineer,full,2,3,1,1,48,,0.0,1,1
49,u9dofqju,614e6cb7ae405c4deb45b906,0,24,24,final_screen,EndOfExperiment,2021-12-13 18:08:24.960197,1,,,0.0,qd0ydl2t,,,,,0,complete_human,0.5,1,0,0,0.1,0,49,,0.0,614e6cb7ae405c4deb45b906,1,1,2,,0.0,10,10.0,1,49,,0.0,,,,,,,1,,,,,1,49,,0.0,1,,,,,,1,49,,0.0,1,1,49,,0.0,they keep it,30,male,2,natural,full,3,2,1,1,49,,0.0,1,1
50,0u9tb2t4,5cbe04b4f429ff00159de30e,0,24,24,final_screen,EndOfExperiment,2021-12-13 18:08:26.096919,1,,,5.0,qd0ydl2t,,,,,0,complete_human,0.5,1,0,0,0.1,0,50,,0.0,5cbe04b4f429ff00159de30e,1,1,1,,5.0,9,5.0,1,50,,0.0,,,,,,,1,,,,,1,50,,0.0,1,,,,,,1,50,,0.0,1,1,50,,0.0,I was afraid that there may be another round and the other participant will have the decision so I decided to be fair.,36,female,2,natural,full,4,4,1,1,50,,0.0,1,1
51,szhfg4f2,55b67c31fdf99b26b999cc1e,0,24,24,final_screen,EndOfExperiment,2021-12-13 18:08:26.533274,1,,,11.0,qd0ydl2t,,,,,0,complete_human,0.5,1,0,0,0.1,0,51,,0.0,55b67c31fdf99b26b999cc1e,1,1,51,,0.0,1,,1,2,,11.0,0.0,1.0,2.0,3.0,4.0,5.0,9,,3.0,6.0,3.0,1,51,,0.0,1,,,,,,1,51,,0.0,1,1,51,,0.0,They get the payoff of what I gave them plus what they had,40,female,1,na,full,3,3,1,1,51,,0.0,1,1
52,0k0jts07,61743e9dc0bc8b79dc07f38b,0,24,24,final_screen,EndOfExperiment,2021-12-13 18:08:26.915317,1,,,10.0,qd0ydl2t,,,,,0,complete_human,0.5,1,0,0,0.1,0,52,,0.0,61743e9dc0bc8b79dc07f38b,1,1,52,,0.0,1,,1,2,,10.0,2.0,3.0,4.0,5.0,6.0,10.0,10,,5.0,10.0,10.0,1,52,,0.0,1,,,,,,1,52,,0.0,1,1,52,,0.0,They earn as well as I do.,29,other,1,other,full,4,3,1,1,52,,0.0,1,1
53,6yidezg1,600c63a5dfb7171357a02440,0,24,24,final_screen,EndOfExperiment,2021-12-13 18:08:26.956081,1,,,5.0,qd0ydl2t,,,,,0,complete_human,0.5,1,0,0,0.1,0,53,,0.0,600c63a5dfb7171357a02440,1,1,53,,0.0,1,,1,53,,0.0,,,,,,,1,,,,,1,2,,5.0,8,,5.0,5.0,5.0,1,1,53,,0.0,1,1,53,,0.0,They get to keep half,24,male,1,law,full,3,3,1,1,53,,0.0,1,1
54,49khy4ar,60e9af9a43403df7e5194222,0,24,24,final_screen,EndOfExperiment,2021-12-13 18:08:28.973966,1,,,5.0,qd0ydl2t,,,,,0,complete_human,0.5,1,0,0,0.1,0,54,,0.0,60e9af9a43403df7e5194222,1,1,54,,0.0,1,,1,54,,0.0,,,,,,,1,,,,,1,2,,5.0,9,,5.0,4.0,3.0,1,1,54,,0.0,1,1,54,,0.0,I think this is the perfect distribution.,33,male,2,psych,no,2,2,1,1,54,,0.0,1,1
55,6bykl86q,5ff51b9e26fd088147de9b26,0,24,24,final_screen,EndOfExperiment,2021-12-13 18:08:28.802139,1,,,5.0,qd0ydl2t,,,,,0,complete_human,0.5,1,0,0,0.1,0,55,,0.0,5ff51b9e26fd088147de9b26,1,1,2,,5.0,9,5.0,1,55,,0.0,,,,,,,1,,,,,1,55,,0.0,1,,,,,,1,55,,0.0,1,1,55,,0.0,they receive their pay ,22,female,2,psych,full,1,0,1,1,55,,0.0,1,1
56,a9aiy57z,5f6e2f793c9b1032dbe72def,0,24,24,final_screen,EndOfExperiment,2021-12-13 18:09:16.769427,1,,,6.0,qd0ydl2t,,,,,0,complete_human,0.5,1,0,0,0.1,0,56,,0.0,5f6e2f793c9b1032dbe72def,1,1,1,,6.0,11,6.0,1,56,,0.0,,,,,,,1,,,,,1,56,,0.0,1,,,,,,1,56,,0.0,1,1,56,,0.0,It might be paid to them exactly as it happened,40,male,2,other,full,3,4,1,1,56,,0.0,1,1
57,xco122d2,6166c0eb123b6e8b34628249,0,24,24,final_screen,EndOfExperiment,2021-12-13 18:09:30.075890,1,,,9.0,qd0ydl2t,,,,,0,complete_human,0.5,1,0,0,0.1,0,57,,0.0,6166c0eb123b6e8b34628249,1,1,57,,0.0,1,,1,1,,9.0,,,,,,,11,,0.0,0.0,0.0,1,57,,0.0,1,,,,,,1,57,,0.0,1,1,57,,0.0,"I think most people will decide to keep all of the money themselves. Therefore, I decided to send no money. ",24,female,2,politics,no,3,4,1,1,57,,0.0,1,1
58,p003be6b,5c0727ff1d461400012b61ee,0,24,24,final_screen,EndOfExperiment,2021-12-13 18:10:45.347984,1,,,5.0,qd0ydl2t,,,,,0,complete_human,0.5,1,0,0,0.1,0,58,,0.0,5c0727ff1d461400012b61ee,1,1,58,,0.0,1,,1,2,,5.0,0.0,1.0,3.0,4.0,6.0,7.0,11,,0.0,0.0,0.0,1,58,,0.0,1,,,,,,1,58,,0.0,1,1,58,,0.0,"I'm not quite sure what you are asking. Are you asking what I think happens to the money that the other person gets? If so, I would assume that it ends up in their balance. ",53,female,1,na,full,3,2,1,1,58,,0.0,1,1
59,e9qgbk37,58c1ce3c3783090001b49355,0,24,24,final_screen,EndOfExperiment,2021-12-13 18:10:48.942519,1,,,2.0,qd0ydl2t,,,,,0,complete_human,0.5,1,0,0,0.1,0,59,,0.0,58c1ce3c3783090001b49355,1,1,59,,0.0,1,,1,59,,0.0,,,,,,,1,,,,,1,1,,2.0,10,,9.0,6.0,5.0,0,1,59,,0.0,1,1,59,,0.0,I assume that the people earn the payoffs that they are promised.  I don't really understand this question to be honest.  ,44,female,2,other_social,full,1,2,1,1,59,,0.0,1,1
60,5s6zizk2,60ff0c8a83c4bf36bf52df28,0,24,24,final_screen,EndOfExperiment,2021-12-13 18:10:49.293828,1,,,0.0,qd0ydl2t,,,,,0,complete_human,0.5,1,0,0,0.1,0,60,,0.0,60ff0c8a83c4bf36bf52df28,1,1,60,,0.0,1,,1,60,,0.0,,,,,,,1,,,,,1,2,,0.0,10,,9.0,6.0,5.0,0,1,60,,0.0,1,1,60,,0.0,They do not earn it if their offer is below the minimum I required,22,female,2,econ,full,2,2,1,1,60,,0.0,1,1
61,9er92lpd,61648bb6ad1eceeee2c056ee,0,24,24,final_screen,EndOfExperiment,2021-12-13 18:10:49.415088,1,,,4.0,qd0ydl2t,,,,,0,complete_human,0.5,1,0,0,0.1,0,61,,0.0,61648bb6ad1eceeee2c056ee,1,1,2,,4.0,11,6.0,1,61,,0.0,,,,,,,1,,,,,1,61,,0.0,1,,,,,,1,61,,0.0,1,1,61,,0.0,Given 0.1 pounds per point kept (exact same point system/payoff to me),26,male,2,med,full,2,2,1,1,61,,0.0,1,1
62,kllboxqu,5aeeb4903c80f200013af2ed,0,3,24,dictator_human,GroupWaitPage,2021-12-13 18:10:50.443384,1,,,0.0,qd0ydl2t,,,,,0,complete_human,0.5,1,0,0,0.1,0,62,,0.0,5aeeb4903c80f200013af2ed,1,1,62,,0.0,1,,1,62,,0.0,,,,,,,1,,,,,1,62,,0.0,1,,,,,,1,62,,0.0,1,1,62,,0.0,,,,,,,,,1,1,62,,0.0,1,1
63,1eufia3o,56210effed6e5a000ac7f3a5,0,24,24,final_screen,EndOfExperiment,2021-12-13 18:10:52.128518,1,,,8.0,qd0ydl2t,,,,,0,complete_human,0.5,1,0,0,0.1,0,63,,0.0,56210effed6e5a000ac7f3a5,1,1,63,,0.0,1,,1,1,,8.0,,,,,,,12,,2.0,2.0,3.0,1,63,,0.0,1,,,,,,1,63,,0.0,1,1,63,,0.0,they will receive the amount to them as a bonus,38,other,2,engineer,full,4,4,1,1,63,,0.0,1,1
64,hnwichw4,6123c6bc3055eec90f7dbabb,0,24,24,final_screen,EndOfExperiment,2021-12-13 18:10:52.433462,1,,,8.0,qd0ydl2t,,,,,0,complete_human,0.5,1,0,0,0.1,0,64,,0.0,6123c6bc3055eec90f7dbabb,1,1,64,,0.0,1,,1,2,,8.0,0.0,2.0,3.0,5.0,6.0,8.0,12,,2.0,2.0,3.0,1,64,,0.0,1,,,,,,1,64,,0.0,1,1,64,,0.0,The other participant keeps the payoffs I had returned to them.,22,male,2,other,no,3,3,1,1,64,,0.0,1,1
65,8yvcncm0,5f3c6e44dc97f2aee9a67c7b,0,24,24,final_screen,EndOfExperiment,2021-12-13 18:10:56.458836,1,,,9.0,qd0ydl2t,,,,,0,complete_human,0.5,1,0,0,0.1,0,65,,0.0,5f3c6e44dc97f2aee9a67c7b,1,1,65,,0.0,1,,1,65,,0.0,,,,,,,1,,,,,1,1,,9.0,11,,5.0,4.0,4.0,1,1,65,,0.0,1,1,65,,0.0,I guess they spend it on stuff.,50,male,2,other,full,2,2,1,1,65,,0.0,1,1
66,gq5sauwh,6085bb66296b0a411198d8fd,0,1,24,introduction,ID,2021-12-13 18:10:56.872483,1,,,0.0,qd0ydl2t,,,,,0,complete_human,0.5,1,0,0,0.1,0,66,,0.0,,1,1,66,,0.0,1,,1,66,,0.0,,,,,,,1,,,,,1,66,,0.0,1,,,,,,1,66,,0.0,1,1,66,,0.0,,,,,,,,,1,1,66,,0.0,1,1
67,vh0q9k88,591d369e88bbb500013a8517,0,24,24,final_screen,EndOfExperiment,2021-12-13 18:10:57.354330,1,,,10.0,qd0ydl2t,,,,,0,complete_human,0.5,1,0,0,0.1,0,67,,0.0,591d369e88bbb500013a8517,1,1,1,,10.0,12,10.0,1,67,,0.0,,,,,,,1,,,,,1,67,,0.0,1,,,,,,1,67,,0.0,1,1,67,,0.0,I think it goes to them the same way that mine goes to me.,50,male,1,na,full,3,3,1,1,67,,0.0,1,1
68,9epq8pg4,60fd6ea5d5e5f804bb6fc4cf,0,24,24,final_screen,EndOfExperiment,2021-12-13 18:10:57.347256,1,,,5.0,qd0ydl2t,,,,,0,complete_human,0.5,1,0,0,0.1,0,68,,0.0,60fd6ea5d5e5f804bb6fc4cf,1,1,1,,5.0,13,5.0,1,68,,0.0,,,,,,,1,,,,,1,68,,0.0,1,,,,,,1,68,,0.0,1,1,68,,0.0,They keep their portion,29,female,2,other,full,1,2,1,1,68,,0.0,1,1
69,6j8din3g,5ea77b0161f86b151f475c8f,0,24,24,final_screen,EndOfExperiment,2021-12-13 18:10:57.527078,1,,,20.0,qd0ydl2t,,,,,0,complete_human,0.5,1,0,0,0.1,0,69,,0.0,5ea77b0161f86b151f475c8f,1,1,69,,0.0,1,,1,1,,20.0,,,,,,,13,,5.0,10.0,20.0,1,69,,0.0,1,,,,,,1,69,,0.0,1,1,69,,0.0,They probably go nowhere because they probably don't exist.,34,male,4,law,full,3,2,1,1,69,,0.0,1,1
70,9vfequ19,60fdd7f6ec1fd96d3c3a2b7a,0,24,24,final_screen,EndOfExperiment,2021-12-13 18:10:57.900585,1,,,0.0,qd0ydl2t,,,,,0,complete_human,0.5,1,0,0,0.1,0,70,,0.0,60fdd7f6ec1fd96d3c3a2b7a,1,1,70,,0.0,1,,1,2,,0.0,5.0,8.0,11.0,14.0,17.0,20.0,13,,5.0,10.0,20.0,1,70,,0.0,1,,,,,,1,70,,0.0,1,1,70,,0.0,They receive the amount I gave back ,19,female,1,psych,part,2,2,1,1,70,,0.0,1,1
71,esfemhmo,56f9364e895094000c8f4967,0,24,24,final_screen,EndOfExperiment,2021-12-13 18:10:58.377159,1,,,7.0,qd0ydl2t,,,,,0,complete_human,0.5,1,0,0,0.1,0,71,,0.0,56f9364e895094000c8f4967,1,1,71,,0.0,1,,1,71,,0.0,,,,,,,1,,,,,1,1,,7.0,13,,5.0,5.0,4.0,1,1,71,,0.0,1,1,71,,0.0,earned as bonus,38,male,2,other,full,3,4,1,1,71,,0.0,1,1
72,luqzin4e,6153cc9cd8ac0521250d0009,0,24,24,final_screen,EndOfExperiment,2021-12-13 18:10:59.882727,1,,,9.0,qd0ydl2t,,,,,0,complete_human,0.5,1,0,0,0.1,0,72,,0.0,6153cc9cd8ac0521250d0009,1,1,72,,0.0,1,,1,72,,0.0,,,,,,,1,,,,,1,1,,9.0,12,,5.0,4.0,4.0,1,1,72,,0.0,1,1,72,,0.0,Hopefully they get paid,53,female,2,other_social,part,3,3,1,1,72,,0.0,1,1
73,vnn258un,6102c8ad26a015adcd8aaac4,0,24,24,final_screen,EndOfExperiment,2021-12-13 18:10:59.735566,1,,,0.0,qd0ydl2t,,,,,0,complete_human,0.5,1,0,0,0.1,0,73,,0.0,6102c8ad26a015adcd8aaac4,1,1,2,,0.0,12,10.0,1,73,,0.0,,,,,,,1,,,,,1,73,,0.0,1,,,,,,1,73,,0.0,1,1,73,,0.0,They receive them? I don't know?,27,female,3,other_social,full,0,1,1,1,73,,0.0,1,1
74,xhhvvfu0,5ad4a9f30f5d3900016a4d8b,0,3,24,dictator_human,GroupWaitPage,2021-12-13 18:10:59.889908,1,,,0.0,qd0ydl2t,,,,,0,complete_human,0.5,1,0,0,0.1,0,74,,0.0,5ad4a9f30f5d3900016a4d8b,1,1,74,,0.0,1,,1,74,,0.0,,,,,,,1,,,,,1,74,,0.0,1,,,,,,1,74,,0.0,1,1,74,,0.0,,,,,,,,,1,1,74,,0.0,1,1
75,rfj7sire,5f4af15a0add63150e16e55a,0,24,24,final_screen,EndOfExperiment,2021-12-13 18:11:00.090262,1,,,8.0,qd0ydl2t,,,,,0,complete_human,0.5,1,0,0,0.1,0,75,,0.0,5f4af15a0add63150e16e55a,1,1,75,,0.0,1,,1,1,,8.0,,,,,,,15,,4.0,4.0,5.0,1,75,,0.0,1,,,,,,1,75,,0.0,1,1,75,,0.0,Im not sure that there was another participant,36,male,4,natural,full,3,4,1,1,75,,0.0,1,1
76,agoqbey3,58e79ac632bebb0001b741ec,0,24,24,final_screen,EndOfExperiment,2021-12-13 18:11:00.111491,1,,,12.0,qd0ydl2t,,,,,0,complete_human,0.5,1,0,0,0.1,0,76,,0.0,58e79ac632bebb0001b741ec,1,1,76,,0.0,1,,1,2,,12.0,0.0,2.0,3.0,4.0,5.0,10.0,15,,4.0,4.0,5.0,1,76,,0.0,1,,,,,,1,76,,0.0,1,1,76,,0.0,I have no idea maybe they are doubled,46,female,1,law,part,3,3,1,1,76,,0.0,1,1
77,qw17mgq7,5dc59aea37023940a0860dea,0,24,24,final_screen,EndOfExperiment,2021-12-13 18:11:00.244621,1,,,5.0,qd0ydl2t,,,,,0,complete_human,0.5,1,0,0,0.1,0,77,,0.0,5dc59aea37023940a0860dea,1,1,77,,0.0,1,,1,77,,0.0,,,,,,,1,,,,,1,2,,5.0,12,,5.0,4.0,4.0,1,1,77,,0.0,1,1,77,,0.0,"The other participant receives the payoff if their offer to me was equal or more than what I agreed to accept. If their offer to me was lower than what I agreed to accept, the other participant and I get nothing.",53,male,2,other,part,3,2,1,1,77,,0.0,1,1
78,z1p5j460,61688317772399d5e4bdcd13,0,24,24,final_screen,EndOfExperiment,2021-12-13 18:11:01.664267,1,,,5.0,qd0ydl2t,,,,,0,complete_human,0.5,1,0,0,0.1,0,78,,0.0,61688317772399d5e4bdcd13,1,1,78,,0.0,1,,1,78,,0.0,,,,,,,1,,,,,1,2,,5.0,11,,5.0,4.0,4.0,1,1,78,,0.0,1,1,78,,0.0,They get it in money. ,40,female,1,other_social,no,2,3,1,1,78,,0.0,1,1
79,w9io4w7e,5c4fa169ee5ae100010a2057,0,24,24,final_screen,EndOfExperiment,2021-12-13 18:11:02.903566,1,,,5.0,qd0ydl2t,,,,,0,complete_human,0.5,1,0,0,0.1,0,79,,0.0,5c4fa169ee5ae100010a2057,1,1,1,,5.0,15,5.0,1,79,,0.0,,,,,,,1,,,,,1,79,,0.0,1,,,,,,1,79,,0.0,1,1,79,,0.0,They will receive a payoff plus a bonus ,41,male,1,na,full,4,4,1,1,79,,0.0,1,1
80,82oiyban,61643da0ffad2d01e7b988b5,0,24,24,final_screen,EndOfExperiment,2021-12-13 18:11:03.677059,1,,,5.0,qd0ydl2t,,,,,0,complete_human,0.5,1,0,0,0.1,0,80,,0.0,61643da0ffad2d01e7b988b5,1,1,2,,5.0,13,5.0,1,80,,0.0,,,,,,,1,,,,,1,80,,0.0,1,,,,,,1,80,,0.0,1,1,80,,0.0,The other participant gets the money.,56,female,4,law,full,3,3,1,1,80,,0.0,1,1
81,dmclsyyo,5f3ac1732efa0a74f975b1a8,0,24,24,final_screen,EndOfExperiment,2021-12-13 18:11:05.471791,1,,,14.0,qd0ydl2t,,,,,0,complete_human,0.5,1,0,0,0.1,0,81,,0.0,5f3ac1732efa0a74f975b1a8,1,1,81,,0.0,1,,1,1,,14.0,,,,,,,14,,5.0,10.0,10.0,1,81,,0.0,1,,,,,,1,81,,0.0,1,1,81,,0.0,I think some get more of a pay off compared to others depending on who is your partner in the game,27,female,1,na,part,3,3,1,1,81,,0.0,1,1
82,8i481afx,601e1253bbecc3279e4fb472,0,24,24,final_screen,EndOfExperiment,2021-12-13 18:11:10.584757,1,,,10.0,qd0ydl2t,,,,,0,complete_human,0.5,1,0,0,0.1,0,82,,0.0,601e1253bbecc3279e4fb472,1,1,82,,0.0,1,,1,2,,10.0,0.0,2.0,4.0,6.0,8.0,10.0,14,,5.0,10.0,10.0,1,82,,0.0,1,,,,,,1,82,,0.0,1,1,82,,0.0,They are able to reciprocate and thus earn everybody the most. ,38,male,3,other,full,3,3,1,1,82,,0.0,1,1
83,u8wx92id,61088c529cff73b187d19e6d,0,24,24,final_screen,EndOfExperiment,2021-12-13 18:11:15.665505,1,,,5.0,qd0ydl2t,,,,,0,complete_human,0.5,1,0,0,0.1,0,83,,0.0,61088c529cff73b187d19e6d,1,1,83,,0.0,1,,1,83,,0.0,,,,,,,1,,,,,1,2,,5.0,13,,5.0,5.0,4.0,1,1,83,,0.0,1,1,83,,0.0,I don't think there was another particpant i think it may have been a computer. ,39,female,2,other_social,full,3,4,1,1,83,,0.0,1,1
84,tqq8tw11,616d9ef881036dfbfd63d2f4,0,15,24,ultimatum_human_strategy,GroupWaitPage,2021-12-13 18:11:21.989075,1,,,0.0,qd0ydl2t,,,,,0,complete_human,0.5,1,0,0,0.1,0,84,,0.0,616d9ef881036dfbfd63d2f4,1,1,84,,0.0,1,,1,84,,0.0,,,,,,,1,,,,,1,84,,0.0,1,,,,,,1,84,,0.0,1,1,84,,0.0,,,,,,,,,1,1,84,,0.0,1,1
85,2fq6wncr,5f69f9dbe18c880116b0f178,0,24,24,final_screen,EndOfExperiment,2021-12-13 18:11:24.895495,1,,,5.0,qd0ydl2t,,,,,0,complete_human,0.5,1,0,0,0.1,0,85,,0.0,5f69f9dbe18c880116b0f178,1,1,2,,5.0,14,5.0,1,85,,0.0,,,,,,,1,,,,,1,85,,0.0,1,,,,,,1,85,,0.0,1,1,85,,0.0,I think they had the same conditions I did. They had 10 points and each point has a value of 0.1 pounds.,33,female,3,econ,full,1,2,1,1,85,,0.0,1,1
86,e9xv7r9a,615efd1df11a7d21f0f12f68,0,24,24,final_screen,EndOfExperiment,2021-12-13 18:11:25.570212,1,,,10.0,qd0ydl2t,,,,,0,complete_human,0.5,1,0,0,0.1,0,86,,0.0,615efd1df11a7d21f0f12f68,1,1,1,,10.0,16,10.0,1,86,,0.0,,,,,,,1,,,,,1,86,,0.0,1,,,,,,1,86,,0.0,1,1,86,,0.0,I think he only gets the base payment,33,female,2,econ,full,2,2,1,1,86,,0.0,1,1
87,yweb1me0,58a50aebbb9e0f0001aca2a7,0,24,24,final_screen,EndOfExperiment,2021-12-13 18:12:04.830789,1,,,0.0,qd0ydl2t,,,,,0,complete_human,0.5,1,0,0,0.1,0,87,,0.0,58a50aebbb9e0f0001aca2a7,1,1,87,,0.0,1,,1,1,,0.0,,,,,,,16,,5.0,10.0,0.0,1,87,,0.0,1,,,,,,1,87,,0.0,1,1,87,,0.0,The other participants get bonus which should have been partially mine.,43,male,3,law,part,3,3,1,1,87,,0.0,1,1
88,mf9cno75,568e7144e3ef9e000da20149,0,24,24,final_screen,EndOfExperiment,2021-12-13 18:12:59.806459,1,,,20.0,qd0ydl2t,,,,,0,complete_human,0.5,1,0,0,0.1,0,88,,0.0,568e7144e3ef9e000da20149,1,1,88,,0.0,1,,1,2,,20.0,0.0,0.0,0.0,0.0,0.0,0.0,16,,5.0,10.0,0.0,1,88,,0.0,1,,,,,,1,88,,0.0,1,1,88,,0.0,tipled(tripled lol) when sent to me,37,male,1,na,full,3,3,1,1,88,,0.0,1,1
89,xpw8xhd6,5ea90a840928983752c88275,0,24,24,final_screen,EndOfExperiment,2021-12-13 18:13:48.099298,1,,,7.0,qd0ydl2t,,,,,0,complete_human,0.5,1,0,0,0.1,0,89,,0.0,5ea90a840928983752c88275,1,1,89,,0.0,1,,1,89,,0.0,,,,,,,1,,,,,1,1,,7.0,14,,5.0,6.0,5.0,1,1,89,,0.0,1,1,89,,0.0,Given in their study account.,37,male,3,econ,full,3,3,1,1,89,,0.0,1,1
90,cz5zdcya,60fc7d423aa600bbb01b7813,0,24,24,final_screen,EndOfExperiment,2021-12-13 18:13:52.126950,1,,,5.0,qd0ydl2t,,,,,0,complete_human,0.5,1,0,0,0.1,0,90,,0.0,60fc7d423aa600bbb01b7813,1,1,90,,0.0,1,,1,90,,0.0,,,,,,,1,,,,,1,2,,5.0,14,,5.0,6.0,5.0,1,1,90,,0.0,1,1,90,,0.0,"If the other participant is a real person and not a computer system, I think the other participant will keep the 5 points and also earn an addition to the base pay.",22,female,1,other,no,1,1,1,1,90,,0.0,1,1
91,yvq2p5z2,6095a3cfda27eb98bb3b74f0,0,24,24,final_screen,EndOfExperiment,2021-12-13 18:14:05.878342,1,,,5.0,qd0ydl2t,,,,,0,complete_human,0.5,1,0,0,0.1,0,91,,0.0,6095a3cfda27eb98bb3b74f0,1,1,2,,5.0,15,5.0,1,91,,0.0,,,,,,,1,,,,,1,91,,0.0,1,,,,,,1,91,,0.0,1,1,91,,0.0,They receive them?  I'm not really sure what else would happen to them.,44,male,1,engineer,full,3,4,1,1,91,,0.0,1,1
92,nel7r0km,616f727b03e888e0f8213eec,0,24,24,final_screen,EndOfExperiment,2021-12-13 18:15:36.099054,1,,,0.0,qd0ydl2t,,,,,0,complete_human,0.5,1,0,0,0.1,0,92,,0.0,616f727b03e888e0f8213eec,1,1,2,,0.0,16,10.0,1,92,,0.0,,,,,,,1,,,,,1,92,,0.0,1,,,,,,1,92,,0.0,1,1,92,,0.0,decision-making,30,male,2,engineer,full,2,3,1,1,92,,0.0,1,1
93,sv2wvcor,5a0b8d4c7ecfc50001be130d,0,24,24,final_screen,EndOfExperiment,2021-12-13 19:03:55.970995,1,,,8.0,qd0ydl2t,,,,,0,complete_human,0.5,1,0,0,0.1,0,93,,0.0,5a0b8d4c7ecfc50001be130d,1,1,93,,0.0,1,,1,1,,8.0,,,,,,,17,,3.0,0.0,6.0,1,93,,0.0,1,,,,,,1,93,,0.0,1,1,93,,0.0,they receive it,30,female,1,other,part,0,2,1,1,93,,0.0,1,1
94,mtpnnixp,5af7094225561e00013acd70,0,24,24,final_screen,EndOfExperiment,2021-12-13 19:03:58.946639,1,,,8.0,qd0ydl2t,,,,,0,complete_human,0.5,1,0,0,0.1,0,94,,0.0,5af7094225561e00013acd70,1,1,94,,0.0,1,,1,2,,8.0,0.0,1.0,4.0,6.0,8.0,10.0,17,,3.0,0.0,6.0,1,94,,0.0,1,,,,,,1,94,,0.0,1,1,94,,0.0,They get paid to the other participant? Hopefully.,34,male,2,psych,full,3,3,1,1,94,,0.0,1,1
95,mu9j8amj,5b6259be5256470001bd0c6d,0,24,24,final_screen,EndOfExperiment,2021-12-13 19:03:59.170193,1,,,7.0,qd0ydl2t,,,,,0,complete_human,0.5,1,0,0,0.1,0,95,,0.0,5b6259be5256470001bd0c6d,1,1,95,,0.0,1,,1,95,,0.0,,,,,,,1,,,,,1,1,,7.0,15,,5.0,4.0,5.0,1,1,95,,0.0,1,1,95,,0.0,I think they will be informed of how much they won and sent the payment as a bonus through Prolific.,35,male,1,na,no,3,4,1,1,95,,0.0,1,1
96,z8jozpro,5eaef287fb863f5c922abad9,0,24,24,final_screen,EndOfExperiment,2021-12-13 19:03:59.412278,1,,,5.0,qd0ydl2t,,,,,0,complete_human,0.5,1,0,0,0.1,0,96,,0.0,5eaef287fb863f5c922abad9,1,1,96,,0.0,1,,1,96,,0.0,,,,,,,1,,,,,1,2,,5.0,15,,5.0,4.0,5.0,1,1,96,,0.0,1,1,96,,0.0,I think that they will accept the money,20,female,1,med,no,3,3,1,1,96,,0.0,1,1
97,sg198n29,5c4684826a7dbc00017c0a87,0,24,24,final_screen,EndOfExperiment,2021-12-13 19:04:00.393404,1,,,10.0,qd0ydl2t,,,,,0,complete_human,0.5,1,0,0,0.1,0,97,,0.0,5c4684826a7dbc00017c0a87,1,1,1,,10.0,17,10.0,1,97,,0.0,,,,,,,1,,,,,1,97,,0.0,1,,,,,,1,97,,0.0,1,1,97,,0.0,They keep the base rate,22,other,1,na,no,3,4,1,1,97,,0.0,1,1
98,lijanq5r,5f969b802a498b000aab2571,0,24,24,final_screen,EndOfExperiment,2021-12-13 19:04:01.592382,1,,,6.0,qd0ydl2t,,,,,0,complete_human,0.5,1,0,0,0.1,0,98,,0.0,5f969b802a498b000aab2571,1,1,1,,6.0,18,6.0,1,98,,0.0,,,,,,,1,,,,,1,98,,0.0,1,,,,,,1,98,,0.0,1,1,98,,0.0,"I hope they receive a larger amount too. I thought maybe it was lottery points so now, I feel a little badly that I didn't split it half and half. When I thought it was just opportunity, I took more hoping for better chance but I feel bad that it equated to real payment.",42,female,3,psych,part,3,4,1,1,98,,0.0,1,1
99,n4wpbh9w,5e24fbd4e1f467771c234e5f,0,24,24,final_screen,EndOfExperiment,2021-12-13 19:04:02.172850,1,,,9.0,qd0ydl2t,,,,,0,complete_human,0.5,1,0,0,0.1,0,99,,0.0,5e24fbd4e1f467771c234e5f,1,1,99,,0.0,1,,1,1,,9.0,,,,,,,21,,3.0,4.0,7.0,1,99,,0.0,1,,,,,,1,99,,0.0,1,1,99,,0.0,I had to decide the payout for each participant.,36,female,1,engineer,part,3,3,1,1,99,,0.0,1,1
100,jvfuq5o8,57d0a0bee3221e00015fe385,0,24,24,final_screen,EndOfExperiment,2021-12-13 19:04:02.931282,1,,,11.0,qd0ydl2t,,,,,0,complete_human,0.5,1,0,0,0.1,0,100,,0.0,57d0a0bee3221e00015fe385,1,1,100,,0.0,1,,1,1,,11.0,,,,,,,18,,5.0,10.0,9.0,1,100,,0.0,1,,,,,,1,100,,0.0,1,1,100,,0.0,they get to keep it? not sure what you're asking,37,male,1,na,full,1,3,1,1,100,,0.0,1,1
101,lgcx82ab,5f16f559325a640008bb9a07,0,24,24,final_screen,EndOfExperiment,2021-12-13 19:04:03.453300,1,,,2.0,qd0ydl2t,,,,,0,complete_human,0.5,1,0,0,0.1,0,101,,0.0,5f16f559325a640008bb9a07,1,1,101,,0.0,1,,1,101,,0.0,,,,,,,1,,,,,1,1,,2.0,16,,8.0,4.0,5.0,0,1,101,,0.0,1,1,101,,0.0,they keep it,34,male,2,law,full,3,3,1,1,101,,0.0,1,1
102,x38cyic5,5ff591cba89e1b000bfb9852,0,24,24,final_screen,EndOfExperiment,2021-12-13 19:04:03.412675,1,,,0.0,qd0ydl2t,,,,,0,complete_human,0.5,1,0,0,0.1,0,102,,0.0,5ff591cba89e1b000bfb9852,1,1,102,,0.0,1,,1,102,,0.0,,,,,,,1,,,,,1,2,,0.0,16,,8.0,4.0,5.0,0,1,102,,0.0,1,1,102,,0.0,They keep them for themselves,35,male,1,na,full,3,4,1,1,102,,0.0,1,1
103,2yb4bpaa,5a78e410ae9a0b0001a97274,0,24,24,final_screen,EndOfExperiment,2021-12-13 19:04:03.550935,1,,,0.0,qd0ydl2t,,,,,0,complete_human,0.5,1,0,0,0.1,0,103,,0.0,5a78e410ae9a0b0001a97274,1,1,2,,0.0,17,10.0,1,103,,0.0,,,,,,,1,,,,,1,103,,0.0,1,,,,,,1,103,,0.0,1,1,103,,0.0,They get a bonus for them,30,female,1,other,no,3,4,1,1,103,,0.0,1,1
104,1ygcliwl,5589c7cefdf99b18bd86cf31,0,24,24,final_screen,EndOfExperiment,2021-12-13 19:04:04.697536,1,,,10.0,qd0ydl2t,,,,,0,complete_human,0.5,1,0,0,0.1,0,104,,0.0,5589c7cefdf99b18bd86cf31,1,1,1,,10.0,22,10.0,1,104,,0.0,,,,,,,1,,,,,1,104,,0.0,1,,,,,,1,104,,0.0,1,1,104,,0.0,he gets nothing,38,male,2,other,full,4,4,1,1,104,,0.0,1,1
105,vw3q8t1s,5bc0ac845a09ea00012e2d30,0,24,24,final_screen,EndOfExperiment,2021-12-13 19:04:04.705635,1,,,5.0,qd0ydl2t,,,,,0,complete_human,0.5,1,0,0,0.1,0,105,,0.0,5bc0ac845a09ea00012e2d30,1,1,105,,0.0,1,,1,1,,5.0,,,,,,,19,,5.0,10.0,5.0,1,105,,0.0,1,,,,,,1,105,,0.0,1,1,105,,0.0,I think they receive it as a bonus.,34,female,1,other,part,1,4,1,1,105,,0.0,1,1
106,mfipp5xl,5c935d881754ba001b25697a,0,24,24,final_screen,EndOfExperiment,2021-12-13 19:04:05.381755,1,,,10.0,qd0ydl2t,,,,,0,complete_human,0.5,1,0,0,0.1,0,106,,0.0,5c935d881754ba001b25697a,1,1,106,,0.0,1,,1,1,,10.0,,,,,,,20,,3.0,5.0,7.0,1,106,,0.0,1,,,,,,1,106,,0.0,1,1,106,,0.0,I imagine they keep those amounts?,37,female,2,engineer,full,3,3,1,1,106,,0.0,1,1
107,6hxf6bfi,5adeb4e9f6b58c0001fa70aa,0,24,24,final_screen,EndOfExperiment,2021-12-13 19:04:08.913389,1,,,2.0,qd0ydl2t,,,,,0,complete_human,0.5,1,0,0,0.1,0,107,,0.0,5adeb4e9f6b58c0001fa70aa,1,1,107,,0.0,1,,1,107,,0.0,,,,,,,1,,,,,1,1,,2.0,19,,10.0,4.0,3.0,0,1,107,,0.0,1,1,107,,0.0,He receives them,23,male,1,na,no,3,4,1,1,107,,0.0,1,1
108,lsszarjh,5993020a5f49420001caf86b,0,24,24,final_screen,EndOfExperiment,2021-12-13 19:04:09.095745,1,,,4.0,qd0ydl2t,,,,,0,complete_human,0.5,1,0,0,0.1,0,108,,0.0,5993020a5f49420001caf86b,1,1,108,,0.0,1,,1,108,,0.0,,,,,,,1,,,,,1,1,,4.0,18,,8.0,5.0,5.0,0,1,108,,0.0,1,1,108,,0.0,I don't think they are real but a hypothetical situation.,52,female,3,other,full,2,3,1,1,108,,0.0,1,1
109,ysc121oj,5fefa70c30cadfb105b65915,0,24,24,final_screen,EndOfExperiment,2021-12-13 19:04:09.638753,1,,,5.0,qd0ydl2t,,,,,0,complete_human,0.5,1,0,0,0.1,0,109,,0.0,5fefa70c30cadfb105b65915,1,1,1,,5.0,20,5.0,1,109,,0.0,,,,,,,1,,,,,1,109,,0.0,1,,,,,,1,109,,0.0,1,1,109,,0.0,I assume it gets paid out as a bonus to them. ,57,female,2,other,no,3,4,1,1,109,,0.0,1,1
110,jhshxvc7,614e2a0633223cd40a849ee3,0,24,24,final_screen,EndOfExperiment,2021-12-13 19:04:09.951214,1,,,5.0,qd0ydl2t,,,,,0,complete_human,0.5,1,0,0,0.1,0,110,,0.0,614e2a0633223cd40a849ee3,1,1,1,,5.0,19,5.0,1,110,,0.0,,,,,,,1,,,,,1,110,,0.0,1,,,,,,1,110,,0.0,1,1,110,,0.0,They many get more or less payout depending on how the study is conducted.  Does greed = higher payout or does equity = high payout.,38,male,2,other,full,2,2,1,1,110,,0.0,1,1
111,tbcurf3e,588e8b95670d6600012bd8dc,0,24,24,final_screen,EndOfExperiment,2021-12-13 19:04:10.001510,1,,,15.0,qd0ydl2t,,,,,0,complete_human,0.5,1,0,0,0.1,0,111,,0.0,588e8b95670d6600012bd8dc,1,1,111,,0.0,1,,1,2,,15.0,0.0,1.0,2.0,3.0,4.0,5.0,19,,5.0,10.0,5.0,1,111,,0.0,1,,,,,,1,111,,0.0,1,1,111,,0.0,They are translated into their bonus.,54,female,1,na,full,3,3,1,1,111,,0.0,1,1
112,e3t32v3x,5d37d2861566530016a061de,0,24,24,final_screen,EndOfExperiment,2021-12-13 19:04:10.477684,1,,,11.0,qd0ydl2t,,,,,0,complete_human,0.5,1,0,0,0.1,0,112,,0.0,5d37d2861566530016a061de,1,1,112,,0.0,1,,1,2,,11.0,2.0,3.0,4.0,6.0,8.0,9.0,18,,5.0,10.0,9.0,1,112,,0.0,1,,,,,,1,112,,0.0,1,1,112,,0.0,It is tripled  ,44,male,1,other,full,3,3,1,1,112,,0.0,1,1
113,mec8hjey,56f7982b35c4760006278c61,0,24,24,final_screen,EndOfExperiment,2021-12-13 19:04:10.430003,1,,,9.0,qd0ydl2t,,,,,0,complete_human,0.5,1,0,0,0.1,0,113,,0.0,56f7982b35c4760006278c61,1,1,113,,0.0,1,,1,113,,0.0,,,,,,,1,,,,,1,1,,9.0,17,,5.0,5.0,5.0,1,1,113,,0.0,1,1,113,,0.0,They receive it.,34,male,2,other_social,full,3,4,1,1,113,,0.0,1,1
114,lbbr4acw,6111986f4a5008037f6fe7f5,0,24,24,final_screen,EndOfExperiment,2021-12-13 19:04:11.361859,1,,,5.0,qd0ydl2t,,,,,0,complete_human,0.5,1,0,0,0.1,0,114,,0.0,6111986f4a5008037f6fe7f5,1,1,114,,0.0,1,,1,114,,0.0,,,,,,,1,,,,,1,2,,5.0,17,,5.0,5.0,5.0,1,1,114,,0.0,1,1,114,,0.0,I am not sure. ,25,female,2,other,full,3,2,1,1,114,,0.0,1,1
115,ltqflwzf,5f5353ff017c5965165df065,0,24,24,final_screen,EndOfExperiment,2021-12-13 19:04:12.525692,1,,,4.0,qd0ydl2t,,,,,0,complete_human,0.5,1,0,0,0.1,0,115,,0.0,5f5353ff017c5965165df065,1,1,2,,4.0,18,6.0,1,115,,0.0,,,,,,,1,,,,,1,115,,0.0,1,,,,,,1,115,,0.0,1,1,115,,0.0,I think they get it as a bonus,36,female,2,other,part,1,2,1,1,115,,0.0,1,1
116,msuhjscb,6101c2aaf8555a745cfb472b,0,24,24,final_screen,EndOfExperiment,2021-12-13 19:04:13.803415,1,,,5.0,qd0ydl2t,,,,,0,complete_human,0.5,1,0,0,0.1,0,116,,0.0,6101c2aaf8555a745cfb472b,1,1,2,,5.0,19,5.0,1,116,,0.0,,,,,,,1,,,,,1,116,,0.0,1,,,,,,1,116,,0.0,1,1,116,,0.0,I get it,50,female,1,na,no,0,2,1,1,116,,0.0,1,1
117,cmcp2nj1,61006ef97b3147b00cccf8cd,0,24,24,final_screen,EndOfExperiment,2021-12-13 19:04:14.443835,1,,,7.0,qd0ydl2t,,,,,0,complete_human,0.5,1,0,0,0.1,0,117,,0.0,61006ef97b3147b00cccf8cd,1,1,117,,0.0,1,,1,2,,7.0,2.0,4.0,5.0,7.0,8.0,10.0,21,,3.0,4.0,7.0,1,117,,0.0,1,,,,,,1,117,,0.0,1,1,117,,0.0,The other participant receives his/her payment through prolific.,23,female,2,other,full,1,2,1,1,117,,0.0,1,1
118,yzor1xqf,569cffa09e8363000c3087cd,0,24,24,final_screen,EndOfExperiment,2021-12-13 19:04:14.906508,1,,,7.0,qd0ydl2t,,,,,0,complete_human,0.5,1,0,0,0.1,0,118,,0.0,569cffa09e8363000c3087cd,1,1,118,,0.0,1,,1,2,,7.0,2.0,4.0,5.0,7.0,8.0,10.0,20,,3.0,5.0,7.0,1,118,,0.0,1,,,,,,1,118,,0.0,1,1,118,,0.0,they receive them as well,27,male,2,med,full,0,4,1,1,118,,0.0,1,1
119,mud4eavm,5f03ba3355b1f25f0e07a7ff,0,24,24,final_screen,EndOfExperiment,2021-12-13 19:04:18.564602,1,,,0.0,qd0ydl2t,,,,,0,complete_human,0.5,1,0,0,0.1,0,119,,0.0,5f03ba3355b1f25f0e07a7ff,1,1,119,,0.0,1,,1,119,,0.0,,,,,,,1,,,,,1,2,,0.0,18,,8.0,5.0,5.0,0,1,119,,0.0,1,1,119,,0.0,they get them if it is accepted,20,female,1,other_social,no,1,3,1,1,119,,0.0,1,1
120,zy65yaay,5d83c1e911cb3a0001570ea4,0,24,24,final_screen,EndOfExperiment,2021-12-13 19:04:22.869065,1,,,0.0,qd0ydl2t,,,,,0,complete_human,0.5,1,0,0,0.1,0,120,,0.0,5d83c1e911cb3a0001570ea4,1,1,120,,0.0,1,,1,120,,0.0,,,,,,,1,,,,,1,2,,0.0,19,,10.0,4.0,3.0,0,1,120,,0.0,1,1,120,,0.0,"I assumed that the payoffs earned by the other participant would be theirs to keep and would be added to their payment for this study. However, in this study I completed, neither of us earned anything in addition to the base pay. The other participant chose to keep all 10 points for himself, and I was willing to accept a minimum of 3 points. ",51,female,2,other,no,1,2,1,1,120,,0.0,1,1
121,byoz9p3d,5dd352c51c219b35931aefd1,0,24,24,final_screen,EndOfExperiment,2021-12-13 19:04:49.905442,1,,,5.0,qd0ydl2t,,,,,0,complete_human,0.5,1,0,0,0.1,0,121,,0.0,5dd352c51c219b35931aefd1,1,1,2,,5.0,20,5.0,1,121,,0.0,,,,,,,1,,,,,1,121,,0.0,1,,,,,,1,121,,0.0,1,1,121,,0.0,I think the other participant will earn a bonus of 50 cents like I did ,57,female,2,psych,full,2,3,1,1,121,,0.0,1,1
122,iue3q9v1,6107047fbafeaf147ba228c0,0,24,24,final_screen,EndOfExperiment,2021-12-13 19:05:39.812904,1,,,5.0,qd0ydl2t,,,,,0,complete_human,0.5,1,0,0,0.1,0,122,,0.0,6107047fbafeaf147ba228c0,1,1,1,,5.0,21,5.0,1,122,,0.0,,,,,,,1,,,,,1,122,,0.0,1,,,,,,1,122,,0.0,1,1,122,,0.0,The participant gets to keep them.,22,female,2,med,part,1,2,1,1,122,,0.0,1,1
123,irczu8lq,611c566a4412b71fd8fb5e20,0,24,24,final_screen,EndOfExperiment,2021-12-13 19:05:57.585906,1,,,9.0,qd0ydl2t,,,,,0,complete_human,0.5,1,0,0,0.1,0,123,,0.0,611c566a4412b71fd8fb5e20,1,1,123,,0.0,1,,1,1,,9.0,,,,,,,22,,2.0,5.0,4.0,1,123,,0.0,1,,,,,,1,123,,0.0,1,1,123,,0.0,There might not be a participant 2 at all and it's made up,21,female,1,na,no,1,0,1,1,123,,0.0,1,1
124,2xmfs16y,5bbf916162b9aa00011466a3,0,24,24,final_screen,EndOfExperiment,2021-12-13 19:07:30.304290,1,,,7.0,qd0ydl2t,,,,,0,complete_human,0.5,1,0,0,0.1,0,124,,0.0,243AD98C,1,1,124,,0.0,1,,1,2,,7.0,2.0,3.0,4.0,6.0,8.0,13.0,22,,2.0,5.0,4.0,1,124,,0.0,1,,,,,,1,124,,0.0,1,1,124,,0.0,"I think they are inversely relatd to what I ultimately get paid.  The more for them, the less for me",64,female,2,econ,no,1,1,1,1,124,,0.0,1,1
125,vpinomlh,60860909dc3bd4f7efeaef14,0,24,24,final_screen,EndOfExperiment,2021-12-13 19:07:31.573169,1,,,5.0,qd0ydl2t,,,,,0,complete_human,0.5,1,0,0,0.1,0,125,,0.0,60860909dc3bd4f7efeaef14,1,1,125,,0.0,1,,1,125,,0.0,,,,,,,1,,,,,1,1,,5.0,20,,5.0,0.0,4.0,1,1,125,,0.0,1,1,125,,0.0,they get them,50,female,2,other,no,2,2,1,1,125,,0.0,1,1
126,2kv6716x,57dd1a741334540001170404,0,24,24,final_screen,EndOfExperiment,2021-12-13 19:07:41.293983,1,,,5.0,qd0ydl2t,,,,,0,complete_human,0.5,1,0,0,0.1,0,126,,0.0,57dd1a741334540001170404,1,1,126,,0.0,1,,1,126,,0.0,,,,,,,1,,,,,1,2,,5.0,20,,5.0,0.0,4.0,1,1,126,,0.0,1,1,126,,0.0,They are converted into a bonus and then paid to them.,44,male,1,other,full,3,2,1,1,126,,0.0,1,1
127,xepotbdr,61573df2a779b544c3729b54,0,24,24,final_screen,EndOfExperiment,2021-12-13 19:07:54.617726,1,,,5.0,qd0ydl2t,,,,,0,complete_human,0.5,1,0,0,0.1,0,127,,0.0,61573df2a779b544c3729b54,1,1,2,,5.0,21,5.0,1,127,,0.0,,,,,,,1,,,,,1,127,,0.0,1,,,,,,1,127,,0.0,1,1,127,,0.0,They will get their payoffs on the rule of that.,28,female,2,engineer,part,4,4,1,1,127,,0.0,1,1
128,1va28dii,6125b040ffa3c0b9e67b92c9,0,24,24,final_screen,EndOfExperiment,2021-12-13 19:09:13.607291,1,,,0.0,qd0ydl2t,,,,,0,complete_human,0.5,1,0,0,0.1,0,128,,0.0,6125b040ffa3c0b9e67b92c9,1,1,2,,0.0,22,10.0,1,128,,0.0,,,,,,,1,,,,,1,128,,0.0,1,,,,,,1,128,,0.0,1,1,128,,0.0,they keep them,25,male,2,other,no,1,1,1,1,128,,0.0,1,1
129,kt95kpry,561bbdf9811d22000df3138a,0,24,24,final_screen,EndOfExperiment,2021-12-13 19:14:55.956613,1,,,14.0,qd0ydl2t,,,,,0,complete_human,0.5,1,0,0,0.1,0,129,,0.0,561bbdf9811d22000df3138a,1,1,129,,0.0,1,,1,1,,14.0,,,,,,,23,,5.0,10.0,10.0,1,129,,0.0,1,,,,,,1,129,,0.0,1,1,129,,0.0,I think that they will also get a bonus. ,37,male,2,other_social,full,2,3,1,1,129,,0.0,1,1
130,j1q2iv7q,5685850c333cbd000d4e042f,0,24,24,final_screen,EndOfExperiment,2021-12-13 19:16:52.777637,1,,,10.0,qd0ydl2t,,,,,0,complete_human,0.5,1,0,0,0.1,0,130,,0.0,5685850c333cbd000d4e042f,1,1,130,,0.0,1,,1,2,,10.0,0.0,1.0,3.0,4.0,8.0,10.0,23,,5.0,10.0,10.0,1,130,,0.0,1,,,,,,1,130,,0.0,1,1,130,,0.0,I think they earn them according to the rules of the experiment and how their partner (me) made their decisions.,27,male,1,na,no,3,3,1,1,130,,0.0,1,1
131,8z1q5fo3,5ed88b61ff2fef399ca66d92,0,24,24,final_screen,EndOfExperiment,2021-12-13 19:25:13.295058,1,,,5.0,qd0ydl2t,,,,,0,complete_human,0.5,1,0,0,0.1,0,131,,0.0,5ed88b61ff2fef399ca66d92,1,1,131,,0.0,1,,1,131,,0.0,,,,,,,1,,,,,1,1,,5.0,21,,5.0,0.0,4.0,1,1,131,,0.0,1,1,131,,0.0,The other participant will get the payoff,22,male,1,econ,no,4,3,1,1,131,,0.0,1,1
132,q580hxva,600c66fafe6f05135db8ede9,0,24,24,final_screen,EndOfExperiment,2021-12-13 19:25:13.219521,1,,,5.0,qd0ydl2t,,,,,0,complete_human,0.5,1,0,0,0.1,0,132,,0.0,600c66fafe6f05135db8ede9,1,1,132,,0.0,1,,1,132,,0.0,,,,,,,1,,,,,1,2,,5.0,21,,5.0,0.0,4.0,1,1,132,,0.0,1,1,132,,0.0,To be honest i have no idea.,20,male,1,na,full,2,2,1,1,132,,0.0,1,1
133,skduf90n,615d051e2366aeb051acb734,0,24,24,final_screen,EndOfExperiment,2021-12-13 19:25:14.386635,1,,,5.0,qd0ydl2t,,,,,0,complete_human,0.5,1,0,0,0.1,0,133,,0.0,615d051e2366aeb051acb734,1,1,1,,5.0,26,5.0,1,133,,0.0,,,,,,,1,,,,,1,133,,0.0,1,,,,,,1,133,,0.0,1,1,133,,0.0,I have no idea.... I hope the other participant got exactly the points I relocated to the other participant,29,female,3,natural,full,4,4,1,1,133,,0.0,1,1
134,lr6bt3x0,5f121091e95fdc03b5e897d0,0,24,24,final_screen,EndOfExperiment,2021-12-13 19:25:14.909302,1,,,5.0,qd0ydl2t,,,,,0,complete_human,0.5,1,0,0,0.1,0,134,,0.0,5f121091e95fdc03b5e897d0,1,1,1,,5.0,23,5.0,1,134,,0.0,,,,,,,1,,,,,1,134,,0.0,1,,,,,,1,134,,0.0,1,1,134,,0.0,I'm honestly not sure. ,28,female,1,other,no,0,0,1,1,134,,0.0,1,1
135,e7x9xfd1,611ff6cc935b6de3fff0b896,0,24,24,final_screen,EndOfExperiment,2021-12-13 19:25:15.324131,1,,,14.0,qd0ydl2t,,,,,0,complete_human,0.5,1,0,0,0.1,0,135,,0.0,611ff6cc935b6de3fff0b896,1,1,135,,0.0,1,,1,1,,14.0,,,,,,,25,,5.0,10.0,10.0,1,135,,0.0,1,,,,,,1,135,,0.0,1,1,135,,0.0,The other participant earned more points then I did,28,female,2,natural,full,1,0,1,1,135,,0.0,1,1
136,wig7cwr2,610c255527970227a005623e,0,24,24,final_screen,EndOfExperiment,2021-12-13 19:25:15.472972,1,,,10.0,qd0ydl2t,,,,,0,complete_human,0.5,1,0,0,0.1,0,136,,0.0,610c255527970227a005623e,1,1,136,,0.0,1,,1,2,,10.0,0.0,2.0,4.0,6.0,8.0,10.0,25,,5.0,10.0,10.0,1,136,,0.0,1,,,,,,1,136,,0.0,1,1,136,,0.0,They earn the money,28,male,2,med,full,3,3,1,1,136,,0.0,1,1
137,t84snq20,59a1ddac5dfd6b000152601f,0,24,24,final_screen,EndOfExperiment,2021-12-13 19:25:16.527689,1,,,2.0,qd0ydl2t,,,,,0,complete_human,0.5,1,0,0,0.1,0,137,,0.0,59a1ddac5dfd6b000152601f,1,1,137,,0.0,1,,1,137,,0.0,,,,,,,1,,,,,1,1,,2.0,27,,7.0,3.0,4.0,0,1,137,,0.0,1,1,137,,0.0,I think they take it. ,33,male,2,econ,full,3,3,1,1,137,,0.0,1,1
138,c8dgacxs,5c1655c7ad682500017070d2,0,24,24,final_screen,EndOfExperiment,2021-12-13 19:25:17.347598,1,,,5.0,qd0ydl2t,,,,,0,complete_human,0.5,1,0,0,0.1,0,138,,0.0,5c1655c7ad682500017070d2,1,1,138,,0.0,1,,1,138,,0.0,,,,,,,1,,,,,1,1,,5.0,22,,5.0,5.0,0.0,1,1,138,,0.0,1,1,138,,0.0,I think that they would receive that amount as a bonus payment.,33,male,1,other,full,1,1,1,1,138,,0.0,1,1
139,fsiu2x0c,61562037d8d42a74687762c6,0,24,24,final_screen,EndOfExperiment,2021-12-13 19:25:17.599569,1,,,5.0,qd0ydl2t,,,,,0,complete_human,0.5,1,0,0,0.1,0,139,,0.0,61562037d8d42a74687762c6,1,1,1,,5.0,25,5.0,1,139,,0.0,,,,,,,1,,,,,1,139,,0.0,1,,,,,,1,139,,0.0,1,1,139,,0.0,I think that they will receive an equal ammount,27,male,2,law,part,3,3,1,1,139,,0.0,1,1
140,ydgumf0b,613536e3238caf9fc20ea9e7,0,24,24,final_screen,EndOfExperiment,2021-12-13 19:25:19.229946,1,,,5.0,qd0ydl2t,,,,,0,complete_human,0.5,1,0,0,0.1,0,140,,0.0,613536e3238caf9fc20ea9e7,1,1,1,,5.0,24,5.0,1,140,,0.0,,,,,,,1,,,,,1,140,,0.0,1,,,,,,1,140,,0.0,1,1,140,,0.0,They are given to the other participant,20,male,1,med,no,2,2,1,1,140,,0.0,1,1
141,vl363n9i,5d5181fc842e8600171e5a78,0,24,24,final_screen,EndOfExperiment,2021-12-13 19:25:22.116014,1,,,4.0,qd0ydl2t,,,,,0,complete_human,0.5,1,0,0,0.1,0,141,,0.0,5d5181fc842e8600171e5a78,1,1,141,,0.0,1,,1,1,,4.0,,,,,,,24,,2.0,2.0,0.0,1,141,,0.0,1,,,,,,1,141,,0.0,1,1,141,,0.0,they are divided between the two,36,male,2,other_social,full,3,3,1,1,141,,0.0,1,1
142,3zreuv7l,5643708f942576000b66ec22,0,24,24,final_screen,EndOfExperiment,2021-12-13 19:25:22.980988,1,,,11.0,qd0ydl2t,,,,,0,complete_human,0.5,1,0,0,0.1,0,142,,0.0,5643708f942576000b66ec22,1,1,142,,0.0,1,,1,2,,11.0,0.0,0.0,0.0,0.0,0.0,0.0,24,,2.0,2.0,0.0,1,142,,0.0,1,,,,,,1,142,,0.0,1,1,142,,0.0,They are paid them.,29,male,2,psych,full,0,3,1,1,142,,0.0,1,1
143,2u8ezvac,56f2319af2df32000d8fb1a4,0,24,24,final_screen,EndOfExperiment,2021-12-13 19:25:23.656500,1,,,7.0,qd0ydl2t,,,,,0,complete_human,0.5,1,0,0,0.1,0,143,,0.0,56f2319af2df32000d8fb1a4,1,1,143,,0.0,1,,1,143,,0.0,,,,,,,1,,,,,1,1,,7.0,24,,5.0,5.0,4.0,1,1,143,,0.0,1,1,143,,0.0,I think possibly they could be greedy and only take a high offer value.,28,male,2,other,no,1,1,1,1,143,,0.0,1,1
144,2if927q2,60fce0fcf9abe7218c789734,0,24,24,final_screen,EndOfExperiment,2021-12-13 19:25:24.439952,1,,,5.0,qd0ydl2t,,,,,0,complete_human,0.5,1,0,0,0.1,0,144,,0.0,60fce0fcf9abe7218c789734,1,1,144,,0.0,1,,1,144,,0.0,,,,,,,1,,,,,1,2,,5.0,22,,5.0,5.0,0.0,1,1,144,,0.0,1,1,144,,0.0,"I think they are offered to give x amount, but that if I don't agree they will get nothing.",40,female,3,other,full,0,2,1,1,144,,0.0,1,1
145,odbmfwqz,614e1095303040298701c095,0,24,24,final_screen,EndOfExperiment,2021-12-13 19:25:26.533647,1,,,5.0,qd0ydl2t,,,,,0,complete_human,0.5,1,0,0,0.1,0,145,,0.0,614e1095303040298701c095,1,1,2,,5.0,25,5.0,1,145,,0.0,,,,,,,1,,,,,1,145,,0.0,1,,,,,,1,145,,0.0,1,1,145,,0.0,I think they got the same point to bonus ratio as i did,33,female,2,other,full,3,3,1,1,145,,0.0,1,1
146,av8x9511,6150840e2b45145c1520efeb,0,24,24,final_screen,EndOfExperiment,2021-12-13 19:25:27.029934,1,,,5.0,qd0ydl2t,,,,,0,complete_human,0.5,1,0,0,0.1,0,146,,0.0,6150840e2b45145c1520efeb,1,1,2,,5.0,24,5.0,1,146,,0.0,,,,,,,1,,,,,1,146,,0.0,1,,,,,,1,146,,0.0,1,1,146,,0.0,They keep it,51,male,2,engineer,no,3,3,1,1,146,,0.0,1,1
147,7tofbjl5,5f5b0f1be585c32184a4cf35,0,24,24,final_screen,EndOfExperiment,2021-12-13 19:25:26.964388,1,,,9.0,qd0ydl2t,,,,,0,complete_human,0.5,1,0,0,0.1,0,147,,0.0,5f5b0f1be585c32184a4cf35,1,1,147,,0.0,1,,1,1,,9.0,,,,,,,28,,2.0,2.0,2.0,1,147,,0.0,1,,,,,,1,147,,0.0,1,1,147,,0.0,I think they get the same payoff as me,28,female,2,natural,full,3,2,1,1,147,,0.0,1,1
148,ejgw4dpk,616ed044985dca605e572d22,0,24,24,final_screen,EndOfExperiment,2021-12-13 19:25:29.124235,1,,,9.0,qd0ydl2t,,,,,0,complete_human,0.5,1,0,0,0.1,0,148,,0.0,616ed044985dca605e572d22,1,1,148,,0.0,1,,1,1,,9.0,,,,,,,26,,5.0,5.0,5.0,1,148,,0.0,1,,,,,,1,148,,0.0,1,1,148,,0.0,They use them or send them to another player,56,female,1,na,no,3,3,1,1,148,,0.0,1,1
149,xl2t38vp,613930f9c3c440ef9a34bf02,0,24,24,final_screen,EndOfExperiment,2021-12-13 19:25:29.897734,1,,,9.0,qd0ydl2t,,,,,0,complete_human,0.5,1,0,0,0.1,0,149,,0.0,613930f9c3c440ef9a34bf02,1,1,149,,0.0,1,,1,149,,0.0,,,,,,,1,,,,,1,1,,9.0,23,,5.0,5.0,5.0,1,1,149,,0.0,1,1,149,,0.0,They will get whatever they accept - if they reject the offer given by me then they get nothing,59,female,2,natural,full,3,3,1,1,149,,0.0,1,1
150,00h5bvn6,590208c89571f50001c666e3,0,24,24,final_screen,EndOfExperiment,2021-12-13 19:25:29.774064,1,,,5.0,qd0ydl2t,,,,,0,complete_human,0.5,1,0,0,0.1,0,150,,0.0,590208c89571f50001c666e3,1,1,150,,0.0,1,,1,150,,0.0,,,,,,,1,,,,,1,2,,5.0,23,,5.0,5.0,5.0,1,1,150,,0.0,1,1,150,,0.0,They go to the other person.,34,male,2,other,no,1,0,1,1,150,,0.0,1,1
151,ccq98vwt,6058bee6f83bac3e977d4c0b,0,24,24,final_screen,EndOfExperiment,2021-12-13 19:25:30.409704,1,,,10.0,qd0ydl2t,,,,,0,complete_human,0.5,1,0,0,0.1,0,151,,0.0,6058bee6f83bac3e977d4c0b,1,1,1,,10.0,27,10.0,1,151,,0.0,,,,,,,1,,,,,1,151,,0.0,1,,,,,,1,151,,0.0,1,1,151,,0.0,I believe everyone was Participant A and that Participant B doesn't exist.,28,male,3,econ,full,2,4,1,1,151,,0.0,1,1
152,ybcfvf1p,5ec9fb7d111ab7533578399d,0,24,24,final_screen,EndOfExperiment,2021-12-13 19:25:31.010192,1,,,5.0,qd0ydl2t,,,,,0,complete_human,0.5,1,0,0,0.1,0,152,,0.0,5ec9fb7d111ab7533578399d,1,1,2,,5.0,23,5.0,1,152,,0.0,,,,,,,1,,,,,1,152,,0.0,1,,,,,,1,152,,0.0,1,1,152,,0.0,I'm not sure? He just divided it 50/50. Pretty fair actually.,22,male,1,other,part,0,2,1,1,152,,0.0,1,1
153,980wem25,5cb62e9293342300017a72a1,0,24,24,final_screen,EndOfExperiment,2021-12-13 19:25:34.254122,1,,,8.0,qd0ydl2t,,,,,0,complete_human,0.5,1,0,0,0.1,0,153,,0.0,5cb62e9293342300017a72a1,1,1,153,,0.0,1,,1,1,,8.0,,,,,,,27,,1.0,1.0,2.0,1,153,,0.0,1,,,,,,1,153,,0.0,1,1,153,,0.0,I believe they are able to allocate the points as they see fit.,31,male,2,other,full,1,1,1,1,153,,0.0,1,1
154,2zaozzf5,5ec329937b846b182b00509c,0,24,24,final_screen,EndOfExperiment,2021-12-13 19:25:35.037352,1,,,15.0,qd0ydl2t,,,,,0,complete_human,0.5,1,0,0,0.1,0,154,,0.0,5ec329937b846b182b00509c,1,1,154,,0.0,1,,1,2,,15.0,0.0,1.0,2.0,3.0,4.0,5.0,26,,5.0,5.0,5.0,1,154,,0.0,1,,,,,,1,154,,0.0,1,1,154,,0.0,"I think that depending on the points he got, they become a bonus.",23,male,1,econ,full,3,2,1,1,154,,0.0,1,1
155,613xyzfc,60c4e1091b936c7b812e5af4,0,24,24,final_screen,EndOfExperiment,2021-12-13 19:25:36.727359,1,,,5.0,qd0ydl2t,,,,,0,complete_human,0.5,1,0,0,0.1,0,155,,0.0,60c4e1091b936c7b812e5af4,1,1,155,,0.0,1,,1,155,,0.0,,,,,,,1,,,,,1,2,,5.0,24,,5.0,5.0,4.0,1,1,155,,0.0,1,1,155,,0.0,bonus payment?,44,male,2,med,full,1,2,1,1,155,,0.0,1,1
156,004x5qbb,615bbe1b45c3c2e904778bce,0,24,24,final_screen,EndOfExperiment,2021-12-13 19:25:43.045696,1,,,7.0,qd0ydl2t,,,,,0,complete_human,0.5,1,0,0,0.1,0,156,,0.0,615bbe1b45c3c2e904778bce,1,1,156,,0.0,1,,1,156,,0.0,,,,,,,1,,,,,1,1,,7.0,25,,5.0,5.0,4.0,1,1,156,,0.0,1,1,156,,0.0,I think they earn the bonus points like I do?,18,other,1,na,no,4,4,1,1,156,,0.0,1,1
157,qmri60lo,60d7d5dc074e8bc367732eb6,0,24,24,final_screen,EndOfExperiment,2021-12-13 19:25:45.558927,1,,,0.0,qd0ydl2t,,,,,0,complete_human,0.5,1,0,0,0.1,0,157,,0.0,60d7d5dc074e8bc367732eb6,1,1,2,,0.0,27,10.0,1,157,,0.0,,,,,,,1,,,,,1,157,,0.0,1,,,,,,1,157,,0.0,1,1,157,,0.0,they get to keep everything,41,female,3,other,full,1,2,1,1,157,,0.0,1,1
158,vof4sij4,5d7ff85ffec5620017b07c40,0,24,24,final_screen,EndOfExperiment,2021-12-13 19:25:46.819323,1,,,5.0,qd0ydl2t,,,,,0,complete_human,0.5,1,0,0,0.1,0,158,,0.0,5d7ff85ffec5620017b07c40,1,1,2,,5.0,26,5.0,1,158,,0.0,,,,,,,1,,,,,1,158,,0.0,1,,,,,,1,158,,0.0,1,1,158,,0.0,They get to keep it.,44,female,1,econ,no,0,2,1,1,158,,0.0,1,1
159,gj4zstza,5f36bde6d3369c0cadac39bf,0,24,24,final_screen,EndOfExperiment,2021-12-13 19:25:56.025292,1,,,6.0,qd0ydl2t,,,,,0,complete_human,0.5,1,0,0,0.1,0,159,,0.0,5f36bde6d3369c0cadac39bf,1,1,159,,0.0,1,,1,2,,6.0,0.0,2.0,4.0,6.0,8.0,10.0,27,,1.0,1.0,2.0,1,159,,0.0,1,,,,,,1,159,,0.0,1,1,159,,0.0,They would've earned the same amount ,51,male,2,other,full,1,3,1,1,159,,0.0,1,1
160,zxxdc9ro,601478ee2d7cc94b1f1855ec,0,24,24,final_screen,EndOfExperiment,2021-12-13 19:26:03.040166,1,,,9.0,qd0ydl2t,,,,,0,complete_human,0.5,1,0,0,0.1,0,160,,0.0,601478ee2d7cc94b1f1855ec,1,1,160,,0.0,1,,1,2,,9.0,0.0,0.0,2.0,3.0,4.0,5.0,28,,2.0,2.0,2.0,1,160,,0.0,1,,,,,,1,160,,0.0,1,1,160,,0.0,They are given a bonus on top of the 50 cents. The bonus depends on the amount of points they had.,44,male,1,na,no,2,3,1,1,160,,0.0,1,1
161,8om0ndzs,611157c508ec60f3cfb2628e,0,24,24,final_screen,EndOfExperiment,2021-12-13 19:26:06.652372,1,,,5.0,qd0ydl2t,,,,,0,complete_human,0.5,1,0,0,0.1,0,161,,0.0,611157c508ec60f3cfb2628e,1,1,161,,0.0,1,,1,161,,0.0,,,,,,,1,,,,,1,1,,5.0,26,,5.0,5.0,1.0,1,1,161,,0.0,1,1,161,,0.0,The other participant gets to keep what I gave them.,27,female,2,psych,no,1,1,1,1,161,,0.0,1,1
162,wctpvxij,5d548912e1c7130018e019dc,0,24,24,final_screen,EndOfExperiment,2021-12-13 19:26:09.577414,1,,,5.0,qd0ydl2t,,,,,0,complete_human,0.5,1,0,0,0.1,0,162,,0.0,5d548912e1c7130018e019dc,1,1,162,,0.0,1,,1,162,,0.0,,,,,,,1,,,,,1,2,,5.0,25,,5.0,5.0,4.0,1,1,162,,0.0,1,1,162,,0.0,i think most offers are an even 50/50 split and accepted,38,male,2,other,full,3,3,1,1,162,,0.0,1,1
163,lpehbsgv,5f5107258dac162ba31673d1,0,24,24,final_screen,EndOfExperiment,2021-12-13 19:26:31.227477,1,,,7.0,qd0ydl2t,,,,,0,complete_human,0.5,1,0,0,0.1,0,163,,0.0,5f5107258dac162ba31673d1,1,1,1,,7.0,28,7.0,1,163,,0.0,,,,,,,1,,,,,1,163,,0.0,1,,,,,,1,163,,0.0,1,1,163,,0.0,I think that the other participant gets that payoff as money earned for the study.,43,female,3,other,full,0,2,1,1,163,,0.0,1,1
164,qj1g2oh6,61076aea3f9aa048a71a4c8d,0,24,24,final_screen,EndOfExperiment,2021-12-13 19:26:49.866462,1,,,3.0,qd0ydl2t,,,,,0,complete_human,0.5,1,0,0,0.1,0,164,,0.0,61076aea3f9aa048a71a4c8d,1,1,2,,3.0,28,7.0,1,164,,0.0,,,,,,,1,,,,,1,164,,0.0,1,,,,,,1,164,,0.0,1,1,164,,0.0,They go directly to their account.,19,female,1,engineer,no,3,3,1,1,164,,0.0,1,1
165,y71npum7,59d5c894c732930001d88b5e,0,24,24,final_screen,EndOfExperiment,2021-12-13 19:27:17.747585,1,,,9.0,qd0ydl2t,,,,,0,complete_human,0.5,1,0,0,0.1,0,165,,0.0,59d5c894c732930001d88b5e,1,1,165,,0.0,1,,1,1,,9.0,,,,,,,29,,3.0,4.0,6.0,1,165,,0.0,1,,,,,,1,165,,0.0,1,1,165,,0.0,it relates to the study payout,29,male,2,engineer,full,3,1,1,1,165,,0.0,1,1
166,ub5vamfz,5d4a41890e604c00011ade8b,0,24,24,final_screen,EndOfExperiment,2021-12-13 19:27:38.777408,1,,,8.0,qd0ydl2t,,,,,0,complete_human,0.5,1,0,0,0.1,0,166,,0.0,5d4a41890e604c00011ade8b,1,1,166,,0.0,1,,1,2,,8.0,0.0,2.0,4.0,6.0,8.0,10.0,29,,3.0,4.0,6.0,1,166,,0.0,1,,,,,,1,166,,0.0,1,1,166,,0.0,The other participant receives their payoff just like I receive mine.,25,male,2,other,full,3,4,1,1,166,,0.0,1,1
167,sjoghnj1,5ec403bb09d0e02a060bd5e6,0,24,24,final_screen,EndOfExperiment,2021-12-13 19:28:22.718292,1,,,5.0,qd0ydl2t,,,,,0,complete_human,0.5,1,0,0,0.1,0,167,,0.0,5ec403bb09d0e02a060bd5e6,1,1,167,,0.0,1,,1,167,,0.0,,,,,,,1,,,,,1,2,,5.0,26,,5.0,5.0,1.0,1,1,167,,0.0,1,1,167,,0.0,I think the other participant receives them and can use the money as they wish? Unless they were a computer and not another research participant in which case they can't receive anything.,27,male,2,engineer,full,4,2,1,1,167,,0.0,1,1
168,rnim5057,61023e0830e893bec6bd8f3c,0,24,24,final_screen,EndOfExperiment,2021-12-13 19:30:21.096528,1,,,0.0,qd0ydl2t,,,,,0,complete_human,0.5,1,0,0,0.1,0,168,,0.0,61023e0830e893bec6bd8f3c,1,1,168,,0.0,1,,1,168,,0.0,,,,,,,1,,,,,1,2,,0.0,27,,7.0,3.0,4.0,0,1,168,,0.0,1,1,168,,0.0,"if we were able to come to an agreement, then we would have earned a bonus amount, but because the offer was rejected, we each get the agreed payoff from the study with no bonus",26,female,3,other,part,1,2,1,1,168,,0.0,1,1
169,4j7671v4,610b3dc97b4bd5a01da75f44,0,3,24,dictator_human,GroupWaitPage,2021-12-13 19:36:28.147577,1,,,0.0,qd0ydl2t,,,,,0,complete_human,0.5,1,0,0,0.1,0,169,,0.0,610b3dc97b4bd5a01da75f44,1,1,169,,0.0,1,,1,169,,0.0,,,,,,,1,,,,,1,169,,0.0,1,,,,,,1,169,,0.0,1,1,169,,0.0,,,,,,,,,1,1,169,,0.0,1,1
170,jvvmoq6m,613646cde4d38f8b78223fa6,0,3,24,dictator_human,GroupWaitPage,2021-12-13 19:43:59.429521,1,,,0.0,qd0ydl2t,,,,,0,complete_human,0.5,1,0,0,0.1,0,170,,0.0,613646cde4d38f8b78223fa6,1,1,170,,0.0,1,,1,170,,0.0,,,,,,,1,,,,,1,170,,0.0,1,,,,,,1,170,,0.0,1,1,170,,0.0,,,,,,,,,1,1,170,,0.0,1,1
171,trif00ly,6104696d120a50b0ec51aa1f,0,24,24,final_screen,EndOfExperiment,2021-12-13 19:52:03.429518,1,,,8.0,qd0ydl2t,,,,,0,complete_human,0.5,1,0,0,0.1,0,171,,0.0,6104696d120a50b0ec51aa1f,1,1,171,,0.0,1,,1,1,,8.0,,,,,,,30,,1.0,1.0,2.0,1,171,,0.0,1,,,,,,1,171,,0.0,1,1,171,,0.0,I think the other participant payoffs will be used for something great.,22,female,2,other,no,0,3,1,1,171,,0.0,1,1
172,jh9cdcvn,5fc521555cd05b000cfe0998,0,8,24,trust_human_strategy,GroupWaitPage,2021-12-13 19:52:05.473638,1,,,0.0,qd0ydl2t,,,,,0,complete_human,0.5,1,0,0,0.1,0,172,,0.0,5fc521555cd05b000cfe0998,1,1,172,,0.0,1,,1,172,,0.0,,,,,,,1,,,,,1,172,,0.0,1,,,,,,1,172,,0.0,1,1,172,,0.0,,,,,,,,,1,1,172,,0.0,1,1
173,91ulmfwg,5b5a822e1ad8270001c4f28d,0,24,24,final_screen,EndOfExperiment,2021-12-13 19:52:05.887842,1,,,2.0,qd0ydl2t,,,,,0,complete_human,0.5,1,0,0,0.1,0,173,,0.0,5b5a822e1ad8270001c4f28d,1,1,173,,0.0,1,,1,173,,0.0,,,,,,,1,,,,,1,1,,2.0,28,,6.0,4.0,5.0,0,1,173,,0.0,1,1,173,,0.0,-,25,male,1,na,part,2,2,1,1,173,,0.0,1,1
174,32uh1e5i,5f871995a3c40d0cbee04d20,0,24,24,final_screen,EndOfExperiment,2021-12-13 19:52:06.596432,1,,,0.0,qd0ydl2t,,,,,0,complete_human,0.5,1,0,0,0.1,0,174,,0.0,5f871995a3c40d0cbee04d20,1,1,174,,0.0,1,,1,174,,0.0,,,,,,,1,,,,,1,2,,0.0,28,,6.0,4.0,5.0,0,1,174,,0.0,1,1,174,,0.0,I think that the payoff is not earned because it was too much for him/her to keep themselves,26,female,2,politics,full,3,3,1,1,174,,0.0,1,1
175,arg0sn3j,5f78ce64cb5f144a98a4fa38,0,24,24,final_screen,EndOfExperiment,2021-12-13 19:52:06.857331,1,,,7.0,qd0ydl2t,,,,,0,complete_human,0.5,1,0,0,0.1,0,175,,0.0,5f78ce64cb5f144a98a4fa38,1,1,1,,7.0,29,7.0,1,175,,0.0,,,,,,,1,,,,,1,175,,0.0,1,,,,,,1,175,,0.0,1,1,175,,0.0,I feel they might earn whatever payoff they though they would get,24,female,2,other_social,full,2,2,1,1,175,,0.0,1,1
176,hr347og3,5a4a94fef7b7bc00014e1462,0,24,24,final_screen,EndOfExperiment,2021-12-13 19:52:07.404263,1,,,3.0,qd0ydl2t,,,,,0,complete_human,0.5,1,0,0,0.1,0,176,,0.0,5a4a94fef7b7bc00014e1462,1,1,2,,3.0,29,7.0,1,176,,0.0,,,,,,,1,,,,,1,176,,0.0,1,,,,,,1,176,,0.0,1,1,176,,0.0,the payoffs will be paid in bonus earned by the other participant,32,male,1,na,part,4,4,1,1,176,,0.0,1,1
177,rkjp1ex4,5ed543442db0060a955d12e1,0,24,24,final_screen,EndOfExperiment,2021-12-13 19:52:08.965450,1,,,13.0,qd0ydl2t,,,,,0,complete_human,0.5,1,0,0,0.1,0,177,,0.0,5ed543442db0060a955d12e1,1,1,177,,0.0,1,,1,1,,13.0,,,,,,,31,,5.0,10.0,12.0,1,177,,0.0,1,,,,,,1,177,,0.0,1,1,177,,0.0, have no idea what is the pay and bonus structure for the other participant. ,33,male,3,engineer,full,4,4,1,1,177,,0.0,1,1
178,qoiafhmd,5f8cbc5c355ea745e6cef2ca,0,24,24,final_screen,EndOfExperiment,2021-12-13 19:52:12.423253,1,,,6.0,qd0ydl2t,,,,,0,complete_human,0.5,1,0,0,0.1,0,178,,0.0,5f8cbc5c355ea745e6cef2ca,1,1,178,,0.0,1,,1,2,,6.0,0.0,2.0,4.0,6.0,8.0,10.0,30,,1.0,1.0,2.0,1,178,,0.0,1,,,,,,1,178,,0.0,1,1,178,,0.0,I think the other participant receives his or her payoffs as described (the amount he kept plus what he or she received from me).,37,female,2,other,no,3,3,1,1,178,,0.0,1,1
179,c8i9z21r,6144b5b7af5fefae377c46f9,0,18,24,ultimatum_human_strategy,Belief,2021-12-13 19:52:15.564815,1,,,0.0,qd0ydl2t,,,,,0,complete_human,0.5,1,0,0,0.1,0,179,,0.0,6144b5b7af5fefae377c46f9,1,1,179,,0.0,1,,1,179,,0.0,,,,,,,1,,,,,1,1,,0.0,29,,5.0,,5.0,,1,179,,0.0,1,1,179,,0.0,,,,,,,,,1,1,179,,0.0,1,1
180,732n0ryd,60b51c99ade9ff3585dff9e7,0,20,24,ultimatum_human_strategy,ResultsWaitPage,2021-12-13 19:52:17.890817,1,,,0.0,qd0ydl2t,,,,,0,complete_human,0.5,1,0,0,0.1,0,180,,0.0,60b51c99ade9ff3585dff9e7,1,1,180,,0.0,1,,1,180,,0.0,,,,,,,1,,,,,1,2,,0.0,29,,5.0,,5.0,,1,180,,0.0,1,1,180,,0.0,,,,,,,,,1,1,180,,0.0,1,1
181,8lksrk9l,5f9057735c69b00e72665f84,0,24,24,final_screen,EndOfExperiment,2021-12-13 19:52:26.678453,1,,,5.0,qd0ydl2t,,,,,0,complete_human,0.5,1,0,0,0.1,0,181,,0.0,5f9057735c69b00e72665f84,1,1,1,,5.0,30,5.0,1,181,,0.0,,,,,,,1,,,,,1,181,,0.0,1,,,,,,1,181,,0.0,1,1,181,,0.0,I think the other participant will the the bonus I selected.,38,male,2,other,full,1,3,1,1,181,,0.0,1,1
182,gzr2fzln,6003361889252e03cebd8fff,0,24,24,final_screen,EndOfExperiment,2021-12-13 19:52:41.693066,1,,,5.0,qd0ydl2t,,,,,0,complete_human,0.5,1,0,0,0.1,0,182,,0.0,6003361889252e03cebd8fff,1,1,2,,5.0,30,5.0,1,182,,0.0,,,,,,,1,,,,,1,182,,0.0,1,,,,,,1,182,,0.0,1,1,182,,0.0,I think what happens to the payoffs earned by the other participant is that they are allocated the funds accordingly.,29,male,2,other,full,1,3,1,1,182,,0.0,1,1
183,mjbz5k6x,5f2c4bf4e4f3080e6a469fcc,0,24,24,final_screen,EndOfExperiment,2021-12-13 19:54:54.048173,1,,,8.0,qd0ydl2t,,,,,0,complete_human,0.5,1,0,0,0.1,0,183,,0.0,5f2c4bf4e4f3080e6a469fcc,1,1,183,,0.0,1,,1,2,,8.0,0.0,2.0,4.0,6.0,8.0,12.0,31,,5.0,10.0,12.0,1,183,,0.0,1,,,,,,1,183,,0.0,1,1,183,,0.0,They receive it as a bonus,37,female,1,na,part,3,1,1,1,183,,0.0,1,1
184,0gmwfjr6,,0,1,24,introduction,ID,2021-12-13 20:05:11.286089,1,,,0.0,qd0ydl2t,,,,,0,complete_human,0.5,1,0,0,0.1,0,184,,0.0,,1,1,184,,0.0,1,,1,184,,0.0,,,,,,,1,,,,,1,184,,0.0,1,,,,,,1,184,,0.0,1,1,184,,0.0,,,,,,,,,1,1,184,,0.0,1,1
185,4sv480se,578e6c599bd3d70001e5057f,0,24,24,final_screen,EndOfExperiment,2021-12-13 20:06:22.079613,1,,,7.0,qd0ydl2t,,,,,0,complete_human,0.5,1,0,0,0.1,0,185,,0.0,578e6c599bd3d70001e5057f,1,1,185,,0.0,1,,1,185,,0.0,,,,,,,1,,,,,1,1,,7.0,30,,5.0,4.0,3.0,1,1,185,,0.0,1,1,185,,0.0,"I think if they accept, whatever they accept x10 is their bonus, plus whatever the discrepancy between my guess and their minimum amount they are willing to accept is (x10).",25,male,3,other,full,3,3,1,1,185,,0.0,1,1
186,1oozkowk,5c2c62542c45d400014a32e6,0,24,24,final_screen,EndOfExperiment,2021-12-13 20:06:23.149720,1,,,5.0,qd0ydl2t,,,,,0,complete_human,0.5,1,0,0,0.1,0,186,,0.0,5c2c62542c45d400014a32e6,1,1,186,,0.0,1,,1,186,,0.0,,,,,,,1,,,,,1,2,,5.0,30,,5.0,4.0,3.0,1,1,186,,0.0,1,1,186,,0.0,I think the other participant also gets .50.,27,male,1,other,part,1,2,1,1,186,,0.0,1,1
187,2xj0c796,5eeb19d4e0d561256d56d129,0,24,24,final_screen,EndOfExperiment,2021-12-13 20:06:30.767106,1,,,5.0,qd0ydl2t,,,,,0,complete_human,0.5,1,0,0,0.1,0,187,,0.0,5eeb19d4e0d561256d56d129,1,1,1,,5.0,31,5.0,1,187,,0.0,,,,,,,1,,,,,1,187,,0.0,1,,,,,,1,187,,0.0,1,1,187,,0.0,They get to keep their amount as well?,28,female,1,na,no,1,1,1,1,187,,0.0,1,1
188,615f7vt1,616d6463aa6ae2ee832b3804,0,24,24,final_screen,EndOfExperiment,2021-12-13 20:07:29.164868,1,,,5.0,qd0ydl2t,,,,,0,complete_human,0.5,1,0,0,0.1,0,188,,0.0,616d6463aa6ae2ee832b3804,1,1,2,,5.0,31,5.0,1,188,,0.0,,,,,,,1,,,,,1,188,,0.0,1,,,,,,1,188,,0.0,1,1,188,,0.0,They receive the money.,32,male,2,other,no,2,1,1,1,188,,0.0,1,1
189,8vbjrfi4,,0,1,24,introduction,ID,2021-12-13 20:09:00.214577,1,,,0.0,qd0ydl2t,,,,,0,complete_human,0.5,1,0,0,0.1,0,189,,0.0,,1,1,189,,0.0,1,,1,189,,0.0,,,,,,,1,,,,,1,189,,0.0,1,,,,,,1,189,,0.0,1,1,189,,0.0,,,,,,,,,1,1,189,,0.0,1,1
190,yaxrelpr,,0,1,24,introduction,ID,2021-12-13 20:09:00.906346,1,,,0.0,qd0ydl2t,,,,,0,complete_human,0.5,1,0,0,0.1,0,190,,0.0,,1,1,190,,0.0,1,,1,190,,0.0,,,,,,,1,,,,,1,190,,0.0,1,,,,,,1,190,,0.0,1,1,190,,0.0,,,,,,,,,1,1,190,,0.0,1,1
191,sw7dx1vi,612bb0204ad8e7e8bed041eb,0,24,24,final_screen,EndOfExperiment,2021-12-13 20:11:26.833382,1,,,7.0,qd0ydl2t,,,,,0,complete_human,0.5,1,0,0,0.1,0,191,,0.0,612bb0204ad8e7e8bed041eb,1,1,191,,0.0,1,,1,191,,0.0,,,,,,,1,,,,,1,1,,7.0,31,,5.0,0.0,1.0,1,1,191,,0.0,1,1,191,,0.0,They keep the points that I split and gave to them. They earn a bonus also just like myself.,37,male,1,econ,full,3,4,1,1,191,,0.0,1,1
192,x9eit64h,576704bffdff7a0001c12890,0,24,24,final_screen,EndOfExperiment,2021-12-13 20:12:35.728821,1,,,5.0,qd0ydl2t,,,,,0,complete_human,0.5,1,0,0,0.1,0,192,,0.0,576704bffdff7a0001c12890,1,1,192,,0.0,1,,1,192,,0.0,,,,,,,1,,,,,1,2,,5.0,31,,5.0,0.0,1.0,1,1,192,,0.0,1,1,192,,0.0,I think they're bonused to them the same as would happen with me,39,male,3,other,full,4,2,1,1,192,,0.0,1,1
193,x003wam1,610421096c1af729ade5aac1,0,3,24,dictator_human,GroupWaitPage,2021-12-13 20:13:29.215207,1,,,0.0,qd0ydl2t,,,,,0,complete_human,0.5,1,0,0,0.1,0,193,,0.0,610421096c1af729ade5aac1,1,1,193,,0.0,1,,1,193,,0.0,,,,,,,1,,,,,1,193,,0.0,1,,,,,,1,193,,0.0,1,1,193,,0.0,,,,,,,,,1,1,193,,0.0,1,1
194,ddvx3c0t,,0,1,24,introduction,ID,2021-12-13 20:15:26.109305,1,,,0.0,qd0ydl2t,,,,,0,complete_human,0.5,1,0,0,0.1,0,194,,0.0,,1,1,194,,0.0,1,,1,194,,0.0,,,,,,,1,,,,,1,194,,0.0,1,,,,,,1,194,,0.0,1,1,194,,0.0,,,,,,,,,1,1,194,,0.0,1,1
195,q1n6k7uk,,0,1,24,introduction,ID,2021-12-13 20:15:26.807454,1,,,0.0,qd0ydl2t,,,,,0,complete_human,0.5,1,0,0,0.1,0,195,,0.0,,1,1,195,,0.0,1,,1,195,,0.0,,,,,,,1,,,,,1,195,,0.0,1,,,,,,1,195,,0.0,1,1,195,,0.0,,,,,,,,,1,1,195,,0.0,1,1
196,8vp2iozc,,0,1,24,introduction,ID,2021-12-13 20:15:27.480202,1,,,0.0,qd0ydl2t,,,,,0,complete_human,0.5,1,0,0,0.1,0,196,,0.0,,1,1,196,,0.0,1,,1,196,,0.0,,,,,,,1,,,,,1,196,,0.0,1,,,,,,1,196,,0.0,1,1,196,,0.0,,,,,,,,,1,1,196,,0.0,1,1
197,niss9fk1,5e39d872793a082024d9cf18,0,24,24,final_screen,EndOfExperiment,2021-12-13 20:16:13.294238,1,,,7.0,qd0ydl2t,,,,,0,complete_human,0.5,1,0,0,0.1,0,197,,0.0,5e39d872793a082024d9cf18,1,1,197,,0.0,1,,1,197,,0.0,,,,,,,1,,,,,1,1,,7.0,32,,5.0,4.0,5.0,1,1,197,,0.0,1,1,197,,0.0,i think that he receives it? i dont undertand the question,40,male,1,med,full,3,3,1,1,197,,0.0,1,1
198,gxmau85u,5c9c3ae2d40ce20014233de6,0,24,24,final_screen,EndOfExperiment,2021-12-13 20:16:16.523777,1,,,5.0,qd0ydl2t,,,,,0,complete_human,0.5,1,0,0,0.1,0,198,,0.0,5c9c3ae2d40ce20014233de6,1,1,198,,0.0,1,,1,198,,0.0,,,,,,,1,,,,,1,2,,5.0,32,,5.0,4.0,5.0,1,1,198,,0.0,1,1,198,,0.0,No idea,33,female,1,engineer,part,3,2,1,1,198,,0.0,1,1
199,pyipcmby,,0,1,24,introduction,ID,2021-12-13 20:18:43.561221,1,,,0.0,qd0ydl2t,,,,,0,complete_human,0.5,1,0,0,0.1,0,199,,0.0,,1,1,199,,0.0,1,,1,199,,0.0,,,,,,,1,,,,,1,199,,0.0,1,,,,,,1,199,,0.0,1,1,199,,0.0,,,,,,,,,1,1,199,,0.0,1,1
200,gx9s67q4,,0,1,24,introduction,ID,2021-12-13 20:18:44.060821,1,,,0.0,qd0ydl2t,,,,,0,complete_human,0.5,1,0,0,0.1,0,200,,0.0,,1,1,200,,0.0,1,,1,200,,0.0,,,,,,,1,,,,,1,200,,0.0,1,,,,,,1,200,,0.0,1,1,200,,0.0,,,,,,,,,1,1,200,,0.0,1,1
201,pd1drqi9,,0,0,24,,,,0,,,0.0,qd0ydl2t,,,,,0,complete_human,0.5,1,0,0,0.1,0,201,,0.0,,1,1,201,,0.0,1,,1,201,,0.0,,,,,,,1,,,,,1,201,,0.0,1,,,,,,1,201,,0.0,1,1,201,,0.0,,,,,,,,,1,1,201,,0.0,1,1
202,g6w25ibn,,0,0,24,,,,0,,,0.0,qd0ydl2t,,,,,0,complete_human,0.5,1,0,0,0.1,0,202,,0.0,,1,1,202,,0.0,1,,1,202,,0.0,,,,,,,1,,,,,1,202,,0.0,1,,,,,,1,202,,0.0,1,1,202,,0.0,,,,,,,,,1,1,202,,0.0,1,1
203,b38opbgm,,0,0,24,,,,0,,,0.0,qd0ydl2t,,,,,0,complete_human,0.5,1,0,0,0.1,0,203,,0.0,,1,1,203,,0.0,1,,1,203,,0.0,,,,,,,1,,,,,1,203,,0.0,1,,,,,,1,203,,0.0,1,1,203,,0.0,,,,,,,,,1,1,203,,0.0,1,1
204,a6oz6oxc,,0,0,24,,,,0,,,0.0,qd0ydl2t,,,,,0,complete_human,0.5,1,0,0,0.1,0,204,,0.0,,1,1,204,,0.0,1,,1,204,,0.0,,,,,,,1,,,,,1,204,,0.0,1,,,,,,1,204,,0.0,1,1,204,,0.0,,,,,,,,,1,1,204,,0.0,1,1
205,4wxv4gkq,,0,0,24,,,,0,,,0.0,qd0ydl2t,,,,,0,complete_human,0.5,1,0,0,0.1,0,205,,0.0,,1,1,205,,0.0,1,,1,205,,0.0,,,,,,,1,,,,,1,205,,0.0,1,,,,,,1,205,,0.0,1,1,205,,0.0,,,,,,,,,1,1,205,,0.0,1,1
206,7ysdut3q,,0,0,24,,,,0,,,0.0,qd0ydl2t,,,,,0,complete_human,0.5,1,0,0,0.1,0,206,,0.0,,1,1,206,,0.0,1,,1,206,,0.0,,,,,,,1,,,,,1,206,,0.0,1,,,,,,1,206,,0.0,1,1,206,,0.0,,,,,,,,,1,1,206,,0.0,1,1
207,lgnvs597,,0,0,24,,,,0,,,0.0,qd0ydl2t,,,,,0,complete_human,0.5,1,0,0,0.1,0,207,,0.0,,1,1,207,,0.0,1,,1,207,,0.0,,,,,,,1,,,,,1,207,,0.0,1,,,,,,1,207,,0.0,1,1,207,,0.0,,,,,,,,,1,1,207,,0.0,1,1
208,4vd0dxtq,,0,0,24,,,,0,,,0.0,qd0ydl2t,,,,,0,complete_human,0.5,1,0,0,0.1,0,208,,0.0,,1,1,208,,0.0,1,,1,208,,0.0,,,,,,,1,,,,,1,208,,0.0,1,,,,,,1,208,,0.0,1,1,208,,0.0,,,,,,,,,1,1,208,,0.0,1,1
209,tvng7k9j,,0,0,24,,,,0,,,0.0,qd0ydl2t,,,,,0,complete_human,0.5,1,0,0,0.1,0,209,,0.0,,1,1,209,,0.0,1,,1,209,,0.0,,,,,,,1,,,,,1,209,,0.0,1,,,,,,1,209,,0.0,1,1,209,,0.0,,,,,,,,,1,1,209,,0.0,1,1
210,u5sbo8h8,,0,0,24,,,,0,,,0.0,qd0ydl2t,,,,,0,complete_human,0.5,1,0,0,0.1,0,210,,0.0,,1,1,210,,0.0,1,,1,210,,0.0,,,,,,,1,,,,,1,210,,0.0,1,,,,,,1,210,,0.0,1,1,210,,0.0,,,,,,,,,1,1,210,,0.0,1,1
211,m3u6afqr,,0,0,24,,,,0,,,0.0,qd0ydl2t,,,,,0,complete_human,0.5,1,0,0,0.1,0,211,,0.0,,1,1,211,,0.0,1,,1,211,,0.0,,,,,,,1,,,,,1,211,,0.0,1,,,,,,1,211,,0.0,1,1,211,,0.0,,,,,,,,,1,1,211,,0.0,1,1
212,mx7d11e7,,0,0,24,,,,0,,,0.0,qd0ydl2t,,,,,0,complete_human,0.5,1,0,0,0.1,0,212,,0.0,,1,1,212,,0.0,1,,1,212,,0.0,,,,,,,1,,,,,1,212,,0.0,1,,,,,,1,212,,0.0,1,1,212,,0.0,,,,,,,,,1,1,212,,0.0,1,1
213,q2v1te31,,0,0,24,,,,0,,,0.0,qd0ydl2t,,,,,0,complete_human,0.5,1,0,0,0.1,0,213,,0.0,,1,1,213,,0.0,1,,1,213,,0.0,,,,,,,1,,,,,1,213,,0.0,1,,,,,,1,213,,0.0,1,1,213,,0.0,,,,,,,,,1,1,213,,0.0,1,1
214,23tqw0rs,,0,0,24,,,,0,,,0.0,qd0ydl2t,,,,,0,complete_human,0.5,1,0,0,0.1,0,214,,0.0,,1,1,214,,0.0,1,,1,214,,0.0,,,,,,,1,,,,,1,214,,0.0,1,,,,,,1,214,,0.0,1,1,214,,0.0,,,,,,,,,1,1,214,,0.0,1,1
215,gkkjt4dm,,0,0,24,,,,0,,,0.0,qd0ydl2t,,,,,0,complete_human,0.5,1,0,0,0.1,0,215,,0.0,,1,1,215,,0.0,1,,1,215,,0.0,,,,,,,1,,,,,1,215,,0.0,1,,,,,,1,215,,0.0,1,1,215,,0.0,,,,,,,,,1,1,215,,0.0,1,1
216,az5wubfn,,0,0,24,,,,0,,,0.0,qd0ydl2t,,,,,0,complete_human,0.5,1,0,0,0.1,0,216,,0.0,,1,1,216,,0.0,1,,1,216,,0.0,,,,,,,1,,,,,1,216,,0.0,1,,,,,,1,216,,0.0,1,1,216,,0.0,,,,,,,,,1,1,216,,0.0,1,1
217,qefn0us6,,0,0,24,,,,0,,,0.0,qd0ydl2t,,,,,0,complete_human,0.5,1,0,0,0.1,0,217,,0.0,,1,1,217,,0.0,1,,1,217,,0.0,,,,,,,1,,,,,1,217,,0.0,1,,,,,,1,217,,0.0,1,1,217,,0.0,,,,,,,,,1,1,217,,0.0,1,1
218,dldpzy6k,,0,0,24,,,,0,,,0.0,qd0ydl2t,,,,,0,complete_human,0.5,1,0,0,0.1,0,218,,0.0,,1,1,218,,0.0,1,,1,218,,0.0,,,,,,,1,,,,,1,218,,0.0,1,,,,,,1,218,,0.0,1,1,218,,0.0,,,,,,,,,1,1,218,,0.0,1,1
219,l4u30i13,,0,0,24,,,,0,,,0.0,qd0ydl2t,,,,,0,complete_human,0.5,1,0,0,0.1,0,219,,0.0,,1,1,219,,0.0,1,,1,219,,0.0,,,,,,,1,,,,,1,219,,0.0,1,,,,,,1,219,,0.0,1,1,219,,0.0,,,,,,,,,1,1,219,,0.0,1,1
220,q03z3j91,,0,0,24,,,,0,,,0.0,qd0ydl2t,,,,,0,complete_human,0.5,1,0,0,0.1,0,220,,0.0,,1,1,220,,0.0,1,,1,220,,0.0,,,,,,,1,,,,,1,220,,0.0,1,,,,,,1,220,,0.0,1,1,220,,0.0,,,,,,,,,1,1,220,,0.0,1,1
221,a8ir6xfx,,0,0,24,,,,0,,,0.0,qd0ydl2t,,,,,0,complete_human,0.5,1,0,0,0.1,0,221,,0.0,,1,1,221,,0.0,1,,1,221,,0.0,,,,,,,1,,,,,1,221,,0.0,1,,,,,,1,221,,0.0,1,1,221,,0.0,,,,,,,,,1,1,221,,0.0,1,1
222,yt816mkk,,0,0,24,,,,0,,,0.0,qd0ydl2t,,,,,0,complete_human,0.5,1,0,0,0.1,0,222,,0.0,,1,1,222,,0.0,1,,1,222,,0.0,,,,,,,1,,,,,1,222,,0.0,1,,,,,,1,222,,0.0,1,1,222,,0.0,,,,,,,,,1,1,222,,0.0,1,1
223,fu9j2nja,,0,0,24,,,,0,,,0.0,qd0ydl2t,,,,,0,complete_human,0.5,1,0,0,0.1,0,223,,0.0,,1,1,223,,0.0,1,,1,223,,0.0,,,,,,,1,,,,,1,223,,0.0,1,,,,,,1,223,,0.0,1,1,223,,0.0,,,,,,,,,1,1,223,,0.0,1,1
224,qas5g6vd,,0,0,24,,,,0,,,0.0,qd0ydl2t,,,,,0,complete_human,0.5,1,0,0,0.1,0,224,,0.0,,1,1,224,,0.0,1,,1,224,,0.0,,,,,,,1,,,,,1,224,,0.0,1,,,,,,1,224,,0.0,1,1,224,,0.0,,,,,,,,,1,1,224,,0.0,1,1
225,9ubn528w,,0,0,24,,,,0,,,0.0,qd0ydl2t,,,,,0,complete_human,0.5,1,0,0,0.1,0,225,,0.0,,1,1,225,,0.0,1,,1,225,,0.0,,,,,,,1,,,,,1,225,,0.0,1,,,,,,1,225,,0.0,1,1,225,,0.0,,,,,,,,,1,1,225,,0.0,1,1
226,x9es7xns,,0,0,24,,,,0,,,0.0,qd0ydl2t,,,,,0,complete_human,0.5,1,0,0,0.1,0,226,,0.0,,1,1,226,,0.0,1,,1,226,,0.0,,,,,,,1,,,,,1,226,,0.0,1,,,,,,1,226,,0.0,1,1,226,,0.0,,,,,,,,,1,1,226,,0.0,1,1
227,t3c5uw0h,,0,0,24,,,,0,,,0.0,qd0ydl2t,,,,,0,complete_human,0.5,1,0,0,0.1,0,227,,0.0,,1,1,227,,0.0,1,,1,227,,0.0,,,,,,,1,,,,,1,227,,0.0,1,,,,,,1,227,,0.0,1,1,227,,0.0,,,,,,,,,1,1,227,,0.0,1,1
228,v26sf7cr,,0,0,24,,,,0,,,0.0,qd0ydl2t,,,,,0,complete_human,0.5,1,0,0,0.1,0,228,,0.0,,1,1,228,,0.0,1,,1,228,,0.0,,,,,,,1,,,,,1,228,,0.0,1,,,,,,1,228,,0.0,1,1,228,,0.0,,,,,,,,,1,1,228,,0.0,1,1
229,qi2ozrxw,,0,0,24,,,,0,,,0.0,qd0ydl2t,,,,,0,complete_human,0.5,1,0,0,0.1,0,229,,0.0,,1,1,229,,0.0,1,,1,229,,0.0,,,,,,,1,,,,,1,229,,0.0,1,,,,,,1,229,,0.0,1,1,229,,0.0,,,,,,,,,1,1,229,,0.0,1,1
230,r77dwlxj,,0,0,24,,,,0,,,0.0,qd0ydl2t,,,,,0,complete_human,0.5,1,0,0,0.1,0,230,,0.0,,1,1,230,,0.0,1,,1,230,,0.0,,,,,,,1,,,,,1,230,,0.0,1,,,,,,1,230,,0.0,1,1,230,,0.0,,,,,,,,,1,1,230,,0.0,1,1
231,js8m8h7i,,0,0,24,,,,0,,,0.0,qd0ydl2t,,,,,0,complete_human,0.5,1,0,0,0.1,0,231,,0.0,,1,1,231,,0.0,1,,1,231,,0.0,,,,,,,1,,,,,1,231,,0.0,1,,,,,,1,231,,0.0,1,1,231,,0.0,,,,,,,,,1,1,231,,0.0,1,1
232,z2lq51lz,,0,0,24,,,,0,,,0.0,qd0ydl2t,,,,,0,complete_human,0.5,1,0,0,0.1,0,232,,0.0,,1,1,232,,0.0,1,,1,232,,0.0,,,,,,,1,,,,,1,232,,0.0,1,,,,,,1,232,,0.0,1,1,232,,0.0,,,,,,,,,1,1,232,,0.0,1,1
233,l3717s6x,,0,0,24,,,,0,,,0.0,qd0ydl2t,,,,,0,complete_human,0.5,1,0,0,0.1,0,233,,0.0,,1,1,233,,0.0,1,,1,233,,0.0,,,,,,,1,,,,,1,233,,0.0,1,,,,,,1,233,,0.0,1,1,233,,0.0,,,,,,,,,1,1,233,,0.0,1,1
234,qvxwuvvl,,0,0,24,,,,0,,,0.0,qd0ydl2t,,,,,0,complete_human,0.5,1,0,0,0.1,0,234,,0.0,,1,1,234,,0.0,1,,1,234,,0.0,,,,,,,1,,,,,1,234,,0.0,1,,,,,,1,234,,0.0,1,1,234,,0.0,,,,,,,,,1,1,234,,0.0,1,1
235,667n2n0n,,0,0,24,,,,0,,,0.0,qd0ydl2t,,,,,0,complete_human,0.5,1,0,0,0.1,0,235,,0.0,,1,1,235,,0.0,1,,1,235,,0.0,,,,,,,1,,,,,1,235,,0.0,1,,,,,,1,235,,0.0,1,1,235,,0.0,,,,,,,,,1,1,235,,0.0,1,1
236,0yhw8ru7,,0,0,24,,,,0,,,0.0,qd0ydl2t,,,,,0,complete_human,0.5,1,0,0,0.1,0,236,,0.0,,1,1,236,,0.0,1,,1,236,,0.0,,,,,,,1,,,,,1,236,,0.0,1,,,,,,1,236,,0.0,1,1,236,,0.0,,,,,,,,,1,1,236,,0.0,1,1
237,brlqxw5r,,0,0,24,,,,0,,,0.0,qd0ydl2t,,,,,0,complete_human,0.5,1,0,0,0.1,0,237,,0.0,,1,1,237,,0.0,1,,1,237,,0.0,,,,,,,1,,,,,1,237,,0.0,1,,,,,,1,237,,0.0,1,1,237,,0.0,,,,,,,,,1,1,237,,0.0,1,1
238,so6lp2d5,,0,0,24,,,,0,,,0.0,qd0ydl2t,,,,,0,complete_human,0.5,1,0,0,0.1,0,238,,0.0,,1,1,238,,0.0,1,,1,238,,0.0,,,,,,,1,,,,,1,238,,0.0,1,,,,,,1,238,,0.0,1,1,238,,0.0,,,,,,,,,1,1,238,,0.0,1,1
239,nnkwz3d3,,0,0,24,,,,0,,,0.0,qd0ydl2t,,,,,0,complete_human,0.5,1,0,0,0.1,0,239,,0.0,,1,1,239,,0.0,1,,1,239,,0.0,,,,,,,1,,,,,1,239,,0.0,1,,,,,,1,239,,0.0,1,1,239,,0.0,,,,,,,,,1,1,239,,0.0,1,1
240,o9erziq3,,0,0,24,,,,0,,,0.0,qd0ydl2t,,,,,0,complete_human,0.5,1,0,0,0.1,0,240,,0.0,,1,1,240,,0.0,1,,1,240,,0.0,,,,,,,1,,,,,1,240,,0.0,1,,,,,,1,240,,0.0,1,1,240,,0.0,,,,,,,,,1,1,240,,0.0,1,1
241,snwui0os,,0,0,24,,,,0,,,0.0,qd0ydl2t,,,,,0,complete_human,0.5,1,0,0,0.1,0,241,,0.0,,1,1,241,,0.0,1,,1,241,,0.0,,,,,,,1,,,,,1,241,,0.0,1,,,,,,1,241,,0.0,1,1,241,,0.0,,,,,,,,,1,1,241,,0.0,1,1
242,rm6pzg1n,,0,0,24,,,,0,,,0.0,qd0ydl2t,,,,,0,complete_human,0.5,1,0,0,0.1,0,242,,0.0,,1,1,242,,0.0,1,,1,242,,0.0,,,,,,,1,,,,,1,242,,0.0,1,,,,,,1,242,,0.0,1,1,242,,0.0,,,,,,,,,1,1,242,,0.0,1,1
243,e4qr6jwx,,0,0,24,,,,0,,,0.0,qd0ydl2t,,,,,0,complete_human,0.5,1,0,0,0.1,0,243,,0.0,,1,1,243,,0.0,1,,1,243,,0.0,,,,,,,1,,,,,1,243,,0.0,1,,,,,,1,243,,0.0,1,1,243,,0.0,,,,,,,,,1,1,243,,0.0,1,1
244,g4azszo6,,0,0,24,,,,0,,,0.0,qd0ydl2t,,,,,0,complete_human,0.5,1,0,0,0.1,0,244,,0.0,,1,1,244,,0.0,1,,1,244,,0.0,,,,,,,1,,,,,1,244,,0.0,1,,,,,,1,244,,0.0,1,1,244,,0.0,,,,,,,,,1,1,244,,0.0,1,1
245,54ef7w2q,,0,0,24,,,,0,,,0.0,qd0ydl2t,,,,,0,complete_human,0.5,1,0,0,0.1,0,245,,0.0,,1,1,245,,0.0,1,,1,245,,0.0,,,,,,,1,,,,,1,245,,0.0,1,,,,,,1,245,,0.0,1,1,245,,0.0,,,,,,,,,1,1,245,,0.0,1,1
246,ri3hp5kr,,0,0,24,,,,0,,,0.0,qd0ydl2t,,,,,0,complete_human,0.5,1,0,0,0.1,0,246,,0.0,,1,1,246,,0.0,1,,1,246,,0.0,,,,,,,1,,,,,1,246,,0.0,1,,,,,,1,246,,0.0,1,1,246,,0.0,,,,,,,,,1,1,246,,0.0,1,1
247,hi9kbxvi,,0,0,24,,,,0,,,0.0,qd0ydl2t,,,,,0,complete_human,0.5,1,0,0,0.1,0,247,,0.0,,1,1,247,,0.0,1,,1,247,,0.0,,,,,,,1,,,,,1,247,,0.0,1,,,,,,1,247,,0.0,1,1,247,,0.0,,,,,,,,,1,1,247,,0.0,1,1
248,6lz8u2dz,,0,0,24,,,,0,,,0.0,qd0ydl2t,,,,,0,complete_human,0.5,1,0,0,0.1,0,248,,0.0,,1,1,248,,0.0,1,,1,248,,0.0,,,,,,,1,,,,,1,248,,0.0,1,,,,,,1,248,,0.0,1,1,248,,0.0,,,,,,,,,1,1,248,,0.0,1,1
249,kgy3y9rp,,0,0,24,,,,0,,,0.0,qd0ydl2t,,,,,0,complete_human,0.5,1,0,0,0.1,0,249,,0.0,,1,1,249,,0.0,1,,1,249,,0.0,,,,,,,1,,,,,1,249,,0.0,1,,,,,,1,249,,0.0,1,1,249,,0.0,,,,,,,,,1,1,249,,0.0,1,1
250,8omz1523,,0,0,24,,,,0,,,0.0,qd0ydl2t,,,,,0,complete_human,0.5,1,0,0,0.1,0,250,,0.0,,1,1,250,,0.0,1,,1,250,,0.0,,,,,,,1,,,,,1,250,,0.0,1,,,,,,1,250,,0.0,1,1,250,,0.0,,,,,,,,,1,1,250,,0.0,1,1
251,ie27asyv,,0,0,24,,,,0,,,0.0,qd0ydl2t,,,,,0,complete_human,0.5,1,0,0,0.1,0,251,,0.0,,1,1,251,,0.0,1,,1,251,,0.0,,,,,,,1,,,,,1,251,,0.0,1,,,,,,1,251,,0.0,1,1,251,,0.0,,,,,,,,,1,1,251,,0.0,1,1
252,oar7dg5j,,0,0,24,,,,0,,,0.0,qd0ydl2t,,,,,0,complete_human,0.5,1,0,0,0.1,0,252,,0.0,,1,1,252,,0.0,1,,1,252,,0.0,,,,,,,1,,,,,1,252,,0.0,1,,,,,,1,252,,0.0,1,1,252,,0.0,,,,,,,,,1,1,252,,0.0,1,1
253,8efejnix,,0,0,24,,,,0,,,0.0,qd0ydl2t,,,,,0,complete_human,0.5,1,0,0,0.1,0,253,,0.0,,1,1,253,,0.0,1,,1,253,,0.0,,,,,,,1,,,,,1,253,,0.0,1,,,,,,1,253,,0.0,1,1,253,,0.0,,,,,,,,,1,1,253,,0.0,1,1
254,7bi9lxav,,0,0,24,,,,0,,,0.0,qd0ydl2t,,,,,0,complete_human,0.5,1,0,0,0.1,0,254,,0.0,,1,1,254,,0.0,1,,1,254,,0.0,,,,,,,1,,,,,1,254,,0.0,1,,,,,,1,254,,0.0,1,1,254,,0.0,,,,,,,,,1,1,254,,0.0,1,1
255,n9wz87tj,,0,0,24,,,,0,,,0.0,qd0ydl2t,,,,,0,complete_human,0.5,1,0,0,0.1,0,255,,0.0,,1,1,255,,0.0,1,,1,255,,0.0,,,,,,,1,,,,,1,255,,0.0,1,,,,,,1,255,,0.0,1,1,255,,0.0,,,,,,,,,1,1,255,,0.0,1,1
256,2at3hxg1,,0,0,24,,,,0,,,0.0,qd0ydl2t,,,,,0,complete_human,0.5,1,0,0,0.1,0,256,,0.0,,1,1,256,,0.0,1,,1,256,,0.0,,,,,,,1,,,,,1,256,,0.0,1,,,,,,1,256,,0.0,1,1,256,,0.0,,,,,,,,,1,1,256,,0.0,1,1
257,c6uzeygc,,0,0,24,,,,0,,,0.0,qd0ydl2t,,,,,0,complete_human,0.5,1,0,0,0.1,0,257,,0.0,,1,1,257,,0.0,1,,1,257,,0.0,,,,,,,1,,,,,1,257,,0.0,1,,,,,,1,257,,0.0,1,1,257,,0.0,,,,,,,,,1,1,257,,0.0,1,1
258,7tje42xz,,0,0,24,,,,0,,,0.0,qd0ydl2t,,,,,0,complete_human,0.5,1,0,0,0.1,0,258,,0.0,,1,1,258,,0.0,1,,1,258,,0.0,,,,,,,1,,,,,1,258,,0.0,1,,,,,,1,258,,0.0,1,1,258,,0.0,,,,,,,,,1,1,258,,0.0,1,1
259,o2zk8p9n,,0,0,24,,,,0,,,0.0,qd0ydl2t,,,,,0,complete_human,0.5,1,0,0,0.1,0,259,,0.0,,1,1,259,,0.0,1,,1,259,,0.0,,,,,,,1,,,,,1,259,,0.0,1,,,,,,1,259,,0.0,1,1,259,,0.0,,,,,,,,,1,1,259,,0.0,1,1
260,nw2xku3n,,0,0,24,,,,0,,,0.0,qd0ydl2t,,,,,0,complete_human,0.5,1,0,0,0.1,0,260,,0.0,,1,1,260,,0.0,1,,1,260,,0.0,,,,,,,1,,,,,1,260,,0.0,1,,,,,,1,260,,0.0,1,1,260,,0.0,,,,,,,,,1,1,260,,0.0,1,1
261,3eh4nxz6,,0,0,24,,,,0,,,0.0,qd0ydl2t,,,,,0,complete_human,0.5,1,0,0,0.1,0,261,,0.0,,1,1,261,,0.0,1,,1,261,,0.0,,,,,,,1,,,,,1,261,,0.0,1,,,,,,1,261,,0.0,1,1,261,,0.0,,,,,,,,,1,1,261,,0.0,1,1
262,4kmn3a86,,0,0,24,,,,0,,,0.0,qd0ydl2t,,,,,0,complete_human,0.5,1,0,0,0.1,0,262,,0.0,,1,1,262,,0.0,1,,1,262,,0.0,,,,,,,1,,,,,1,262,,0.0,1,,,,,,1,262,,0.0,1,1,262,,0.0,,,,,,,,,1,1,262,,0.0,1,1
263,fqbxfndw,,0,0,24,,,,0,,,0.0,qd0ydl2t,,,,,0,complete_human,0.5,1,0,0,0.1,0,263,,0.0,,1,1,263,,0.0,1,,1,263,,0.0,,,,,,,1,,,,,1,263,,0.0,1,,,,,,1,263,,0.0,1,1,263,,0.0,,,,,,,,,1,1,263,,0.0,1,1
264,e2bxgiww,,0,0,24,,,,0,,,0.0,qd0ydl2t,,,,,0,complete_human,0.5,1,0,0,0.1,0,264,,0.0,,1,1,264,,0.0,1,,1,264,,0.0,,,,,,,1,,,,,1,264,,0.0,1,,,,,,1,264,,0.0,1,1,264,,0.0,,,,,,,,,1,1,264,,0.0,1,1
265,fkz8lnd2,,0,0,24,,,,0,,,0.0,qd0ydl2t,,,,,0,complete_human,0.5,1,0,0,0.1,0,265,,0.0,,1,1,265,,0.0,1,,1,265,,0.0,,,,,,,1,,,,,1,265,,0.0,1,,,,,,1,265,,0.0,1,1,265,,0.0,,,,,,,,,1,1,265,,0.0,1,1
266,fz05b6hv,,0,0,24,,,,0,,,0.0,qd0ydl2t,,,,,0,complete_human,0.5,1,0,0,0.1,0,266,,0.0,,1,1,266,,0.0,1,,1,266,,0.0,,,,,,,1,,,,,1,266,,0.0,1,,,,,,1,266,,0.0,1,1,266,,0.0,,,,,,,,,1,1,266,,0.0,1,1
267,yxhk5foj,,0,0,24,,,,0,,,0.0,qd0ydl2t,,,,,0,complete_human,0.5,1,0,0,0.1,0,267,,0.0,,1,1,267,,0.0,1,,1,267,,0.0,,,,,,,1,,,,,1,267,,0.0,1,,,,,,1,267,,0.0,1,1,267,,0.0,,,,,,,,,1,1,267,,0.0,1,1
268,ef1tf9z2,,0,0,24,,,,0,,,0.0,qd0ydl2t,,,,,0,complete_human,0.5,1,0,0,0.1,0,268,,0.0,,1,1,268,,0.0,1,,1,268,,0.0,,,,,,,1,,,,,1,268,,0.0,1,,,,,,1,268,,0.0,1,1,268,,0.0,,,,,,,,,1,1,268,,0.0,1,1
269,4uce8egy,,0,0,24,,,,0,,,0.0,qd0ydl2t,,,,,0,complete_human,0.5,1,0,0,0.1,0,269,,0.0,,1,1,269,,0.0,1,,1,269,,0.0,,,,,,,1,,,,,1,269,,0.0,1,,,,,,1,269,,0.0,1,1,269,,0.0,,,,,,,,,1,1,269,,0.0,1,1
270,ax2g8h95,,0,0,24,,,,0,,,0.0,qd0ydl2t,,,,,0,complete_human,0.5,1,0,0,0.1,0,270,,0.0,,1,1,270,,0.0,1,,1,270,,0.0,,,,,,,1,,,,,1,270,,0.0,1,,,,,,1,270,,0.0,1,1,270,,0.0,,,,,,,,,1,1,270,,0.0,1,1
271,dyliwv8q,,0,0,24,,,,0,,,0.0,qd0ydl2t,,,,,0,complete_human,0.5,1,0,0,0.1,0,271,,0.0,,1,1,271,,0.0,1,,1,271,,0.0,,,,,,,1,,,,,1,271,,0.0,1,,,,,,1,271,,0.0,1,1,271,,0.0,,,,,,,,,1,1,271,,0.0,1,1
272,277sbbr8,,0,0,24,,,,0,,,0.0,qd0ydl2t,,,,,0,complete_human,0.5,1,0,0,0.1,0,272,,0.0,,1,1,272,,0.0,1,,1,272,,0.0,,,,,,,1,,,,,1,272,,0.0,1,,,,,,1,272,,0.0,1,1,272,,0.0,,,,,,,,,1,1,272,,0.0,1,1
273,hr4rdwt1,,0,0,24,,,,0,,,0.0,qd0ydl2t,,,,,0,complete_human,0.5,1,0,0,0.1,0,273,,0.0,,1,1,273,,0.0,1,,1,273,,0.0,,,,,,,1,,,,,1,273,,0.0,1,,,,,,1,273,,0.0,1,1,273,,0.0,,,,,,,,,1,1,273,,0.0,1,1
274,uiuw9ws3,,0,0,24,,,,0,,,0.0,qd0ydl2t,,,,,0,complete_human,0.5,1,0,0,0.1,0,274,,0.0,,1,1,274,,0.0,1,,1,274,,0.0,,,,,,,1,,,,,1,274,,0.0,1,,,,,,1,274,,0.0,1,1,274,,0.0,,,,,,,,,1,1,274,,0.0,1,1
275,j585gykq,,0,0,24,,,,0,,,0.0,qd0ydl2t,,,,,0,complete_human,0.5,1,0,0,0.1,0,275,,0.0,,1,1,275,,0.0,1,,1,275,,0.0,,,,,,,1,,,,,1,275,,0.0,1,,,,,,1,275,,0.0,1,1,275,,0.0,,,,,,,,,1,1,275,,0.0,1,1
276,ufkswnvv,,0,0,24,,,,0,,,0.0,qd0ydl2t,,,,,0,complete_human,0.5,1,0,0,0.1,0,276,,0.0,,1,1,276,,0.0,1,,1,276,,0.0,,,,,,,1,,,,,1,276,,0.0,1,,,,,,1,276,,0.0,1,1,276,,0.0,,,,,,,,,1,1,276,,0.0,1,1
277,ccwu15nu,,0,0,24,,,,0,,,0.0,qd0ydl2t,,,,,0,complete_human,0.5,1,0,0,0.1,0,277,,0.0,,1,1,277,,0.0,1,,1,277,,0.0,,,,,,,1,,,,,1,277,,0.0,1,,,,,,1,277,,0.0,1,1,277,,0.0,,,,,,,,,1,1,277,,0.0,1,1
278,95sl2ouo,,0,0,24,,,,0,,,0.0,qd0ydl2t,,,,,0,complete_human,0.5,1,0,0,0.1,0,278,,0.0,,1,1,278,,0.0,1,,1,278,,0.0,,,,,,,1,,,,,1,278,,0.0,1,,,,,,1,278,,0.0,1,1,278,,0.0,,,,,,,,,1,1,278,,0.0,1,1
279,cwcuf05a,,0,0,24,,,,0,,,0.0,qd0ydl2t,,,,,0,complete_human,0.5,1,0,0,0.1,0,279,,0.0,,1,1,279,,0.0,1,,1,279,,0.0,,,,,,,1,,,,,1,279,,0.0,1,,,,,,1,279,,0.0,1,1,279,,0.0,,,,,,,,,1,1,279,,0.0,1,1
280,f45gz5sh,,0,0,24,,,,0,,,0.0,qd0ydl2t,,,,,0,complete_human,0.5,1,0,0,0.1,0,280,,0.0,,1,1,280,,0.0,1,,1,280,,0.0,,,,,,,1,,,,,1,280,,0.0,1,,,,,,1,280,,0.0,1,1,280,,0.0,,,,,,,,,1,1,280,,0.0,1,1
281,r34ybke3,,0,0,24,,,,0,,,0.0,qd0ydl2t,,,,,0,complete_human,0.5,1,0,0,0.1,0,281,,0.0,,1,1,281,,0.0,1,,1,281,,0.0,,,,,,,1,,,,,1,281,,0.0,1,,,,,,1,281,,0.0,1,1,281,,0.0,,,,,,,,,1,1,281,,0.0,1,1
282,39m0dwwb,,0,0,24,,,,0,,,0.0,qd0ydl2t,,,,,0,complete_human,0.5,1,0,0,0.1,0,282,,0.0,,1,1,282,,0.0,1,,1,282,,0.0,,,,,,,1,,,,,1,282,,0.0,1,,,,,,1,282,,0.0,1,1,282,,0.0,,,,,,,,,1,1,282,,0.0,1,1
283,b8lhqinz,,0,0,24,,,,0,,,0.0,qd0ydl2t,,,,,0,complete_human,0.5,1,0,0,0.1,0,283,,0.0,,1,1,283,,0.0,1,,1,283,,0.0,,,,,,,1,,,,,1,283,,0.0,1,,,,,,1,283,,0.0,1,1,283,,0.0,,,,,,,,,1,1,283,,0.0,1,1
284,jc9nxg9q,,0,0,24,,,,0,,,0.0,qd0ydl2t,,,,,0,complete_human,0.5,1,0,0,0.1,0,284,,0.0,,1,1,284,,0.0,1,,1,284,,0.0,,,,,,,1,,,,,1,284,,0.0,1,,,,,,1,284,,0.0,1,1,284,,0.0,,,,,,,,,1,1,284,,0.0,1,1
285,ijk5y9mk,,0,0,24,,,,0,,,0.0,qd0ydl2t,,,,,0,complete_human,0.5,1,0,0,0.1,0,285,,0.0,,1,1,285,,0.0,1,,1,285,,0.0,,,,,,,1,,,,,1,285,,0.0,1,,,,,,1,285,,0.0,1,1,285,,0.0,,,,,,,,,1,1,285,,0.0,1,1
286,5741uvnw,,0,0,24,,,,0,,,0.0,qd0ydl2t,,,,,0,complete_human,0.5,1,0,0,0.1,0,286,,0.0,,1,1,286,,0.0,1,,1,286,,0.0,,,,,,,1,,,,,1,286,,0.0,1,,,,,,1,286,,0.0,1,1,286,,0.0,,,,,,,,,1,1,286,,0.0,1,1
287,ezttzl40,,0,0,24,,,,0,,,0.0,qd0ydl2t,,,,,0,complete_human,0.5,1,0,0,0.1,0,287,,0.0,,1,1,287,,0.0,1,,1,287,,0.0,,,,,,,1,,,,,1,287,,0.0,1,,,,,,1,287,,0.0,1,1,287,,0.0,,,,,,,,,1,1,287,,0.0,1,1
288,p5i660pk,,0,0,24,,,,0,,,0.0,qd0ydl2t,,,,,0,complete_human,0.5,1,0,0,0.1,0,288,,0.0,,1,1,288,,0.0,1,,1,288,,0.0,,,,,,,1,,,,,1,288,,0.0,1,,,,,,1,288,,0.0,1,1,288,,0.0,,,,,,,,,1,1,288,,0.0,1,1
289,ixjajjjd,,0,0,24,,,,0,,,0.0,qd0ydl2t,,,,,0,complete_human,0.5,1,0,0,0.1,0,289,,0.0,,1,1,289,,0.0,1,,1,289,,0.0,,,,,,,1,,,,,1,289,,0.0,1,,,,,,1,289,,0.0,1,1,289,,0.0,,,,,,,,,1,1,289,,0.0,1,1
290,m8zte8ai,,0,0,24,,,,0,,,0.0,qd0ydl2t,,,,,0,complete_human,0.5,1,0,0,0.1,0,290,,0.0,,1,1,290,,0.0,1,,1,290,,0.0,,,,,,,1,,,,,1,290,,0.0,1,,,,,,1,290,,0.0,1,1,290,,0.0,,,,,,,,,1,1,290,,0.0,1,1
291,if84884q,,0,0,24,,,,0,,,0.0,qd0ydl2t,,,,,0,complete_human,0.5,1,0,0,0.1,0,291,,0.0,,1,1,291,,0.0,1,,1,291,,0.0,,,,,,,1,,,,,1,291,,0.0,1,,,,,,1,291,,0.0,1,1,291,,0.0,,,,,,,,,1,1,291,,0.0,1,1
292,i5r37z6u,,0,0,24,,,,0,,,0.0,qd0ydl2t,,,,,0,complete_human,0.5,1,0,0,0.1,0,292,,0.0,,1,1,292,,0.0,1,,1,292,,0.0,,,,,,,1,,,,,1,292,,0.0,1,,,,,,1,292,,0.0,1,1,292,,0.0,,,,,,,,,1,1,292,,0.0,1,1
293,62zxu63j,,0,0,24,,,,0,,,0.0,qd0ydl2t,,,,,0,complete_human,0.5,1,0,0,0.1,0,293,,0.0,,1,1,293,,0.0,1,,1,293,,0.0,,,,,,,1,,,,,1,293,,0.0,1,,,,,,1,293,,0.0,1,1,293,,0.0,,,,,,,,,1,1,293,,0.0,1,1
294,yt8qdxrm,,0,0,24,,,,0,,,0.0,qd0ydl2t,,,,,0,complete_human,0.5,1,0,0,0.1,0,294,,0.0,,1,1,294,,0.0,1,,1,294,,0.0,,,,,,,1,,,,,1,294,,0.0,1,,,,,,1,294,,0.0,1,1,294,,0.0,,,,,,,,,1,1,294,,0.0,1,1
295,3rm597s1,,0,0,24,,,,0,,,0.0,qd0ydl2t,,,,,0,complete_human,0.5,1,0,0,0.1,0,295,,0.0,,1,1,295,,0.0,1,,1,295,,0.0,,,,,,,1,,,,,1,295,,0.0,1,,,,,,1,295,,0.0,1,1,295,,0.0,,,,,,,,,1,1,295,,0.0,1,1
296,mye2daj3,,0,0,24,,,,0,,,0.0,qd0ydl2t,,,,,0,complete_human,0.5,1,0,0,0.1,0,296,,0.0,,1,1,296,,0.0,1,,1,296,,0.0,,,,,,,1,,,,,1,296,,0.0,1,,,,,,1,296,,0.0,1,1,296,,0.0,,,,,,,,,1,1,296,,0.0,1,1
297,8du6ocew,,0,0,24,,,,0,,,0.0,qd0ydl2t,,,,,0,complete_human,0.5,1,0,0,0.1,0,297,,0.0,,1,1,297,,0.0,1,,1,297,,0.0,,,,,,,1,,,,,1,297,,0.0,1,,,,,,1,297,,0.0,1,1,297,,0.0,,,,,,,,,1,1,297,,0.0,1,1
298,poo7uaji,,0,0,24,,,,0,,,0.0,qd0ydl2t,,,,,0,complete_human,0.5,1,0,0,0.1,0,298,,0.0,,1,1,298,,0.0,1,,1,298,,0.0,,,,,,,1,,,,,1,298,,0.0,1,,,,,,1,298,,0.0,1,1,298,,0.0,,,,,,,,,1,1,298,,0.0,1,1
299,bi860uv4,,0,0,24,,,,0,,,0.0,qd0ydl2t,,,,,0,complete_human,0.5,1,0,0,0.1,0,299,,0.0,,1,1,299,,0.0,1,,1,299,,0.0,,,,,,,1,,,,,1,299,,0.0,1,,,,,,1,299,,0.0,1,1,299,,0.0,,,,,,,,,1,1,299,,0.0,1,1
300,0kwqthgn,,0,0,24,,,,0,,,0.0,qd0ydl2t,,,,,0,complete_human,0.5,1,0,0,0.1,0,300,,0.0,,1,1,300,,0.0,1,,1,300,,0.0,,,,,,,1,,,,,1,300,,0.0,1,,,,,,1,300,,0.0,1,1,300,,0.0,,,,,,,,,1,1,300,,0.0,1,1
