participant.id_in_session,participant.code,participant.label,participant._is_bot,participant._index_in_pages,participant._max_page_index,participant._current_app_name,participant._current_page_name,participant.time_started_utc,participant.visited,participant.mturk_worker_id,participant.mturk_assignment_id,participant.payoff,player.id_in_group,player.role,player.payoff,group.id_in_subsession,subsession.round_number,session.code,session.label,session.mturk_HITId,session.mturk_HITGroupId,session.comment,session.is_demo
1,u55bqbgq,5ed559e5afbd830e2117ed55,0,24,24,final_screen,EndOfExperiment,2021-12-13 18:04:56.213573,1,,,10.0,1,,0.0,1,1,qd0ydl2t,,,,,0
2,2mxr8wk1,5607080ed7def20012b733c3,0,24,24,final_screen,EndOfExperiment,2021-12-13 18:05:00.273677,1,,,5.0,2,,0.0,1,1,qd0ydl2t,,,,,0
3,88kiqr9x,56e130548b1c33000a388671,0,24,24,final_screen,EndOfExperiment,2021-12-13 18:05:03.622286,1,,,9.0,3,,0.0,1,1,qd0ydl2t,,,,,0
4,4xdn9uid,614e0825d40616c90ebc1d49,0,24,24,final_screen,EndOfExperiment,2021-12-13 18:05:04.749777,1,,,14.0,4,,0.0,1,1,qd0ydl2t,,,,,0
5,obx7d1nb,5ac4c721e1099600016a823b,0,24,24,final_screen,EndOfExperiment,2021-12-13 18:05:05.829690,1,,,7.0,5,,0.0,1,1,qd0ydl2t,,,,,0
6,b6ert0e3,5dc592c6aa431440aa755d5b,0,24,24,final_screen,EndOfExperiment,2021-12-13 18:05:07.596210,1,,,5.0,6,,0.0,1,1,qd0ydl2t,,,,,0
7,u8ixqpqg,5bd0d9bf25db7b0001786a5b,0,24,24,final_screen,EndOfExperiment,2021-12-13 18:05:07.846099,1,,,0.0,7,,0.0,1,1,qd0ydl2t,,,,,0
8,q42c5yh6,5f77b0c71436cf1d275d79d0,0,24,24,final_screen,EndOfExperiment,2021-12-13 18:05:08.211954,1,,,5.0,8,,0.0,1,1,qd0ydl2t,,,,,0
9,9ryxnrou,60712d937752fb8780e89951,0,24,24,final_screen,EndOfExperiment,2021-12-13 18:05:09.077226,1,,,11.0,9,,0.0,1,1,qd0ydl2t,,,,,0
10,ftalyn53,6111234ac8cfa49e38acbfb4,0,24,24,final_screen,EndOfExperiment,2021-12-13 18:05:09.987261,1,,,10.0,10,,0.0,1,1,qd0ydl2t,,,,,0
11,chd3ixpk,60e657938cf62fc6336423bb,0,24,24,final_screen,EndOfExperiment,2021-12-13 18:05:12.011412,1,,,5.0,11,,0.0,1,1,qd0ydl2t,,,,,0
12,yqg8vbsw,606ccdcf683538f9d9419171,0,24,24,final_screen,EndOfExperiment,2021-12-13 18:05:12.082678,1,,,5.0,12,,0.0,1,1,qd0ydl2t,,,,,0
13,2zkoy2m9,614f3f044ab295ed97809caa,0,24,24,final_screen,EndOfExperiment,2021-12-13 18:05:12.627660,1,,,5.0,13,,0.0,1,1,qd0ydl2t,,,,,0
14,3dumg7cv,5f4912fc3c25512e73761c48,0,24,24,final_screen,EndOfExperiment,2021-12-13 18:05:12.936008,1,,,5.0,14,,0.0,1,1,qd0ydl2t,,,,,0
15,91ezcz1i,61366a0250ad37452b08b9a3,0,24,24,final_screen,EndOfExperiment,2021-12-13 18:05:13.818630,1,,,7.0,15,,0.0,1,1,qd0ydl2t,,,,,0
16,oxvwr0kc,56bfba439f7a1e000afdcba9,0,24,24,final_screen,EndOfExperiment,2021-12-13 18:05:13.974126,1,,,9.0,16,,0.0,1,1,qd0ydl2t,,,,,0
17,kkwvut20,13gEOT731E6m9Z975LqnnOS7,0,1,24,introduction,ID,2021-12-13 18:05:16.312017,1,,,0.0,17,,0.0,1,1,qd0ydl2t,,,,,0
18,w6ey8iay,5f08891e392f740a659bbc7d,0,24,24,final_screen,EndOfExperiment,2021-12-13 18:05:16.366014,1,,,5.0,18,,0.0,1,1,qd0ydl2t,,,,,0
19,93hm68l5,611688156f6d22853511ffb3,0,24,24,final_screen,EndOfExperiment,2021-12-13 18:05:17.129840,1,,,5.0,19,,0.0,1,1,qd0ydl2t,,,,,0
20,3g62b71b,6168a697ae9f4d8dcfada29b,0,24,24,final_screen,EndOfExperiment,2021-12-13 18:05:19.203515,1,,,5.0,20,,0.0,1,1,qd0ydl2t,,,,,0
21,mww9m1kw,55b424e1fdf99b526efcf8d0,0,24,24,final_screen,EndOfExperiment,2021-12-13 18:05:19.580758,1,,,9.0,21,,0.0,1,1,qd0ydl2t,,,,,0
22,kvsgoivs,614f24a17833e1e4b7184fae,0,24,24,final_screen,EndOfExperiment,2021-12-13 18:05:20.992190,1,,,5.0,22,,0.0,1,1,qd0ydl2t,,,,,0
23,uabtjl8z,57f2da5c6c19420001438d19,0,24,24,final_screen,EndOfExperiment,2021-12-13 18:05:21.862715,1,,,5.0,23,,0.0,1,1,qd0ydl2t,,,,,0
24,8ejqe502,60ebd106ca635af4d76098cd,0,15,24,ultimatum_human_strategy,GroupWaitPage,2021-12-13 18:05:23.202446,1,,,0.0,24,,0.0,1,1,qd0ydl2t,,,,,0
25,96rtfup6,5f5452df72345118f58d187b,0,24,24,final_screen,EndOfExperiment,2021-12-13 18:05:34.896799,1,,,5.0,25,,0.0,1,1,qd0ydl2t,,,,,0
26,lqltbv1w,60fd7cb83d3fd9e74b6c9d43,0,24,24,final_screen,EndOfExperiment,2021-12-13 18:05:50.840576,1,,,5.0,26,,0.0,1,1,qd0ydl2t,,,,,0
27,for23wln,5d42486206811e001ada5b4b,0,24,24,final_screen,EndOfExperiment,2021-12-13 18:06:15.164171,1,,,8.0,27,,0.0,1,1,qd0ydl2t,,,,,0
28,64zpakgo,5e3adfc595ff562fbdd130fa,0,24,24,final_screen,EndOfExperiment,2021-12-13 18:06:58.690707,1,,,8.0,28,,0.0,1,1,qd0ydl2t,,,,,0
29,2d7yb6gn,60f19f3b96865df57e8444ce,0,24,24,final_screen,EndOfExperiment,2021-12-13 18:07:04.279554,1,,,7.0,29,,0.0,1,1,qd0ydl2t,,,,,0
30,kay5osy6,5f919a881f37510203a7a638,0,24,24,final_screen,EndOfExperiment,2021-12-13 18:07:35.711395,1,,,9.0,30,,0.0,1,1,qd0ydl2t,,,,,0
31,ephpbfz3,615ddab1e4f013092538b6c5,0,24,24,final_screen,EndOfExperiment,2021-12-13 18:08:03.028642,1,,,10.0,31,,0.0,1,1,qd0ydl2t,,,,,0
32,oaty9y89,5d612ae16512d700159face7,0,24,24,final_screen,EndOfExperiment,2021-12-13 18:08:05.255222,1,,,5.0,32,,0.0,1,1,qd0ydl2t,,,,,0
33,zhrfysu3,5d1d073e2741ce0019113c67,0,24,24,final_screen,EndOfExperiment,2021-12-13 18:08:07.800655,1,,,14.0,33,,0.0,1,1,qd0ydl2t,,,,,0
34,o0i89mcf,59dc458f77860e000151240e,0,24,24,final_screen,EndOfExperiment,2021-12-13 18:08:09.537713,1,,,10.0,34,,0.0,1,1,qd0ydl2t,,,,,0
35,o37ez5sz,5be6e664d86075000145bf44,0,24,24,final_screen,EndOfExperiment,2021-12-13 18:08:11.379382,1,,,5.0,35,,0.0,1,1,qd0ydl2t,,,,,0
36,hrevkl7n,5dc9a8c72e81ea87179e0f55,0,24,24,final_screen,EndOfExperiment,2021-12-13 18:08:12.135017,1,,,5.0,36,,0.0,1,1,qd0ydl2t,,,,,0
37,6tas2bg4,5e14d563c4e155ae93907ae1,0,24,24,final_screen,EndOfExperiment,2021-12-13 18:08:12.719027,1,,,5.0,37,,0.0,1,1,qd0ydl2t,,,,,0
38,5rc6hefk,5f4a7a00dc1bde60ab8f7ac5,0,24,24,final_screen,EndOfExperiment,2021-12-13 18:08:13.641402,1,,,0.0,38,,0.0,1,1,qd0ydl2t,,,,,0
39,c46txdt2,60fcd7c233a5e135b4965e06,0,24,24,final_screen,EndOfExperiment,2021-12-13 18:08:14.466887,1,,,8.0,39,,0.0,1,1,qd0ydl2t,,,,,0
40,nfyp9en3,5fe76396a4feb05bf1629a6c,0,24,24,final_screen,EndOfExperiment,2021-12-13 18:08:15.905195,1,,,7.0,40,,0.0,1,1,qd0ydl2t,,,,,0
41,h3c2ynv3,5c5aecc774a76f0001a25ced,0,24,24,final_screen,EndOfExperiment,2021-12-13 18:08:16.507112,1,,,9.0,41,,0.0,1,1,qd0ydl2t,,,,,0
42,68sjnjx9,60ff82f49fbecec33107d890,0,24,24,final_screen,EndOfExperiment,2021-12-13 18:08:16.805187,1,,,9.0,42,,0.0,1,1,qd0ydl2t,,,,,0
43,89c50ntb,56bb6812bf2129000b53ce26,0,24,24,final_screen,EndOfExperiment,2021-12-13 18:08:17.640983,1,,,5.0,43,,0.0,1,1,qd0ydl2t,,,,,0
44,0hd8scwh,6074b929f753216d88c77e88,0,24,24,final_screen,EndOfExperiment,2021-12-13 18:08:20.088134,1,,,10.0,44,,0.0,1,1,qd0ydl2t,,,,,0
45,6vadzsod,5d5f07cdca10e90016bc0103,0,24,24,final_screen,EndOfExperiment,2021-12-13 18:08:20.720658,1,,,14.0,45,,0.0,1,1,qd0ydl2t,,,,,0
46,uwodntza,6108649840bf2b927ef3905c,0,24,24,final_screen,EndOfExperiment,2021-12-13 18:08:21.618188,1,,,5.0,46,,0.0,1,1,qd0ydl2t,,,,,0
47,ne8pi757,60ff33eea57872b7188f12e2,0,24,24,final_screen,EndOfExperiment,2021-12-13 18:08:22.418779,1,,,5.0,47,,0.0,1,1,qd0ydl2t,,,,,0
48,gnuvi24w,604fe822b095421e07e3f93e,0,24,24,final_screen,EndOfExperiment,2021-12-13 18:08:24.189549,1,,,5.0,48,,0.0,1,1,qd0ydl2t,,,,,0
49,u9dofqju,614e6cb7ae405c4deb45b906,0,24,24,final_screen,EndOfExperiment,2021-12-13 18:08:24.960197,1,,,0.0,49,,0.0,1,1,qd0ydl2t,,,,,0
50,0u9tb2t4,5cbe04b4f429ff00159de30e,0,24,24,final_screen,EndOfExperiment,2021-12-13 18:08:26.096919,1,,,5.0,50,,0.0,1,1,qd0ydl2t,,,,,0
51,szhfg4f2,55b67c31fdf99b26b999cc1e,0,24,24,final_screen,EndOfExperiment,2021-12-13 18:08:26.533274,1,,,11.0,51,,0.0,1,1,qd0ydl2t,,,,,0
52,0k0jts07,61743e9dc0bc8b79dc07f38b,0,24,24,final_screen,EndOfExperiment,2021-12-13 18:08:26.915317,1,,,10.0,52,,0.0,1,1,qd0ydl2t,,,,,0
53,6yidezg1,600c63a5dfb7171357a02440,0,24,24,final_screen,EndOfExperiment,2021-12-13 18:08:26.956081,1,,,5.0,53,,0.0,1,1,qd0ydl2t,,,,,0
54,49khy4ar,60e9af9a43403df7e5194222,0,24,24,final_screen,EndOfExperiment,2021-12-13 18:08:28.973966,1,,,5.0,54,,0.0,1,1,qd0ydl2t,,,,,0
55,6bykl86q,5ff51b9e26fd088147de9b26,0,24,24,final_screen,EndOfExperiment,2021-12-13 18:08:28.802139,1,,,5.0,55,,0.0,1,1,qd0ydl2t,,,,,0
56,a9aiy57z,5f6e2f793c9b1032dbe72def,0,24,24,final_screen,EndOfExperiment,2021-12-13 18:09:16.769427,1,,,6.0,56,,0.0,1,1,qd0ydl2t,,,,,0
57,xco122d2,6166c0eb123b6e8b34628249,0,24,24,final_screen,EndOfExperiment,2021-12-13 18:09:30.075890,1,,,9.0,57,,0.0,1,1,qd0ydl2t,,,,,0
58,p003be6b,5c0727ff1d461400012b61ee,0,24,24,final_screen,EndOfExperiment,2021-12-13 18:10:45.347984,1,,,5.0,58,,0.0,1,1,qd0ydl2t,,,,,0
59,e9qgbk37,58c1ce3c3783090001b49355,0,24,24,final_screen,EndOfExperiment,2021-12-13 18:10:48.942519,1,,,2.0,59,,0.0,1,1,qd0ydl2t,,,,,0
60,5s6zizk2,60ff0c8a83c4bf36bf52df28,0,24,24,final_screen,EndOfExperiment,2021-12-13 18:10:49.293828,1,,,0.0,60,,0.0,1,1,qd0ydl2t,,,,,0
61,9er92lpd,61648bb6ad1eceeee2c056ee,0,24,24,final_screen,EndOfExperiment,2021-12-13 18:10:49.415088,1,,,4.0,61,,0.0,1,1,qd0ydl2t,,,,,0
62,kllboxqu,5aeeb4903c80f200013af2ed,0,3,24,dictator_human,GroupWaitPage,2021-12-13 18:10:50.443384,1,,,0.0,62,,0.0,1,1,qd0ydl2t,,,,,0
63,1eufia3o,56210effed6e5a000ac7f3a5,0,24,24,final_screen,EndOfExperiment,2021-12-13 18:10:52.128518,1,,,8.0,63,,0.0,1,1,qd0ydl2t,,,,,0
64,hnwichw4,6123c6bc3055eec90f7dbabb,0,24,24,final_screen,EndOfExperiment,2021-12-13 18:10:52.433462,1,,,8.0,64,,0.0,1,1,qd0ydl2t,,,,,0
65,8yvcncm0,5f3c6e44dc97f2aee9a67c7b,0,24,24,final_screen,EndOfExperiment,2021-12-13 18:10:56.458836,1,,,9.0,65,,0.0,1,1,qd0ydl2t,,,,,0
66,gq5sauwh,6085bb66296b0a411198d8fd,0,1,24,introduction,ID,2021-12-13 18:10:56.872483,1,,,0.0,66,,0.0,1,1,qd0ydl2t,,,,,0
67,vh0q9k88,591d369e88bbb500013a8517,0,24,24,final_screen,EndOfExperiment,2021-12-13 18:10:57.354330,1,,,10.0,67,,0.0,1,1,qd0ydl2t,,,,,0
68,9epq8pg4,60fd6ea5d5e5f804bb6fc4cf,0,24,24,final_screen,EndOfExperiment,2021-12-13 18:10:57.347256,1,,,5.0,68,,0.0,1,1,qd0ydl2t,,,,,0
69,6j8din3g,5ea77b0161f86b151f475c8f,0,24,24,final_screen,EndOfExperiment,2021-12-13 18:10:57.527078,1,,,20.0,69,,0.0,1,1,qd0ydl2t,,,,,0
70,9vfequ19,60fdd7f6ec1fd96d3c3a2b7a,0,24,24,final_screen,EndOfExperiment,2021-12-13 18:10:57.900585,1,,,0.0,70,,0.0,1,1,qd0ydl2t,,,,,0
71,esfemhmo,56f9364e895094000c8f4967,0,24,24,final_screen,EndOfExperiment,2021-12-13 18:10:58.377159,1,,,7.0,71,,0.0,1,1,qd0ydl2t,,,,,0
72,luqzin4e,6153cc9cd8ac0521250d0009,0,24,24,final_screen,EndOfExperiment,2021-12-13 18:10:59.882727,1,,,9.0,72,,0.0,1,1,qd0ydl2t,,,,,0
73,vnn258un,6102c8ad26a015adcd8aaac4,0,24,24,final_screen,EndOfExperiment,2021-12-13 18:10:59.735566,1,,,0.0,73,,0.0,1,1,qd0ydl2t,,,,,0
74,xhhvvfu0,5ad4a9f30f5d3900016a4d8b,0,3,24,dictator_human,GroupWaitPage,2021-12-13 18:10:59.889908,1,,,0.0,74,,0.0,1,1,qd0ydl2t,,,,,0
75,rfj7sire,5f4af15a0add63150e16e55a,0,24,24,final_screen,EndOfExperiment,2021-12-13 18:11:00.090262,1,,,8.0,75,,0.0,1,1,qd0ydl2t,,,,,0
76,agoqbey3,58e79ac632bebb0001b741ec,0,24,24,final_screen,EndOfExperiment,2021-12-13 18:11:00.111491,1,,,12.0,76,,0.0,1,1,qd0ydl2t,,,,,0
77,qw17mgq7,5dc59aea37023940a0860dea,0,24,24,final_screen,EndOfExperiment,2021-12-13 18:11:00.244621,1,,,5.0,77,,0.0,1,1,qd0ydl2t,,,,,0
78,z1p5j460,61688317772399d5e4bdcd13,0,24,24,final_screen,EndOfExperiment,2021-12-13 18:11:01.664267,1,,,5.0,78,,0.0,1,1,qd0ydl2t,,,,,0
79,w9io4w7e,5c4fa169ee5ae100010a2057,0,24,24,final_screen,EndOfExperiment,2021-12-13 18:11:02.903566,1,,,5.0,79,,0.0,1,1,qd0ydl2t,,,,,0
80,82oiyban,61643da0ffad2d01e7b988b5,0,24,24,final_screen,EndOfExperiment,2021-12-13 18:11:03.677059,1,,,5.0,80,,0.0,1,1,qd0ydl2t,,,,,0
81,dmclsyyo,5f3ac1732efa0a74f975b1a8,0,24,24,final_screen,EndOfExperiment,2021-12-13 18:11:05.471791,1,,,14.0,81,,0.0,1,1,qd0ydl2t,,,,,0
82,8i481afx,601e1253bbecc3279e4fb472,0,24,24,final_screen,EndOfExperiment,2021-12-13 18:11:10.584757,1,,,10.0,82,,0.0,1,1,qd0ydl2t,,,,,0
83,u8wx92id,61088c529cff73b187d19e6d,0,24,24,final_screen,EndOfExperiment,2021-12-13 18:11:15.665505,1,,,5.0,83,,0.0,1,1,qd0ydl2t,,,,,0
84,tqq8tw11,616d9ef881036dfbfd63d2f4,0,15,24,ultimatum_human_strategy,GroupWaitPage,2021-12-13 18:11:21.989075,1,,,0.0,84,,0.0,1,1,qd0ydl2t,,,,,0
85,2fq6wncr,5f69f9dbe18c880116b0f178,0,24,24,final_screen,EndOfExperiment,2021-12-13 18:11:24.895495,1,,,5.0,85,,0.0,1,1,qd0ydl2t,,,,,0
86,e9xv7r9a,615efd1df11a7d21f0f12f68,0,24,24,final_screen,EndOfExperiment,2021-12-13 18:11:25.570212,1,,,10.0,86,,0.0,1,1,qd0ydl2t,,,,,0
87,yweb1me0,58a50aebbb9e0f0001aca2a7,0,24,24,final_screen,EndOfExperiment,2021-12-13 18:12:04.830789,1,,,0.0,87,,0.0,1,1,qd0ydl2t,,,,,0
88,mf9cno75,568e7144e3ef9e000da20149,0,24,24,final_screen,EndOfExperiment,2021-12-13 18:12:59.806459,1,,,20.0,88,,0.0,1,1,qd0ydl2t,,,,,0
89,xpw8xhd6,5ea90a840928983752c88275,0,24,24,final_screen,EndOfExperiment,2021-12-13 18:13:48.099298,1,,,7.0,89,,0.0,1,1,qd0ydl2t,,,,,0
90,cz5zdcya,60fc7d423aa600bbb01b7813,0,24,24,final_screen,EndOfExperiment,2021-12-13 18:13:52.126950,1,,,5.0,90,,0.0,1,1,qd0ydl2t,,,,,0
91,yvq2p5z2,6095a3cfda27eb98bb3b74f0,0,24,24,final_screen,EndOfExperiment,2021-12-13 18:14:05.878342,1,,,5.0,91,,0.0,1,1,qd0ydl2t,,,,,0
92,nel7r0km,616f727b03e888e0f8213eec,0,24,24,final_screen,EndOfExperiment,2021-12-13 18:15:36.099054,1,,,0.0,92,,0.0,1,1,qd0ydl2t,,,,,0
93,sv2wvcor,5a0b8d4c7ecfc50001be130d,0,24,24,final_screen,EndOfExperiment,2021-12-13 19:03:55.970995,1,,,8.0,93,,0.0,1,1,qd0ydl2t,,,,,0
94,mtpnnixp,5af7094225561e00013acd70,0,24,24,final_screen,EndOfExperiment,2021-12-13 19:03:58.946639,1,,,8.0,94,,0.0,1,1,qd0ydl2t,,,,,0
95,mu9j8amj,5b6259be5256470001bd0c6d,0,24,24,final_screen,EndOfExperiment,2021-12-13 19:03:59.170193,1,,,7.0,95,,0.0,1,1,qd0ydl2t,,,,,0
96,z8jozpro,5eaef287fb863f5c922abad9,0,24,24,final_screen,EndOfExperiment,2021-12-13 19:03:59.412278,1,,,5.0,96,,0.0,1,1,qd0ydl2t,,,,,0
97,sg198n29,5c4684826a7dbc00017c0a87,0,24,24,final_screen,EndOfExperiment,2021-12-13 19:04:00.393404,1,,,10.0,97,,0.0,1,1,qd0ydl2t,,,,,0
98,lijanq5r,5f969b802a498b000aab2571,0,24,24,final_screen,EndOfExperiment,2021-12-13 19:04:01.592382,1,,,6.0,98,,0.0,1,1,qd0ydl2t,,,,,0
99,n4wpbh9w,5e24fbd4e1f467771c234e5f,0,24,24,final_screen,EndOfExperiment,2021-12-13 19:04:02.172850,1,,,9.0,99,,0.0,1,1,qd0ydl2t,,,,,0
100,jvfuq5o8,57d0a0bee3221e00015fe385,0,24,24,final_screen,EndOfExperiment,2021-12-13 19:04:02.931282,1,,,11.0,100,,0.0,1,1,qd0ydl2t,,,,,0
101,lgcx82ab,5f16f559325a640008bb9a07,0,24,24,final_screen,EndOfExperiment,2021-12-13 19:04:03.453300,1,,,2.0,101,,0.0,1,1,qd0ydl2t,,,,,0
102,x38cyic5,5ff591cba89e1b000bfb9852,0,24,24,final_screen,EndOfExperiment,2021-12-13 19:04:03.412675,1,,,0.0,102,,0.0,1,1,qd0ydl2t,,,,,0
103,2yb4bpaa,5a78e410ae9a0b0001a97274,0,24,24,final_screen,EndOfExperiment,2021-12-13 19:04:03.550935,1,,,0.0,103,,0.0,1,1,qd0ydl2t,,,,,0
104,1ygcliwl,5589c7cefdf99b18bd86cf31,0,24,24,final_screen,EndOfExperiment,2021-12-13 19:04:04.697536,1,,,10.0,104,,0.0,1,1,qd0ydl2t,,,,,0
105,vw3q8t1s,5bc0ac845a09ea00012e2d30,0,24,24,final_screen,EndOfExperiment,2021-12-13 19:04:04.705635,1,,,5.0,105,,0.0,1,1,qd0ydl2t,,,,,0
106,mfipp5xl,5c935d881754ba001b25697a,0,24,24,final_screen,EndOfExperiment,2021-12-13 19:04:05.381755,1,,,10.0,106,,0.0,1,1,qd0ydl2t,,,,,0
107,6hxf6bfi,5adeb4e9f6b58c0001fa70aa,0,24,24,final_screen,EndOfExperiment,2021-12-13 19:04:08.913389,1,,,2.0,107,,0.0,1,1,qd0ydl2t,,,,,0
108,lsszarjh,5993020a5f49420001caf86b,0,24,24,final_screen,EndOfExperiment,2021-12-13 19:04:09.095745,1,,,4.0,108,,0.0,1,1,qd0ydl2t,,,,,0
109,ysc121oj,5fefa70c30cadfb105b65915,0,24,24,final_screen,EndOfExperiment,2021-12-13 19:04:09.638753,1,,,5.0,109,,0.0,1,1,qd0ydl2t,,,,,0
110,jhshxvc7,614e2a0633223cd40a849ee3,0,24,24,final_screen,EndOfExperiment,2021-12-13 19:04:09.951214,1,,,5.0,110,,0.0,1,1,qd0ydl2t,,,,,0
111,tbcurf3e,588e8b95670d6600012bd8dc,0,24,24,final_screen,EndOfExperiment,2021-12-13 19:04:10.001510,1,,,15.0,111,,0.0,1,1,qd0ydl2t,,,,,0
112,e3t32v3x,5d37d2861566530016a061de,0,24,24,final_screen,EndOfExperiment,2021-12-13 19:04:10.477684,1,,,11.0,112,,0.0,1,1,qd0ydl2t,,,,,0
113,mec8hjey,56f7982b35c4760006278c61,0,24,24,final_screen,EndOfExperiment,2021-12-13 19:04:10.430003,1,,,9.0,113,,0.0,1,1,qd0ydl2t,,,,,0
114,lbbr4acw,6111986f4a5008037f6fe7f5,0,24,24,final_screen,EndOfExperiment,2021-12-13 19:04:11.361859,1,,,5.0,114,,0.0,1,1,qd0ydl2t,,,,,0
115,ltqflwzf,5f5353ff017c5965165df065,0,24,24,final_screen,EndOfExperiment,2021-12-13 19:04:12.525692,1,,,4.0,115,,0.0,1,1,qd0ydl2t,,,,,0
116,msuhjscb,6101c2aaf8555a745cfb472b,0,24,24,final_screen,EndOfExperiment,2021-12-13 19:04:13.803415,1,,,5.0,116,,0.0,1,1,qd0ydl2t,,,,,0
117,cmcp2nj1,61006ef97b3147b00cccf8cd,0,24,24,final_screen,EndOfExperiment,2021-12-13 19:04:14.443835,1,,,7.0,117,,0.0,1,1,qd0ydl2t,,,,,0
118,yzor1xqf,569cffa09e8363000c3087cd,0,24,24,final_screen,EndOfExperiment,2021-12-13 19:04:14.906508,1,,,7.0,118,,0.0,1,1,qd0ydl2t,,,,,0
119,mud4eavm,5f03ba3355b1f25f0e07a7ff,0,24,24,final_screen,EndOfExperiment,2021-12-13 19:04:18.564602,1,,,0.0,119,,0.0,1,1,qd0ydl2t,,,,,0
120,zy65yaay,5d83c1e911cb3a0001570ea4,0,24,24,final_screen,EndOfExperiment,2021-12-13 19:04:22.869065,1,,,0.0,120,,0.0,1,1,qd0ydl2t,,,,,0
121,byoz9p3d,5dd352c51c219b35931aefd1,0,24,24,final_screen,EndOfExperiment,2021-12-13 19:04:49.905442,1,,,5.0,121,,0.0,1,1,qd0ydl2t,,,,,0
122,iue3q9v1,6107047fbafeaf147ba228c0,0,24,24,final_screen,EndOfExperiment,2021-12-13 19:05:39.812904,1,,,5.0,122,,0.0,1,1,qd0ydl2t,,,,,0
123,irczu8lq,611c566a4412b71fd8fb5e20,0,24,24,final_screen,EndOfExperiment,2021-12-13 19:05:57.585906,1,,,9.0,123,,0.0,1,1,qd0ydl2t,,,,,0
124,2xmfs16y,5bbf916162b9aa00011466a3,0,24,24,final_screen,EndOfExperiment,2021-12-13 19:07:30.304290,1,,,7.0,124,,0.0,1,1,qd0ydl2t,,,,,0
125,vpinomlh,60860909dc3bd4f7efeaef14,0,24,24,final_screen,EndOfExperiment,2021-12-13 19:07:31.573169,1,,,5.0,125,,0.0,1,1,qd0ydl2t,,,,,0
126,2kv6716x,57dd1a741334540001170404,0,24,24,final_screen,EndOfExperiment,2021-12-13 19:07:41.293983,1,,,5.0,126,,0.0,1,1,qd0ydl2t,,,,,0
127,xepotbdr,61573df2a779b544c3729b54,0,24,24,final_screen,EndOfExperiment,2021-12-13 19:07:54.617726,1,,,5.0,127,,0.0,1,1,qd0ydl2t,,,,,0
128,1va28dii,6125b040ffa3c0b9e67b92c9,0,24,24,final_screen,EndOfExperiment,2021-12-13 19:09:13.607291,1,,,0.0,128,,0.0,1,1,qd0ydl2t,,,,,0
129,kt95kpry,561bbdf9811d22000df3138a,0,24,24,final_screen,EndOfExperiment,2021-12-13 19:14:55.956613,1,,,14.0,129,,0.0,1,1,qd0ydl2t,,,,,0
130,j1q2iv7q,5685850c333cbd000d4e042f,0,24,24,final_screen,EndOfExperiment,2021-12-13 19:16:52.777637,1,,,10.0,130,,0.0,1,1,qd0ydl2t,,,,,0
131,8z1q5fo3,5ed88b61ff2fef399ca66d92,0,24,24,final_screen,EndOfExperiment,2021-12-13 19:25:13.295058,1,,,5.0,131,,0.0,1,1,qd0ydl2t,,,,,0
132,q580hxva,600c66fafe6f05135db8ede9,0,24,24,final_screen,EndOfExperiment,2021-12-13 19:25:13.219521,1,,,5.0,132,,0.0,1,1,qd0ydl2t,,,,,0
133,skduf90n,615d051e2366aeb051acb734,0,24,24,final_screen,EndOfExperiment,2021-12-13 19:25:14.386635,1,,,5.0,133,,0.0,1,1,qd0ydl2t,,,,,0
134,lr6bt3x0,5f121091e95fdc03b5e897d0,0,24,24,final_screen,EndOfExperiment,2021-12-13 19:25:14.909302,1,,,5.0,134,,0.0,1,1,qd0ydl2t,,,,,0
135,e7x9xfd1,611ff6cc935b6de3fff0b896,0,24,24,final_screen,EndOfExperiment,2021-12-13 19:25:15.324131,1,,,14.0,135,,0.0,1,1,qd0ydl2t,,,,,0
136,wig7cwr2,610c255527970227a005623e,0,24,24,final_screen,EndOfExperiment,2021-12-13 19:25:15.472972,1,,,10.0,136,,0.0,1,1,qd0ydl2t,,,,,0
137,t84snq20,59a1ddac5dfd6b000152601f,0,24,24,final_screen,EndOfExperiment,2021-12-13 19:25:16.527689,1,,,2.0,137,,0.0,1,1,qd0ydl2t,,,,,0
138,c8dgacxs,5c1655c7ad682500017070d2,0,24,24,final_screen,EndOfExperiment,2021-12-13 19:25:17.347598,1,,,5.0,138,,0.0,1,1,qd0ydl2t,,,,,0
139,fsiu2x0c,61562037d8d42a74687762c6,0,24,24,final_screen,EndOfExperiment,2021-12-13 19:25:17.599569,1,,,5.0,139,,0.0,1,1,qd0ydl2t,,,,,0
140,ydgumf0b,613536e3238caf9fc20ea9e7,0,24,24,final_screen,EndOfExperiment,2021-12-13 19:25:19.229946,1,,,5.0,140,,0.0,1,1,qd0ydl2t,,,,,0
141,vl363n9i,5d5181fc842e8600171e5a78,0,24,24,final_screen,EndOfExperiment,2021-12-13 19:25:22.116014,1,,,4.0,141,,0.0,1,1,qd0ydl2t,,,,,0
142,3zreuv7l,5643708f942576000b66ec22,0,24,24,final_screen,EndOfExperiment,2021-12-13 19:25:22.980988,1,,,11.0,142,,0.0,1,1,qd0ydl2t,,,,,0
143,2u8ezvac,56f2319af2df32000d8fb1a4,0,24,24,final_screen,EndOfExperiment,2021-12-13 19:25:23.656500,1,,,7.0,143,,0.0,1,1,qd0ydl2t,,,,,0
144,2if927q2,60fce0fcf9abe7218c789734,0,24,24,final_screen,EndOfExperiment,2021-12-13 19:25:24.439952,1,,,5.0,144,,0.0,1,1,qd0ydl2t,,,,,0
145,odbmfwqz,614e1095303040298701c095,0,24,24,final_screen,EndOfExperiment,2021-12-13 19:25:26.533647,1,,,5.0,145,,0.0,1,1,qd0ydl2t,,,,,0
146,av8x9511,6150840e2b45145c1520efeb,0,24,24,final_screen,EndOfExperiment,2021-12-13 19:25:27.029934,1,,,5.0,146,,0.0,1,1,qd0ydl2t,,,,,0
147,7tofbjl5,5f5b0f1be585c32184a4cf35,0,24,24,final_screen,EndOfExperiment,2021-12-13 19:25:26.964388,1,,,9.0,147,,0.0,1,1,qd0ydl2t,,,,,0
148,ejgw4dpk,616ed044985dca605e572d22,0,24,24,final_screen,EndOfExperiment,2021-12-13 19:25:29.124235,1,,,9.0,148,,0.0,1,1,qd0ydl2t,,,,,0
149,xl2t38vp,613930f9c3c440ef9a34bf02,0,24,24,final_screen,EndOfExperiment,2021-12-13 19:25:29.897734,1,,,9.0,149,,0.0,1,1,qd0ydl2t,,,,,0
150,00h5bvn6,590208c89571f50001c666e3,0,24,24,final_screen,EndOfExperiment,2021-12-13 19:25:29.774064,1,,,5.0,150,,0.0,1,1,qd0ydl2t,,,,,0
151,ccq98vwt,6058bee6f83bac3e977d4c0b,0,24,24,final_screen,EndOfExperiment,2021-12-13 19:25:30.409704,1,,,10.0,151,,0.0,1,1,qd0ydl2t,,,,,0
152,ybcfvf1p,5ec9fb7d111ab7533578399d,0,24,24,final_screen,EndOfExperiment,2021-12-13 19:25:31.010192,1,,,5.0,152,,0.0,1,1,qd0ydl2t,,,,,0
153,980wem25,5cb62e9293342300017a72a1,0,24,24,final_screen,EndOfExperiment,2021-12-13 19:25:34.254122,1,,,8.0,153,,0.0,1,1,qd0ydl2t,,,,,0
154,2zaozzf5,5ec329937b846b182b00509c,0,24,24,final_screen,EndOfExperiment,2021-12-13 19:25:35.037352,1,,,15.0,154,,0.0,1,1,qd0ydl2t,,,,,0
155,613xyzfc,60c4e1091b936c7b812e5af4,0,24,24,final_screen,EndOfExperiment,2021-12-13 19:25:36.727359,1,,,5.0,155,,0.0,1,1,qd0ydl2t,,,,,0
156,004x5qbb,615bbe1b45c3c2e904778bce,0,24,24,final_screen,EndOfExperiment,2021-12-13 19:25:43.045696,1,,,7.0,156,,0.0,1,1,qd0ydl2t,,,,,0
157,qmri60lo,60d7d5dc074e8bc367732eb6,0,24,24,final_screen,EndOfExperiment,2021-12-13 19:25:45.558927,1,,,0.0,157,,0.0,1,1,qd0ydl2t,,,,,0
158,vof4sij4,5d7ff85ffec5620017b07c40,0,24,24,final_screen,EndOfExperiment,2021-12-13 19:25:46.819323,1,,,5.0,158,,0.0,1,1,qd0ydl2t,,,,,0
159,gj4zstza,5f36bde6d3369c0cadac39bf,0,24,24,final_screen,EndOfExperiment,2021-12-13 19:25:56.025292,1,,,6.0,159,,0.0,1,1,qd0ydl2t,,,,,0
160,zxxdc9ro,601478ee2d7cc94b1f1855ec,0,24,24,final_screen,EndOfExperiment,2021-12-13 19:26:03.040166,1,,,9.0,160,,0.0,1,1,qd0ydl2t,,,,,0
161,8om0ndzs,611157c508ec60f3cfb2628e,0,24,24,final_screen,EndOfExperiment,2021-12-13 19:26:06.652372,1,,,5.0,161,,0.0,1,1,qd0ydl2t,,,,,0
162,wctpvxij,5d548912e1c7130018e019dc,0,24,24,final_screen,EndOfExperiment,2021-12-13 19:26:09.577414,1,,,5.0,162,,0.0,1,1,qd0ydl2t,,,,,0
163,lpehbsgv,5f5107258dac162ba31673d1,0,24,24,final_screen,EndOfExperiment,2021-12-13 19:26:31.227477,1,,,7.0,163,,0.0,1,1,qd0ydl2t,,,,,0
164,qj1g2oh6,61076aea3f9aa048a71a4c8d,0,24,24,final_screen,EndOfExperiment,2021-12-13 19:26:49.866462,1,,,3.0,164,,0.0,1,1,qd0ydl2t,,,,,0
165,y71npum7,59d5c894c732930001d88b5e,0,24,24,final_screen,EndOfExperiment,2021-12-13 19:27:17.747585,1,,,9.0,165,,0.0,1,1,qd0ydl2t,,,,,0
166,ub5vamfz,5d4a41890e604c00011ade8b,0,24,24,final_screen,EndOfExperiment,2021-12-13 19:27:38.777408,1,,,8.0,166,,0.0,1,1,qd0ydl2t,,,,,0
167,sjoghnj1,5ec403bb09d0e02a060bd5e6,0,24,24,final_screen,EndOfExperiment,2021-12-13 19:28:22.718292,1,,,5.0,167,,0.0,1,1,qd0ydl2t,,,,,0
168,rnim5057,61023e0830e893bec6bd8f3c,0,24,24,final_screen,EndOfExperiment,2021-12-13 19:30:21.096528,1,,,0.0,168,,0.0,1,1,qd0ydl2t,,,,,0
169,4j7671v4,610b3dc97b4bd5a01da75f44,0,3,24,dictator_human,GroupWaitPage,2021-12-13 19:36:28.147577,1,,,0.0,169,,0.0,1,1,qd0ydl2t,,,,,0
170,jvvmoq6m,613646cde4d38f8b78223fa6,0,3,24,dictator_human,GroupWaitPage,2021-12-13 19:43:59.429521,1,,,0.0,170,,0.0,1,1,qd0ydl2t,,,,,0
171,trif00ly,6104696d120a50b0ec51aa1f,0,24,24,final_screen,EndOfExperiment,2021-12-13 19:52:03.429518,1,,,8.0,171,,0.0,1,1,qd0ydl2t,,,,,0
172,jh9cdcvn,5fc521555cd05b000cfe0998,0,8,24,trust_human_strategy,GroupWaitPage,2021-12-13 19:52:05.473638,1,,,0.0,172,,0.0,1,1,qd0ydl2t,,,,,0
173,91ulmfwg,5b5a822e1ad8270001c4f28d,0,24,24,final_screen,EndOfExperiment,2021-12-13 19:52:05.887842,1,,,2.0,173,,0.0,1,1,qd0ydl2t,,,,,0
174,32uh1e5i,5f871995a3c40d0cbee04d20,0,24,24,final_screen,EndOfExperiment,2021-12-13 19:52:06.596432,1,,,0.0,174,,0.0,1,1,qd0ydl2t,,,,,0
175,arg0sn3j,5f78ce64cb5f144a98a4fa38,0,24,24,final_screen,EndOfExperiment,2021-12-13 19:52:06.857331,1,,,7.0,175,,0.0,1,1,qd0ydl2t,,,,,0
176,hr347og3,5a4a94fef7b7bc00014e1462,0,24,24,final_screen,EndOfExperiment,2021-12-13 19:52:07.404263,1,,,3.0,176,,0.0,1,1,qd0ydl2t,,,,,0
177,rkjp1ex4,5ed543442db0060a955d12e1,0,24,24,final_screen,EndOfExperiment,2021-12-13 19:52:08.965450,1,,,13.0,177,,0.0,1,1,qd0ydl2t,,,,,0
178,qoiafhmd,5f8cbc5c355ea745e6cef2ca,0,24,24,final_screen,EndOfExperiment,2021-12-13 19:52:12.423253,1,,,6.0,178,,0.0,1,1,qd0ydl2t,,,,,0
179,c8i9z21r,6144b5b7af5fefae377c46f9,0,18,24,ultimatum_human_strategy,Belief,2021-12-13 19:52:15.564815,1,,,0.0,179,,0.0,1,1,qd0ydl2t,,,,,0
180,732n0ryd,60b51c99ade9ff3585dff9e7,0,20,24,ultimatum_human_strategy,ResultsWaitPage,2021-12-13 19:52:17.890817,1,,,0.0,180,,0.0,1,1,qd0ydl2t,,,,,0
181,8lksrk9l,5f9057735c69b00e72665f84,0,24,24,final_screen,EndOfExperiment,2021-12-13 19:52:26.678453,1,,,5.0,181,,0.0,1,1,qd0ydl2t,,,,,0
182,gzr2fzln,6003361889252e03cebd8fff,0,24,24,final_screen,EndOfExperiment,2021-12-13 19:52:41.693066,1,,,5.0,182,,0.0,1,1,qd0ydl2t,,,,,0
183,mjbz5k6x,5f2c4bf4e4f3080e6a469fcc,0,24,24,final_screen,EndOfExperiment,2021-12-13 19:54:54.048173,1,,,8.0,183,,0.0,1,1,qd0ydl2t,,,,,0
184,0gmwfjr6,,0,1,24,introduction,ID,2021-12-13 20:05:11.286089,1,,,0.0,184,,0.0,1,1,qd0ydl2t,,,,,0
185,4sv480se,578e6c599bd3d70001e5057f,0,24,24,final_screen,EndOfExperiment,2021-12-13 20:06:22.079613,1,,,7.0,185,,0.0,1,1,qd0ydl2t,,,,,0
186,1oozkowk,5c2c62542c45d400014a32e6,0,24,24,final_screen,EndOfExperiment,2021-12-13 20:06:23.149720,1,,,5.0,186,,0.0,1,1,qd0ydl2t,,,,,0
187,2xj0c796,5eeb19d4e0d561256d56d129,0,24,24,final_screen,EndOfExperiment,2021-12-13 20:06:30.767106,1,,,5.0,187,,0.0,1,1,qd0ydl2t,,,,,0
188,615f7vt1,616d6463aa6ae2ee832b3804,0,24,24,final_screen,EndOfExperiment,2021-12-13 20:07:29.164868,1,,,5.0,188,,0.0,1,1,qd0ydl2t,,,,,0
189,8vbjrfi4,,0,1,24,introduction,ID,2021-12-13 20:09:00.214577,1,,,0.0,189,,0.0,1,1,qd0ydl2t,,,,,0
190,yaxrelpr,,0,1,24,introduction,ID,2021-12-13 20:09:00.906346,1,,,0.0,190,,0.0,1,1,qd0ydl2t,,,,,0
191,sw7dx1vi,612bb0204ad8e7e8bed041eb,0,24,24,final_screen,EndOfExperiment,2021-12-13 20:11:26.833382,1,,,7.0,191,,0.0,1,1,qd0ydl2t,,,,,0
192,x9eit64h,576704bffdff7a0001c12890,0,24,24,final_screen,EndOfExperiment,2021-12-13 20:12:35.728821,1,,,5.0,192,,0.0,1,1,qd0ydl2t,,,,,0
193,x003wam1,610421096c1af729ade5aac1,0,3,24,dictator_human,GroupWaitPage,2021-12-13 20:13:29.215207,1,,,0.0,193,,0.0,1,1,qd0ydl2t,,,,,0
194,ddvx3c0t,,0,1,24,introduction,ID,2021-12-13 20:15:26.109305,1,,,0.0,194,,0.0,1,1,qd0ydl2t,,,,,0
195,q1n6k7uk,,0,1,24,introduction,ID,2021-12-13 20:15:26.807454,1,,,0.0,195,,0.0,1,1,qd0ydl2t,,,,,0
196,8vp2iozc,,0,1,24,introduction,ID,2021-12-13 20:15:27.480202,1,,,0.0,196,,0.0,1,1,qd0ydl2t,,,,,0
197,niss9fk1,5e39d872793a082024d9cf18,0,24,24,final_screen,EndOfExperiment,2021-12-13 20:16:13.294238,1,,,7.0,197,,0.0,1,1,qd0ydl2t,,,,,0
198,gxmau85u,5c9c3ae2d40ce20014233de6,0,24,24,final_screen,EndOfExperiment,2021-12-13 20:16:16.523777,1,,,5.0,198,,0.0,1,1,qd0ydl2t,,,,,0
199,pyipcmby,,0,1,24,introduction,ID,2021-12-13 20:18:43.561221,1,,,0.0,199,,0.0,1,1,qd0ydl2t,,,,,0
200,gx9s67q4,,0,1,24,introduction,ID,2021-12-13 20:18:44.060821,1,,,0.0,200,,0.0,1,1,qd0ydl2t,,,,,0
201,pd1drqi9,,0,0,24,,,,0,,,0.0,201,,0.0,1,1,qd0ydl2t,,,,,0
202,g6w25ibn,,0,0,24,,,,0,,,0.0,202,,0.0,1,1,qd0ydl2t,,,,,0
203,b38opbgm,,0,0,24,,,,0,,,0.0,203,,0.0,1,1,qd0ydl2t,,,,,0
204,a6oz6oxc,,0,0,24,,,,0,,,0.0,204,,0.0,1,1,qd0ydl2t,,,,,0
205,4wxv4gkq,,0,0,24,,,,0,,,0.0,205,,0.0,1,1,qd0ydl2t,,,,,0
206,7ysdut3q,,0,0,24,,,,0,,,0.0,206,,0.0,1,1,qd0ydl2t,,,,,0
207,lgnvs597,,0,0,24,,,,0,,,0.0,207,,0.0,1,1,qd0ydl2t,,,,,0
208,4vd0dxtq,,0,0,24,,,,0,,,0.0,208,,0.0,1,1,qd0ydl2t,,,,,0
209,tvng7k9j,,0,0,24,,,,0,,,0.0,209,,0.0,1,1,qd0ydl2t,,,,,0
210,u5sbo8h8,,0,0,24,,,,0,,,0.0,210,,0.0,1,1,qd0ydl2t,,,,,0
211,m3u6afqr,,0,0,24,,,,0,,,0.0,211,,0.0,1,1,qd0ydl2t,,,,,0
212,mx7d11e7,,0,0,24,,,,0,,,0.0,212,,0.0,1,1,qd0ydl2t,,,,,0
213,q2v1te31,,0,0,24,,,,0,,,0.0,213,,0.0,1,1,qd0ydl2t,,,,,0
214,23tqw0rs,,0,0,24,,,,0,,,0.0,214,,0.0,1,1,qd0ydl2t,,,,,0
215,gkkjt4dm,,0,0,24,,,,0,,,0.0,215,,0.0,1,1,qd0ydl2t,,,,,0
216,az5wubfn,,0,0,24,,,,0,,,0.0,216,,0.0,1,1,qd0ydl2t,,,,,0
217,qefn0us6,,0,0,24,,,,0,,,0.0,217,,0.0,1,1,qd0ydl2t,,,,,0
218,dldpzy6k,,0,0,24,,,,0,,,0.0,218,,0.0,1,1,qd0ydl2t,,,,,0
219,l4u30i13,,0,0,24,,,,0,,,0.0,219,,0.0,1,1,qd0ydl2t,,,,,0
220,q03z3j91,,0,0,24,,,,0,,,0.0,220,,0.0,1,1,qd0ydl2t,,,,,0
221,a8ir6xfx,,0,0,24,,,,0,,,0.0,221,,0.0,1,1,qd0ydl2t,,,,,0
222,yt816mkk,,0,0,24,,,,0,,,0.0,222,,0.0,1,1,qd0ydl2t,,,,,0
223,fu9j2nja,,0,0,24,,,,0,,,0.0,223,,0.0,1,1,qd0ydl2t,,,,,0
224,qas5g6vd,,0,0,24,,,,0,,,0.0,224,,0.0,1,1,qd0ydl2t,,,,,0
225,9ubn528w,,0,0,24,,,,0,,,0.0,225,,0.0,1,1,qd0ydl2t,,,,,0
226,x9es7xns,,0,0,24,,,,0,,,0.0,226,,0.0,1,1,qd0ydl2t,,,,,0
227,t3c5uw0h,,0,0,24,,,,0,,,0.0,227,,0.0,1,1,qd0ydl2t,,,,,0
228,v26sf7cr,,0,0,24,,,,0,,,0.0,228,,0.0,1,1,qd0ydl2t,,,,,0
229,qi2ozrxw,,0,0,24,,,,0,,,0.0,229,,0.0,1,1,qd0ydl2t,,,,,0
230,r77dwlxj,,0,0,24,,,,0,,,0.0,230,,0.0,1,1,qd0ydl2t,,,,,0
231,js8m8h7i,,0,0,24,,,,0,,,0.0,231,,0.0,1,1,qd0ydl2t,,,,,0
232,z2lq51lz,,0,0,24,,,,0,,,0.0,232,,0.0,1,1,qd0ydl2t,,,,,0
233,l3717s6x,,0,0,24,,,,0,,,0.0,233,,0.0,1,1,qd0ydl2t,,,,,0
234,qvxwuvvl,,0,0,24,,,,0,,,0.0,234,,0.0,1,1,qd0ydl2t,,,,,0
235,667n2n0n,,0,0,24,,,,0,,,0.0,235,,0.0,1,1,qd0ydl2t,,,,,0
236,0yhw8ru7,,0,0,24,,,,0,,,0.0,236,,0.0,1,1,qd0ydl2t,,,,,0
237,brlqxw5r,,0,0,24,,,,0,,,0.0,237,,0.0,1,1,qd0ydl2t,,,,,0
238,so6lp2d5,,0,0,24,,,,0,,,0.0,238,,0.0,1,1,qd0ydl2t,,,,,0
239,nnkwz3d3,,0,0,24,,,,0,,,0.0,239,,0.0,1,1,qd0ydl2t,,,,,0
240,o9erziq3,,0,0,24,,,,0,,,0.0,240,,0.0,1,1,qd0ydl2t,,,,,0
241,snwui0os,,0,0,24,,,,0,,,0.0,241,,0.0,1,1,qd0ydl2t,,,,,0
242,rm6pzg1n,,0,0,24,,,,0,,,0.0,242,,0.0,1,1,qd0ydl2t,,,,,0
243,e4qr6jwx,,0,0,24,,,,0,,,0.0,243,,0.0,1,1,qd0ydl2t,,,,,0
244,g4azszo6,,0,0,24,,,,0,,,0.0,244,,0.0,1,1,qd0ydl2t,,,,,0
245,54ef7w2q,,0,0,24,,,,0,,,0.0,245,,0.0,1,1,qd0ydl2t,,,,,0
246,ri3hp5kr,,0,0,24,,,,0,,,0.0,246,,0.0,1,1,qd0ydl2t,,,,,0
247,hi9kbxvi,,0,0,24,,,,0,,,0.0,247,,0.0,1,1,qd0ydl2t,,,,,0
248,6lz8u2dz,,0,0,24,,,,0,,,0.0,248,,0.0,1,1,qd0ydl2t,,,,,0
249,kgy3y9rp,,0,0,24,,,,0,,,0.0,249,,0.0,1,1,qd0ydl2t,,,,,0
250,8omz1523,,0,0,24,,,,0,,,0.0,250,,0.0,1,1,qd0ydl2t,,,,,0
251,ie27asyv,,0,0,24,,,,0,,,0.0,251,,0.0,1,1,qd0ydl2t,,,,,0
252,oar7dg5j,,0,0,24,,,,0,,,0.0,252,,0.0,1,1,qd0ydl2t,,,,,0
253,8efejnix,,0,0,24,,,,0,,,0.0,253,,0.0,1,1,qd0ydl2t,,,,,0
254,7bi9lxav,,0,0,24,,,,0,,,0.0,254,,0.0,1,1,qd0ydl2t,,,,,0
255,n9wz87tj,,0,0,24,,,,0,,,0.0,255,,0.0,1,1,qd0ydl2t,,,,,0
256,2at3hxg1,,0,0,24,,,,0,,,0.0,256,,0.0,1,1,qd0ydl2t,,,,,0
257,c6uzeygc,,0,0,24,,,,0,,,0.0,257,,0.0,1,1,qd0ydl2t,,,,,0
258,7tje42xz,,0,0,24,,,,0,,,0.0,258,,0.0,1,1,qd0ydl2t,,,,,0
259,o2zk8p9n,,0,0,24,,,,0,,,0.0,259,,0.0,1,1,qd0ydl2t,,,,,0
260,nw2xku3n,,0,0,24,,,,0,,,0.0,260,,0.0,1,1,qd0ydl2t,,,,,0
261,3eh4nxz6,,0,0,24,,,,0,,,0.0,261,,0.0,1,1,qd0ydl2t,,,,,0
262,4kmn3a86,,0,0,24,,,,0,,,0.0,262,,0.0,1,1,qd0ydl2t,,,,,0
263,fqbxfndw,,0,0,24,,,,0,,,0.0,263,,0.0,1,1,qd0ydl2t,,,,,0
264,e2bxgiww,,0,0,24,,,,0,,,0.0,264,,0.0,1,1,qd0ydl2t,,,,,0
265,fkz8lnd2,,0,0,24,,,,0,,,0.0,265,,0.0,1,1,qd0ydl2t,,,,,0
266,fz05b6hv,,0,0,24,,,,0,,,0.0,266,,0.0,1,1,qd0ydl2t,,,,,0
267,yxhk5foj,,0,0,24,,,,0,,,0.0,267,,0.0,1,1,qd0ydl2t,,,,,0
268,ef1tf9z2,,0,0,24,,,,0,,,0.0,268,,0.0,1,1,qd0ydl2t,,,,,0
269,4uce8egy,,0,0,24,,,,0,,,0.0,269,,0.0,1,1,qd0ydl2t,,,,,0
270,ax2g8h95,,0,0,24,,,,0,,,0.0,270,,0.0,1,1,qd0ydl2t,,,,,0
271,dyliwv8q,,0,0,24,,,,0,,,0.0,271,,0.0,1,1,qd0ydl2t,,,,,0
272,277sbbr8,,0,0,24,,,,0,,,0.0,272,,0.0,1,1,qd0ydl2t,,,,,0
273,hr4rdwt1,,0,0,24,,,,0,,,0.0,273,,0.0,1,1,qd0ydl2t,,,,,0
274,uiuw9ws3,,0,0,24,,,,0,,,0.0,274,,0.0,1,1,qd0ydl2t,,,,,0
275,j585gykq,,0,0,24,,,,0,,,0.0,275,,0.0,1,1,qd0ydl2t,,,,,0
276,ufkswnvv,,0,0,24,,,,0,,,0.0,276,,0.0,1,1,qd0ydl2t,,,,,0
277,ccwu15nu,,0,0,24,,,,0,,,0.0,277,,0.0,1,1,qd0ydl2t,,,,,0
278,95sl2ouo,,0,0,24,,,,0,,,0.0,278,,0.0,1,1,qd0ydl2t,,,,,0
279,cwcuf05a,,0,0,24,,,,0,,,0.0,279,,0.0,1,1,qd0ydl2t,,,,,0
280,f45gz5sh,,0,0,24,,,,0,,,0.0,280,,0.0,1,1,qd0ydl2t,,,,,0
281,r34ybke3,,0,0,24,,,,0,,,0.0,281,,0.0,1,1,qd0ydl2t,,,,,0
282,39m0dwwb,,0,0,24,,,,0,,,0.0,282,,0.0,1,1,qd0ydl2t,,,,,0
283,b8lhqinz,,0,0,24,,,,0,,,0.0,283,,0.0,1,1,qd0ydl2t,,,,,0
284,jc9nxg9q,,0,0,24,,,,0,,,0.0,284,,0.0,1,1,qd0ydl2t,,,,,0
285,ijk5y9mk,,0,0,24,,,,0,,,0.0,285,,0.0,1,1,qd0ydl2t,,,,,0
286,5741uvnw,,0,0,24,,,,0,,,0.0,286,,0.0,1,1,qd0ydl2t,,,,,0
287,ezttzl40,,0,0,24,,,,0,,,0.0,287,,0.0,1,1,qd0ydl2t,,,,,0
288,p5i660pk,,0,0,24,,,,0,,,0.0,288,,0.0,1,1,qd0ydl2t,,,,,0
289,ixjajjjd,,0,0,24,,,,0,,,0.0,289,,0.0,1,1,qd0ydl2t,,,,,0
290,m8zte8ai,,0,0,24,,,,0,,,0.0,290,,0.0,1,1,qd0ydl2t,,,,,0
291,if84884q,,0,0,24,,,,0,,,0.0,291,,0.0,1,1,qd0ydl2t,,,,,0
292,i5r37z6u,,0,0,24,,,,0,,,0.0,292,,0.0,1,1,qd0ydl2t,,,,,0
293,62zxu63j,,0,0,24,,,,0,,,0.0,293,,0.0,1,1,qd0ydl2t,,,,,0
294,yt8qdxrm,,0,0,24,,,,0,,,0.0,294,,0.0,1,1,qd0ydl2t,,,,,0
295,3rm597s1,,0,0,24,,,,0,,,0.0,295,,0.0,1,1,qd0ydl2t,,,,,0
296,mye2daj3,,0,0,24,,,,0,,,0.0,296,,0.0,1,1,qd0ydl2t,,,,,0
297,8du6ocew,,0,0,24,,,,0,,,0.0,297,,0.0,1,1,qd0ydl2t,,,,,0
298,poo7uaji,,0,0,24,,,,0,,,0.0,298,,0.0,1,1,qd0ydl2t,,,,,0
299,bi860uv4,,0,0,24,,,,0,,,0.0,299,,0.0,1,1,qd0ydl2t,,,,,0
300,0kwqthgn,,0,0,24,,,,0,,,0.0,300,,0.0,1,1,qd0ydl2t,,,,,0
